,A1,A2,A3,A4,A5,A6,A7,A8,A9,A10,A11,A12,A13,A14
380,1.0,0.6561604584527221,0.5327102803738317,1.0,0.24475524475524477,1.0,0.2366412213740458,1.0,0.0,0.22727272727272727,0.0,1.0,0.19411764705882353,0.6443514644351465
253,1.0,0.5272206303724928,0.1822429906542056,1.0,0.42657342657342656,1.0,0.21374045801526717,0.0,1.0,0.0,1.0,1.0,0.21764705882352942,0.0
650,1.0,0.3037249283667622,0.14953271028037382,1.0,0.5244755244755245,1.0,0.32061068702290074,1.0,1.0,0.0,0.0,1.0,0.5705882352941176,0.0
513,0.0,0.7765042979942693,0.7429906542056075,1.0,0.5244755244755245,1.0,0.6412213740458015,1.0,0.0,0.3181818181818182,0.0,1.0,0.0,0.0
54,1.0,0.3495702005730659,0.3598130841121495,0.3078393881453155,0.5244755244755245,0.3283582089552239,0.6564885496183206,0.0,0.0,0.09090909090909091,0.0,1.0,0.6941176470588235,0.0041841004184100415
49,0.0,0.8796561604584527,0.9112149532710281,1.0,1.0,1.0,0.7022900763358778,1.0,0.0,0.6363636363636364,1.0,1.0,0.0,0.7824267782426778
130,0.0,0.2607449856733524,0.8364485981308412,1.0,0.35664335664335667,1.0,0.2748091603053435,1.0,0.0,0.5454545454545454,0.0,1.0,0.21764705882352942,0.502092050209205
99,0.0,0.1318051575931232,0.1308411214953271,1.0,0.5244755244755245,1.0,0.2900763358778626,1.0,0.0,0.045454545454545456,1.0,1.0,0.0,0.0
396,0.0,0.1977077363896848,0.6308411214953271,1.0,0.5244755244755245,1.0,0.32061068702290074,1.0,0.0,0.45454545454545453,1.0,1.0,0.13529411764705881,0.6192468619246861
572,0.0,0.7048710601719198,0.14953271028037382,1.0,0.3916083916083916,0.1318407960199005,0.3893129770992366,1.0,1.0,0.0,0.0,1.0,0.0,0.3891213389121339
669,1.0,0.05157593123209169,0.43457943925233644,1.0,1.0,1.0,0.04580152671755725,0.0,1.0,0.0,1.0,0.07941653160453808,0.13529411764705881,0.0
671,1.0,0.2034383954154728,0.308411214953271,0.3078393881453155,1.0,0.3283582089552239,0.45038167938931295,1.0,1.0,0.0,1.0,1.0,0.0,0.0
286,1.0,0.9742120343839542,0.7616822429906542,1.0,0.15384615384615385,0.004975124378109453,0.9923664122137404,1.0,0.0,0.3181818181818182,0.0,1.0,0.023529411764705882,0.0
199,1.0,0.5071633237822349,0.3037383177570093,1.0,0.35664335664335667,1.0,0.32061068702290074,0.0,0.0,0.09090909090909091,0.0,1.0,0.9647058823529412,0.0
492,1.0,0.8624641833810889,0.2570093457943925,0.3078393881453155,0.34965034965034963,0.12686567164179105,0.2748091603053435,0.0,1.0,0.0,1.0,1.0,0.21764705882352942,0.0041841004184100415
638,1.0,0.32664756446991405,0.2523364485981308,1.0,0.1888111888111888,1.0,0.1450381679389313,0.0,1.0,0.0,0.0,1.0,0.13529411764705881,0.0
454,0.0,0.1977077363896848,0.7616822429906542,0.3078393881453155,0.5244755244755245,1.0,0.48854961832061067,1.0,1.0,0.0,0.0,1.0,0.5470588235294118,0.0
398,1.0,0.22349570200573066,0.8457943925233645,1.0,1.0,1.0,0.022900763358778626,0.0,0.0,0.09090909090909091,1.0,1.0,0.0,0.9037656903765691
486,1.0,0.9312320916905444,0.5747663551401869,1.0,0.24475524475524477,1.0,0.9389312977099237,1.0,0.0,0.2727272727272727,0.0,1.0,0.6823529411764706,0.694560669456067
618,1.0,0.166189111747851,0.12149532710280374,0.3078393881453155,0.26573426573426573,1.0,0.1297709923664122,0.0,1.0,0.0,1.0,1.0,0.3058823529411765,0.0
377,1.0,0.46418338108882523,0.09345794392523364,1.0,0.3356643356643357,1.0,0.04580152671755725,0.0,1.0,0.0,1.0,1.0,0.7235294117647059,0.7531380753138075
459,1.0,0.2177650429799427,0.7850467289719626,1.0,0.3916083916083916,1.0,0.549618320610687,1.0,0.0,0.4090909090909091,1.0,1.0,0.09411764705882353,0.5564853556485355
290,1.0,0.49283667621776506,0.5887850467289719,1.0,0.15384615384615385,0.1318407960199005,0.2900763358778626,1.0,1.0,0.0,0.0,0.07941653160453808,0.7941176470588235,0.0
319,0.0,0.25501432664756446,0.8504672897196262,1.0,1.0,0.1318407960199005,0.6335877862595419,1.0,0.0,0.09090909090909091,1.0,1.0,0.11764705882352941,0.4560669456066946
619,1.0,0.36962750716332377,0.48598130841121495,1.0,0.24475524475524477,1.0,0.6335877862595419,1.0,0.0,0.09090909090909091,1.0,1.0,0.7941176470588235,0.029288702928870293
185,1.0,0.44126074498567336,0.3037383177570093,1.0,0.26573426573426573,0.3283582089552239,0.3893129770992366,0.0,1.0,0.0,0.0,0.07941653160453808,0.6470588235294118,0.0
424,1.0,0.1518624641833811,0.04205607476635514,0.3078393881453155,1.0,0.3283582089552239,0.04580152671755725,0.0,1.0,0.0,1.0,1.0,0.5705882352941176,0.32217573221757323
659,1.0,0.24068767908309455,0.09813084112149532,1.0,1.0,1.0,0.030534351145038167,0.0,1.0,0.0,1.0,1.0,0.18235294117647058,0.0
203,0.0,0.2808022922636103,0.2616822429906542,1.0,1.0,0.3283582089552239,0.4732824427480916,1.0,1.0,0.0,0.0,1.0,0.6823529411764706,0.0041841004184100415
522,0.0,0.37822349570200575,0.14953271028037382,1.0,0.5244755244755245,1.0,0.19083969465648856,1.0,0.0,0.09090909090909091,0.0,1.0,0.3235294117647059,0.4769874476987448
408,1.0,0.8853868194842407,0.6822429906542056,1.0,0.15384615384615385,1.0,0.8473282442748091,1.0,0.0,0.22727272727272727,1.0,1.0,0.0,0.0
354,1.0,0.1833810888252149,0.2897196261682243,1.0,0.3356643356643357,1.0,0.1450381679389313,0.0,1.0,0.0,1.0,1.0,0.36470588235294116,0.0
430,0.0,0.7936962750716332,0.11682242990654206,1.0,0.5244755244755245,0.3283582089552239,0.4732824427480916,1.0,0.0,0.045454545454545456,1.0,1.0,0.6411764705882353,0.602510460251046
537,1.0,0.1833810888252149,0.1261682242990654,1.0,1.0,0.3283582089552239,0.3816793893129771,0.0,1.0,0.0,0.0,1.0,0.22941176470588234,0.0
285,1.0,0.2722063037249284,0.2336448598130841,1.0,0.24475524475524477,1.0,0.3053435114503817,1.0,0.0,0.045454545454545456,0.0,1.0,0.7470588235294118,0.08368200836820083
295,1.0,0.8624641833810889,0.3364485981308411,0.3078393881453155,0.34965034965034963,0.12686567164179105,0.2748091603053435,0.0,1.0,0.0,1.0,1.0,0.36470588235294116,0.016736401673640166
658,0.0,0.05157593123209169,0.0,0.3078393881453155,0.04895104895104895,0.12686567164179105,0.0,0.0,1.0,0.0,1.0,1.0,0.1411764705882353,0.0
591,1.0,0.4584527220630373,0.9532710280373832,1.0,1.0,1.0,0.7633587786259542,1.0,0.0,0.7272727272727273,1.0,1.0,0.0,0.8870292887029289
160,1.0,0.5386819484240688,0.3037383177570093,1.0,1.0,1.0,0.19083969465648856,0.0,1.0,0.0,1.0,1.0,0.8529411764705882,0.06694560669456066
577,0.0,0.8767908309455588,0.5700934579439252,1.0,0.35664335664335667,0.3283582089552239,0.48854961832061067,0.0,1.0,0.0,1.0,1.0,0.0,0.0
125,1.0,0.18051575931232092,0.12149532710280374,1.0,0.42657342657342656,1.0,0.05343511450381679,0.0,0.0,0.045454545454545456,1.0,1.0,0.7941176470588235,0.37656903765690375
299,1.0,0.0659025787965616,0.29906542056074764,1.0,1.0,0.0,0.183206106870229,0.0,0.0,0.09090909090909091,0.0,1.0,0.3058823529411765,0.5104602510460251
284,1.0,0.4670487106017192,0.11682242990654206,0.3078393881453155,0.35664335664335667,1.0,0.549618320610687,0.0,1.0,0.0,0.0,1.0,0.6235294117647059,0.0
464,0.0,0.9283667621776505,0.2523364485981308,1.0,0.34965034965034963,0.12686567164179105,0.7480916030534351,0.0,0.0,0.045454545454545456,1.0,1.0,0.0,0.04184100418410042
174,0.0,0.23209169054441262,0.6448598130841121,1.0,0.5244755244755245,1.0,0.8320610687022901,1.0,0.0,0.22727272727272727,0.0,1.0,0.21764705882352942,0.0
146,1.0,0.997134670487106,0.9766355140186916,1.0,0.15384615384615385,0.004975124378109453,0.9083969465648855,1.0,0.0,0.045454545454545456,0.0,1.0,0.0,0.2175732217573222
177,0.0,0.8825214899713467,0.02336448598130841,1.0,0.34965034965034963,0.12686567164179105,0.0,0.0,1.0,0.0,0.0,0.07941653160453808,0.10588235294117647,0.10460251046025104
446,1.0,0.8567335243553008,0.004672897196261682,1.0,0.24475524475524477,0.3283582089552239,0.007633587786259542,1.0,1.0,0.0,1.0,1.0,0.0,0.8326359832635983
21,0.0,0.09742120343839542,0.08878504672897196,0.3078393881453155,0.35664335664335667,1.0,0.11450381679389313,1.0,1.0,0.0,0.0,1.0,0.3058823529411765,0.0
310,1.0,0.1489971346704871,0.7102803738317757,0.3078393881453155,0.15384615384615385,0.3283582089552239,0.22900763358778625,0.0,1.0,0.0,1.0,1.0,0.5352941176470588,0.0
329,1.0,0.8739255014326648,0.2102803738317757,1.0,0.1888111888111888,1.0,0.5572519083969466,0.0,1.0,0.0,0.0,1.0,0.0,0.41841004184100417
423,0.0,0.24355300859598855,0.07476635514018691,1.0,0.5244755244755245,0.3283582089552239,0.22900763358778625,1.0,0.0,0.045454545454545456,1.0,1.0,0.0,0.5313807531380753
685,1.0,0.46418338108882523,0.7429906542056075,1.0,0.24475524475524477,1.0,0.7480916030534351,1.0,1.0,0.0,1.0,1.0,0.0,0.0
78,1.0,0.2177650429799427,0.0,1.0,0.3356643356643357,1.0,0.19083969465648856,0.0,0.0,0.5,1.0,0.07941653160453808,0.0,0.0
250,1.0,0.24355300859598855,0.6448598130841121,1.0,0.35664335664335667,1.0,0.04580152671755725,0.0,1.0,0.0,0.0,1.0,0.0,0.0
411,0.0,0.1489971346704871,0.4719626168224299,0.3078393881453155,0.34965034965034963,0.12686567164179105,0.0,0.0,1.0,0.0,1.0,1.0,0.0,0.0
343,1.0,0.6790830945558739,0.5467289719626168,1.0,0.5244755244755245,1.0,0.007633587786259542,1.0,0.0,0.045454545454545456,1.0,1.0,0.4,0.3891213389121339
224,1.0,0.7478510028653295,0.2803738317757009,1.0,0.3916083916083916,0.1318407960199005,0.1450381679389313,1.0,1.0,0.0,1.0,1.0,0.9294117647058824,0.0
58,1.0,0.7335243553008596,0.4672897196261682,0.3078393881453155,0.42657342657342656,1.0,0.5190839694656488,1.0,1.0,0.0,0.0,1.0,0.08823529411764706,0.7196652719665272
458,1.0,0.5472779369627507,0.19158878504672897,1.0,0.3916083916083916,0.1318407960199005,0.022900763358778626,0.0,1.0,0.0,0.0,1.0,0.8235294117647058,0.8744769874476988
326,1.0,0.17478510028653296,0.21495327102803738,1.0,0.3356643356643357,1.0,0.015267175572519083,0.0,1.0,0.0,0.0,1.0,0.6764705882352942,0.0
154,1.0,0.8767908309455588,0.5514018691588785,1.0,0.3356643356643357,1.0,0.7404580152671756,1.0,0.0,0.6818181818181818,1.0,1.0,0.0,0.9623430962343096
22,1.0,0.7020057306590258,0.19158878504672897,1.0,0.1888111888111888,1.0,0.030534351145038167,0.0,1.0,0.0,1.0,1.0,0.32941176470588235,0.0
68,1.0,0.45558739255014324,0.32710280373831774,1.0,0.34965034965034963,0.12686567164179105,0.0,0.0,0.0,0.22727272727272727,1.0,1.0,0.35294117647058826,0.26359832635983266
194,1.0,0.22922636103151864,0.08878504672897196,1.0,1.0,0.3283582089552239,0.015267175572519083,1.0,1.0,0.0,1.0,1.0,0.36470588235294116,0.0
209,1.0,0.6962750716332379,0.07476635514018691,0.3078393881453155,0.24475524475524477,1.0,0.09923664122137404,0.0,1.0,0.0,0.0,1.0,0.2411764705882353,0.0
487,1.0,0.9025787965616046,0.7850467289719626,1.0,0.34965034965034963,0.12686567164179105,0.6412213740458015,1.0,0.0,0.22727272727272727,1.0,1.0,0.0,0.9414225941422594
1,0.0,0.2034383954154728,0.5700934579439252,1.0,1.0,1.0,0.030534351145038167,0.0,1.0,0.0,1.0,1.0,0.3058823529411765,0.0
535,0.0,0.13753581661891118,0.24766355140186916,1.0,0.5244755244755245,1.0,0.366412213740458,1.0,0.0,0.22727272727272727,1.0,1.0,0.4470588235294118,0.8075313807531381
272,1.0,0.02865329512893983,0.018691588785046728,1.0,1.0,1.0,0.030534351145038167,0.0,1.0,0.0,1.0,1.0,0.24705882352941178,0.0
171,0.0,0.09169054441260745,0.6542056074766355,0.3078393881453155,1.0,1.0,0.19083969465648856,1.0,0.0,0.18181818181818182,0.0,1.0,0.13529411764705881,0.4769874476987448
449,0.0,0.025787965616045846,0.037383177570093455,1.0,0.35664335664335667,1.0,0.022900763358778626,0.0,1.0,0.0,1.0,1.0,0.4,0.0041841004184100415
200,0.0,0.12893982808022922,0.7009345794392523,1.0,1.0,0.3283582089552239,0.19083969465648856,1.0,0.0,0.18181818181818182,1.0,1.0,0.08235294117647059,0.7238493723849372
471,1.0,0.8137535816618912,0.602803738317757,1.0,0.42657342657342656,0.3283582089552239,0.9618320610687023,1.0,0.0,0.5454545454545454,1.0,1.0,0.0,0.5732217573221757
436,1.0,0.25787965616045844,0.8364485981308412,1.0,0.42657342657342656,1.0,0.17557251908396945,1.0,1.0,0.0,0.0,1.0,0.5352941176470588,0.0
597,1.0,0.5644699140401146,0.3037383177570093,1.0,0.42657342657342656,1.0,0.0,1.0,1.0,0.0,0.0,1.0,0.49411764705882355,0.3179916317991632
211,1.0,0.8911174785100286,0.07476635514018691,0.3078393881453155,0.3356643356643357,0.3283582089552239,0.5648854961832062,1.0,1.0,0.0,1.0,1.0,0.36470588235294116,0.39330543933054396
262,0.0,0.17191977077363896,0.8037383177570093,1.0,1.0,1.0,0.04580152671755725,0.0,1.0,0.0,0.0,1.0,0.36470588235294116,0.0
232,1.0,0.6962750716332379,0.2803738317757009,0.3078393881453155,0.24475524475524477,0.3283582089552239,0.8702290076335878,1.0,1.0,0.0,0.0,1.0,0.35294117647058826,0.0
534,1.0,0.47564469914040114,0.3037383177570093,1.0,0.35664335664335667,1.0,0.7862595419847328,1.0,1.0,0.0,0.0,1.0,0.9176470588235294,0.0
255,1.0,0.1318051575931232,0.24766355140186916,1.0,1.0,1.0,0.3893129770992366,1.0,0.0,0.045454545454545456,1.0,1.0,0.18235294117647058,0.2719665271966527
331,1.0,0.12320916905444126,0.5093457943925234,1.0,0.42657342657342656,1.0,0.31297709923664124,1.0,1.0,0.0,1.0,0.07941653160453808,0.21764705882352942,0.0
580,1.0,0.24068767908309455,0.08878504672897196,0.3078393881453155,0.26573426573426573,0.3283582089552239,0.022900763358778626,0.0,1.0,0.0,1.0,1.0,0.5,0.0041841004184100415
153,1.0,0.08882521489971347,0.06074766355140187,0.3078393881453155,1.0,1.0,0.030534351145038167,0.0,0.0,0.045454545454545456,1.0,1.0,0.4,0.0041841004184100415
609,1.0,0.09742120343839542,0.6682242990654206,1.0,0.42657342657342656,1.0,0.2748091603053435,1.0,1.0,0.0,1.0,1.0,0.21764705882352942,0.7866108786610879
5,0.0,0.008595988538681949,0.08878504672897196,1.0,1.0,0.3283582089552239,0.2748091603053435,1.0,0.0,0.09090909090909091,1.0,1.0,0.18235294117647058,0.0
676,0.0,0.20630372492836677,0.5420560747663551,1.0,0.35664335664335667,1.0,0.030534351145038167,0.0,1.0,0.0,1.0,1.0,0.4470588235294118,0.6234309623430963
440,1.0,0.7163323782234957,0.14485981308411214,1.0,0.24475524475524477,1.0,0.4351145038167939,1.0,1.0,0.0,1.0,1.0,0.8941176470588236,0.5188284518828452
584,1.0,0.1518624641833811,0.13551401869158877,0.3078393881453155,1.0,0.3283582089552239,0.04580152671755725,0.0,1.0,0.0,1.0,1.0,0.5705882352941176,0.32217573221757323
9,0.0,0.8997134670487106,0.5794392523364486,1.0,0.3356643356643357,0.3283582089552239,0.7557251908396947,1.0,0.0,0.13636363636363635,0.0,1.0,0.18235294117647058,0.14644351464435146
428,0.0,0.2636103151862464,0.4392523364485981,1.0,0.42657342657342656,1.0,0.19083969465648856,0.0,1.0,0.0,0.0,1.0,0.6823529411764706,0.02510460251046025
565,0.0,0.7564469914040115,0.5607476635514018,1.0,0.5244755244755245,1.0,0.7709923664122137,1.0,0.0,0.13636363636363635,0.0,1.0,0.0,0.0
476,1.0,0.03151862464183381,0.0514018691588785,0.3078393881453155,0.3356643356643357,1.0,0.05343511450381679,0.0,1.0,0.0,1.0,0.07941653160453808,0.4,0.0
93,1.0,0.5931232091690545,0.4719626168224299,1.0,1.0,0.1318407960199005,0.4351145038167939,1.0,0.0,0.2727272727272727,1.0,1.0,0.0,0.4309623430962343
453,1.0,0.7220630372492837,0.03271028037383177,1.0,0.3916083916083916,0.3283582089552239,0.6641221374045801,1.0,1.0,0.0,1.0,1.0,0.7647058823529411,0.0
266,1.0,0.18624641833810887,0.8177570093457944,1.0,1.0,1.0,0.5419847328244275,0.0,0.0,0.09090909090909091,0.0,1.0,0.36470588235294116,0.29707112970711297
569,1.0,0.4383954154727794,0.3177570093457944,0.3078393881453155,0.24475524475524477,1.0,0.022900763358778626,0.0,1.0,0.0,0.0,0.07941653160453808,0.13529411764705881,0.0
166,1.0,0.2177650429799427,0.3037383177570093,1.0,0.34965034965034963,0.12686567164179105,0.015267175572519083,0.0,1.0,0.0,0.0,1.0,0.18235294117647058,0.8702928870292888
558,1.0,0.9828080229226361,0.6448598130841121,1.0,0.34965034965034963,0.12686567164179105,0.5725190839694656,0.0,0.0,0.045454545454545456,1.0,1.0,0.11176470588235295,0.02510460251046025
87,0.0,0.7879656160458453,0.8598130841121495,1.0,0.3916083916083916,0.1318407960199005,0.6717557251908397,1.0,0.0,0.4090909090909091,0.0,1.0,0.0,0.0
136,1.0,0.10888252148997135,0.08878504672897196,1.0,0.34965034965034963,0.12686567164179105,0.0,0.0,0.0,0.13636363636363635,1.0,1.0,0.6647058823529411,0.5690376569037657
402,1.0,0.10028653295128939,0.7570093457943925,1.0,1.0,0.1318407960199005,0.11450381679389313,0.0,0.0,0.09090909090909091,0.0,1.0,0.4,0.029288702928870293
447,1.0,0.9627507163323782,0.5700934579439252,1.0,0.15384615384615385,0.004975124378109453,0.0,0.0,1.0,0.0,1.0,1.0,0.0,0.0502092050209205
407,0.0,0.5186246418338109,0.3364485981308411,0.3078393881453155,0.35664335664335667,1.0,0.3511450381679389,0.0,1.0,0.0,1.0,1.0,0.36470588235294116,0.0
270,0.0,0.09742120343839542,0.5,1.0,0.3916083916083916,0.3283582089552239,0.05343511450381679,0.0,1.0,0.0,1.0,1.0,0.13529411764705881,0.47280334728033474
589,1.0,0.41260744985673353,0.2570093457943925,0.3078393881453155,0.24475524475524477,0.3283582089552239,0.007633587786259542,0.0,1.0,0.0,1.0,1.0,0.22941176470588234,0.0041841004184100415
372,1.0,0.8510028653295129,0.08878504672897196,1.0,0.34965034965034963,0.12686567164179105,0.0,0.0,1.0,0.0,1.0,1.0,0.27647058823529413,0.0
201,0.0,0.17191977077363896,0.2383177570093458,0.3078393881453155,0.04895104895104895,0.004975124378109453,0.0,0.0,1.0,0.0,1.0,1.0,0.3058823529411765,0.0
357,1.0,0.014326647564469915,0.35046728971962615,1.0,0.42657342657342656,1.0,0.015267175572519083,0.0,0.0,0.045454545454545456,1.0,1.0,0.0,0.02510460251046025
614,1.0,0.7191977077363897,0.06542056074766354,1.0,1.0,0.3283582089552239,0.03816793893129771,1.0,0.0,0.2727272727272727,1.0,1.0,0.4470588235294118,0.6108786610878661
498,0.0,0.06303724928366762,0.056074766355140186,0.0,0.26573426573426573,0.12686567164179105,0.8702290076335878,0.0,1.0,0.0,0.0,0.07941653160453808,0.5941176470588235,0.0
412,0.0,0.9111747851002865,0.9205607476635514,1.0,0.04895104895104895,0.12686567164179105,0.0,1.0,0.0,0.6818181818181818,1.0,1.0,0.0,0.3598326359832636
627,1.0,0.21203438395415472,0.35514018691588783,0.3078393881453155,1.0,1.0,0.030534351145038167,0.0,1.0,0.0,1.0,1.0,0.3058823529411765,0.6317991631799164
271,1.0,0.22349570200573066,0.14953271028037382,1.0,1.0,1.0,0.16793893129770993,1.0,1.0,0.0,1.0,0.07941653160453808,0.5941176470588235,0.0
59,1.0,0.9169054441260746,0.822429906542056,1.0,0.24475524475524477,1.0,0.22900763358778625,1.0,0.0,0.18181818181818182,0.0,1.0,0.4,0.0
673,1.0,0.2521489971346705,0.8317757009345794,1.0,0.5244755244755245,0.3283582089552239,0.2900763358778626,1.0,1.0,0.0,0.0,1.0,0.21764705882352942,0.0
352,1.0,0.46418338108882523,0.40186915887850466,1.0,0.24475524475524477,1.0,0.6412213740458015,1.0,0.0,0.13636363636363635,0.0,1.0,0.5823529411764706,0.7907949790794979
143,1.0,0.9684813753581661,0.9579439252336449,1.0,0.24475524475524477,0.3283582089552239,0.9770992366412213,1.0,0.0,0.4090909090909091,0.0,1.0,0.0,0.6234309623430963
149,0.0,0.7994269340974212,0.6121495327102804,1.0,0.15384615384615385,0.1318407960199005,0.7480916030534351,1.0,0.0,0.2727272727272727,1.0,1.0,0.7176470588235294,0.99581589958159
107,1.0,0.18911174785100288,0.6448598130841121,1.0,0.35664335664335667,1.0,0.015267175572519083,0.0,1.0,0.0,1.0,1.0,0.0,0.0
306,0.0,0.10888252148997135,0.09813084112149532,1.0,0.42657342657342656,1.0,0.3053435114503817,0.0,1.0,0.0,1.0,1.0,0.4470588235294118,0.02092050209205021
97,1.0,0.47564469914040114,0.004672897196261682,0.3078393881453155,0.24475524475524477,1.0,0.007633587786259542,0.0,1.0,0.0,1.0,1.0,0.0,0.0
397,0.0,0.21203438395415472,0.1822429906542056,1.0,0.5244755244755245,1.0,0.04580152671755725,0.0,1.0,0.0,0.0,1.0,0.21764705882352942,0.5815899581589958
294,1.0,0.5444126074498568,0.3364485981308411,1.0,0.26573426573426573,0.3283582089552239,0.7786259541984732,1.0,1.0,0.0,0.0,1.0,0.0,0.0
593,1.0,0.1346704871060172,0.29439252336448596,1.0,1.0,1.0,0.3511450381679389,1.0,0.0,0.5,0.0,1.0,0.4,0.8326359832635983
578,0.0,0.2836676217765043,0.16822429906542055,1.0,0.5244755244755245,1.0,0.2366412213740458,1.0,0.0,0.09090909090909091,1.0,1.0,0.4,0.0
317,0.0,0.8452722063037249,0.8411214953271028,1.0,0.35664335664335667,1.0,0.3969465648854962,1.0,0.0,0.13636363636363635,0.0,1.0,0.3,0.0
661,0.0,0.1977077363896848,0.06074766355140187,1.0,0.3916083916083916,1.0,0.061068702290076333,0.0,1.0,0.0,0.0,0.07941653160453808,0.27058823529411763,0.0
34,1.0,0.7392550143266475,0.1822429906542056,1.0,0.24475524475524477,1.0,0.9312977099236641,0.0,0.0,0.045454545454545456,0.0,1.0,0.6705882352941176,0.2217573221757322
277,1.0,0.022922636103151862,0.1308411214953271,1.0,0.24475524475524477,1.0,0.015267175572519083,1.0,1.0,0.0,1.0,0.07941653160453808,0.4,0.0
433,1.0,0.35816618911174786,0.21495327102803738,1.0,0.42657342657342656,1.0,0.5572519083969466,1.0,0.0,0.22727272727272727,0.0,1.0,0.18235294117647058,0.012552301255230125
657,1.0,0.670487106017192,0.22429906542056074,1.0,1.0,1.0,0.2748091603053435,0.0,1.0,0.0,1.0,1.0,0.0,0.39748953974895396
296,0.0,0.46418338108882523,0.2102803738317757,1.0,0.34965034965034963,0.12686567164179105,0.0,0.0,0.0,0.09090909090909091,0.0,1.0,0.4,0.20920502092050208
477,0.0,0.14326647564469913,0.6308411214953271,1.0,1.0,1.0,0.030534351145038167,0.0,1.0,0.0,1.0,1.0,0.0,0.4225941422594142
225,1.0,0.3868194842406877,0.17289719626168223,1.0,0.3356643356643357,1.0,0.09923664122137404,1.0,1.0,0.0,1.0,0.07941653160453808,0.5705882352941176,0.0
157,1.0,0.6217765042979942,0.1308411214953271,1.0,0.15384615384615385,1.0,0.007633587786259542,0.0,1.0,0.0,1.0,1.0,0.21764705882352942,0.02092050209205021
603,0.0,0.332378223495702,0.8691588785046729,1.0,0.5244755244755245,0.3283582089552239,0.6412213740458015,1.0,0.0,0.09090909090909091,1.0,1.0,0.0,0.8870292887029289
220,0.0,0.4355300859598854,0.5514018691588785,1.0,1.0,0.1318407960199005,0.5725190839694656,1.0,0.0,0.3181818181818182,0.0,1.0,0.0,0.8368200836820083
292,1.0,0.2636103151862464,0.32242990654205606,1.0,1.0,1.0,0.3893129770992366,1.0,0.0,0.2727272727272727,1.0,1.0,0.3764705882352941,0.5188284518828452
373,0.0,0.2349570200573066,0.1261682242990654,1.0,0.5244755244755245,1.0,0.07633587786259542,0.0,0.0,0.045454545454545456,0.0,1.0,0.4,0.04602510460251046
491,1.0,0.42406876790830944,0.5514018691588785,1.0,0.26573426573426573,1.0,0.5114503816793893,1.0,0.0,0.36363636363636365,1.0,1.0,0.6352941176470588,0.6569037656903766
17,0.0,0.09169054441260745,0.6448598130841121,1.0,0.35664335664335667,1.0,0.1450381679389313,1.0,0.0,0.09090909090909091,1.0,1.0,0.14705882352941177,0.5146443514644351
80,1.0,0.27507163323782235,0.37850467289719625,1.0,0.26573426573426573,1.0,0.12213740458015267,1.0,0.0,0.3181818181818182,1.0,1.0,0.0,0.9288702928870293
388,1.0,0.27507163323782235,0.5327102803738317,1.0,1.0,1.0,0.19083969465648856,1.0,0.0,0.13636363636363635,1.0,1.0,0.0,0.0
24,1.0,0.10601719197707736,0.677570093457944,1.0,0.35664335664335667,1.0,0.15267175572519084,0.0,1.0,0.0,1.0,1.0,0.13529411764705881,0.41841004184100417
85,1.0,0.6246418338108882,0.0,1.0,1.0,1.0,0.0,0.0,1.0,0.0,1.0,0.0,0.3764705882352941,0.0
198,0.0,0.017191977077363897,0.0514018691588785,1.0,0.34965034965034963,0.12686567164179105,0.0,0.0,0.0,0.045454545454545456,1.0,1.0,0.3058823529411765,0.24267782426778242
457,0.0,0.2148997134670487,0.8037383177570093,1.0,0.24475524475524477,0.3283582089552239,0.09923664122137404,1.0,0.0,0.09090909090909091,0.0,1.0,0.5941176470588235,0.49372384937238495
92,1.0,0.3839541547277937,0.897196261682243,1.0,0.1888111888111888,1.0,0.022900763358778626,0.0,1.0,0.0,1.0,1.0,0.0,0.38493723849372385
617,0.0,0.3495702005730659,0.3364485981308411,1.0,0.24475524475524477,1.0,0.48091603053435117,0.0,0.0,0.045454545454545456,0.0,1.0,0.5705882352941176,0.04184100418410042
261,1.0,0.2034383954154728,0.7429906542056075,1.0,0.5244755244755245,0.3283582089552239,0.24427480916030533,1.0,1.0,0.0,1.0,1.0,0.18235294117647058,0.0
526,1.0,0.498567335243553,0.6448598130841121,0.3078393881453155,0.42657342657342656,0.3283582089552239,0.6793893129770993,1.0,1.0,0.0,0.0,1.0,0.29411764705882354,0.0
344,1.0,0.2034383954154728,0.02336448598130841,1.0,1.0,0.004975124378109453,0.3893129770992366,0.0,1.0,0.0,0.0,0.07941653160453808,0.0,0.0
485,1.0,0.3237822349570201,0.2383177570093458,0.3078393881453155,1.0,1.0,0.19083969465648856,1.0,0.0,0.22727272727272727,0.0,1.0,0.3058823529411765,0.9079497907949791
289,0.0,0.6103151862464183,0.4532710280373832,1.0,0.34965034965034963,0.12686567164179105,0.0,0.0,1.0,0.0,1.0,1.0,0.3058823529411765,0.0
633,1.0,0.2836676217765043,0.0794392523364486,1.0,0.42657342657342656,1.0,0.030534351145038167,0.0,0.0,0.045454545454545456,1.0,1.0,0.5529411764705883,0.4560669456066946
548,0.0,0.5616045845272206,0.1822429906542056,0.3078393881453155,0.3916083916083916,0.3283582089552239,0.09923664122137404,0.0,1.0,0.0,0.0,1.0,0.3058823529411765,0.0
27,1.0,0.5157593123209169,0.3411214953271028,0.3078393881453155,1.0,0.3283582089552239,0.35877862595419846,1.0,0.0,0.045454545454545456,0.0,1.0,0.36470588235294116,0.9790794979079498
151,1.0,0.7707736389684814,0.2102803738317757,1.0,1.0,1.0,0.4351145038167939,1.0,1.0,0.0,0.0,1.0,0.25882352941176473,0.0
283,1.0,0.6504297994269341,0.2383177570093458,1.0,0.3356643356643357,1.0,0.09923664122137404,0.0,1.0,0.0,0.0,1.0,0.5941176470588235,0.008368200836820083
554,0.0,0.5329512893982808,0.21962616822429906,0.3078393881453155,0.34965034965034963,0.12686567164179105,0.0,1.0,1.0,0.0,1.0,1.0,0.6235294117647059,0.0
610,1.0,0.670487106017192,0.4252336448598131,1.0,1.0,0.1318407960199005,0.7480916030534351,1.0,0.0,0.7272727272727273,1.0,1.0,0.21176470588235294,0.6652719665271967
360,1.0,0.9770773638968482,0.5046728971962616,1.0,0.15384615384615385,0.004975124378109453,0.916030534351145,1.0,0.0,0.045454545454545456,0.0,1.0,0.0,0.0
443,1.0,0.4154727793696275,0.24766355140186916,1.0,1.0,0.3283582089552239,0.6030534351145038,1.0,1.0,0.0,1.0,1.0,0.5352941176470588,0.3179916317991632
32,1.0,0.8710601719197708,0.19626168224299065,0.3078393881453155,1.0,0.3283582089552239,0.8625954198473282,1.0,1.0,0.0,0.0,1.0,0.4,0.20502092050209206
215,0.0,0.5128939828080229,0.4485981308411215,1.0,0.5244755244755245,0.3283582089552239,0.29770992366412213,1.0,0.0,0.09090909090909091,1.0,1.0,0.0,0.0
602,1.0,0.20057306590257878,0.705607476635514,1.0,0.24475524475524477,1.0,0.007633587786259542,1.0,0.0,0.4090909090909091,1.0,1.0,0.1,0.4476987447698745
361,0.0,0.08882521489971347,0.6682242990654206,1.0,0.42657342657342656,1.0,0.29770992366412213,1.0,0.0,0.2727272727272727,0.0,1.0,0.058823529411764705,0.5188284518828452
543,1.0,0.42406876790830944,0.16355140186915887,0.3078393881453155,1.0,1.0,0.007633587786259542,0.0,1.0,0.0,1.0,1.0,0.3352941176470588,0.301255230125523
37,1.0,0.673352435530086,0.8878504672897196,1.0,0.42657342657342656,1.0,0.8396946564885496,1.0,0.0,0.2727272727272727,0.0,1.0,0.11176470588235295,0.0
116,0.0,0.14040114613180515,0.7336448598130841,1.0,0.26573426573426573,0.3283582089552239,0.061068702290076333,1.0,0.0,0.045454545454545456,0.0,1.0,0.13529411764705881,0.14644351464435146
478,0.0,0.9541547277936963,0.9299065420560748,1.0,0.5244755244755245,1.0,0.8854961832061069,1.0,1.0,0.0,0.0,1.0,0.01764705882352941,0.9539748953974896
237,0.0,0.9856733524355301,0.5327102803738317,1.0,0.34965034965034963,0.12686567164179105,0.0,0.0,1.0,0.0,1.0,0.07941653160453808,0.0,0.0
163,1.0,0.5501432664756447,0.40654205607476634,0.3078393881453155,0.3916083916083916,0.1318407960199005,0.8320610687022901,1.0,0.0,0.3181818181818182,0.0,1.0,0.3941176470588235,0.0
368,0.0,0.6045845272206304,0.04672897196261682,1.0,0.34965034965034963,0.12686567164179105,0.0,0.0,0.0,0.45454545454545453,1.0,1.0,0.4,0.07531380753138076
401,1.0,0.335243553008596,0.2102803738317757,0.3078393881453155,0.42657342657342656,1.0,0.06870229007633588,1.0,1.0,0.0,0.0,1.0,0.5352941176470588,0.6401673640167364
630,1.0,0.4813753581661891,0.2383177570093458,0.3078393881453155,0.15384615384615385,0.3283582089552239,0.007633587786259542,1.0,1.0,0.0,0.0,1.0,0.7411764705882353,0.0
124,0.0,0.45558739255014324,0.3925233644859813,1.0,0.26573426573426573,0.3283582089552239,0.12213740458015267,1.0,0.0,0.4090909090909091,0.0,1.0,0.37058823529411766,0.0
196,0.0,0.08595988538681948,0.5887850467289719,1.0,0.5244755244755245,1.0,0.46564885496183206,1.0,0.0,0.22727272727272727,1.0,1.0,0.3764705882352941,0.9832635983263598
538,0.0,0.5759312320916905,0.8130841121495327,1.0,0.5244755244755245,0.3283582089552239,0.9389312977099237,1.0,0.0,0.36363636363636365,1.0,1.0,0.0,0.9205020920502092
162,1.0,0.7449856733524355,0.056074766355140186,0.3078393881453155,1.0,1.0,0.06870229007633588,1.0,0.0,0.36363636363636365,0.0,1.0,0.5941176470588235,0.28870292887029286
40,1.0,0.22063037249283668,0.0,1.0,0.26573426573426573,1.0,0.015267175572519083,1.0,1.0,0.0,1.0,1.0,0.0,0.0
575,0.0,0.054441260744985676,0.7616822429906542,1.0,0.24475524475524477,0.3283582089552239,0.19083969465648856,1.0,0.0,0.5,1.0,1.0,0.0,0.8326359832635983
560,0.0,0.5186246418338109,0.3037383177570093,0.3078393881453155,1.0,1.0,0.4351145038167939,0.0,1.0,0.0,0.0,1.0,0.0,0.008368200836820083
234,0.0,0.9684813753581661,0.02336448598130841,1.0,0.34965034965034963,0.12686567164179105,0.0,1.0,0.0,0.045454545454545456,1.0,1.0,0.48823529411764705,0.20502092050209206
441,1.0,0.6074498567335244,0.2523364485981308,1.0,0.3916083916083916,1.0,0.04580152671755725,0.0,1.0,0.0,0.0,1.0,0.45294117647058824,0.0
336,0.0,0.5845272206303725,0.14953271028037382,1.0,1.0,1.0,0.3511450381679389,1.0,0.0,0.5,1.0,1.0,0.0,0.4602510460251046
291,0.0,0.4785100286532951,0.35046728971962615,1.0,0.34965034965034963,0.12686567164179105,0.4961832061068702,0.0,0.0,0.09090909090909091,0.0,1.0,0.4,0.016736401673640166
425,1.0,0.46131805157593125,0.9158878504672897,1.0,1.0,1.0,0.09923664122137404,1.0,1.0,0.0,1.0,1.0,0.21764705882352942,0.0
541,1.0,0.3237822349570201,0.9018691588785047,1.0,0.3916083916083916,0.1318407960199005,0.0,0.0,1.0,0.0,0.0,1.0,0.3588235294117647,0.0
307,1.0,0.15759312320916904,0.7429906542056075,1.0,1.0,1.0,0.48854961832061067,1.0,1.0,0.0,0.0,1.0,0.0,0.0
86,0.0,0.2607449856733524,0.8785046728971962,1.0,0.5244755244755245,0.3283582089552239,0.2748091603053435,0.0,1.0,0.0,1.0,1.0,0.5705882352941176,0.0041841004184100415
444,1.0,0.12034383954154727,0.04205607476635514,1.0,0.5244755244755245,1.0,0.022900763358778626,0.0,1.0,0.0,1.0,1.0,0.4,0.0
409,1.0,0.27793696275071633,0.14953271028037382,1.0,0.35664335664335667,1.0,0.09923664122137404,0.0,1.0,0.0,1.0,1.0,0.4,0.0
312,1.0,0.13753581661891118,0.4953271028037383,1.0,0.5244755244755245,1.0,0.06870229007633588,1.0,0.0,0.045454545454545456,1.0,1.0,0.3058823529411765,0.0
102,1.0,0.3524355300859599,0.883177570093458,1.0,0.42657342657342656,1.0,0.7175572519083969,1.0,1.0,0.0,0.0,1.0,0.8764705882352941,0.4769874476987448
483,0.0,0.27793696275071633,0.8691588785046729,0.3078393881453155,0.34965034965034963,0.12686567164179105,0.3511450381679389,0.0,0.0,0.045454545454545456,0.0,1.0,0.4,0.0041841004184100415
172,1.0,0.2034383954154728,0.11682242990654206,1.0,0.3916083916083916,1.0,0.2900763358778626,0.0,0.0,0.045454545454545456,0.0,1.0,0.7647058823529411,0.03765690376569038
70,1.0,0.828080229226361,0.9953271028037384,0.3078393881453155,0.34965034965034963,0.12686567164179105,0.0,1.0,1.0,0.0,0.0,1.0,0.0,0.0
43,1.0,0.9656160458452722,0.0794392523364486,1.0,1.0,1.0,0.11450381679389313,1.0,0.0,0.13636363636363635,0.0,1.0,0.36470588235294116,0.0
462,1.0,0.1318051575931232,0.16355140186915887,1.0,0.5244755244755245,1.0,0.2748091603053435,0.0,1.0,0.0,1.0,1.0,0.19411764705882353,0.029288702928870293
637,1.0,0.025787965616045846,0.411214953271028,1.0,0.3916083916083916,0.3283582089552239,0.07633587786259542,0.0,1.0,0.0,0.0,1.0,0.21764705882352942,0.0
72,1.0,0.3982808022922636,0.1822429906542056,1.0,0.42657342657342656,1.0,0.32061068702290074,0.0,1.0,0.0,1.0,1.0,0.4,0.0
643,1.0,0.23782234957020057,0.8130841121495327,1.0,1.0,1.0,0.366412213740458,0.0,1.0,0.0,1.0,0.07941653160453808,0.13529411764705881,0.0
247,1.0,0.9512893982808023,0.897196261682243,1.0,0.34965034965034963,0.12686567164179105,0.9847328244274809,1.0,0.0,0.6818181818181818,0.0,1.0,0.0,0.6234309623430963
129,1.0,0.14613180515759314,0.3364485981308411,0.3078393881453155,0.1888111888111888,1.0,0.20610687022900764,1.0,0.0,0.36363636363636365,0.0,1.0,0.3058823529411765,0.0041841004184100415
217,1.0,0.5902578796561605,0.5046728971962616,1.0,0.3916083916083916,0.1318407960199005,0.6412213740458015,0.0,1.0,0.0,1.0,1.0,0.4235294117647059,0.5355648535564853
139,0.0,0.7822349570200573,0.3364485981308411,1.0,1.0,1.0,0.4122137404580153,1.0,0.0,0.36363636363636365,0.0,1.0,0.7529411764705882,0.8661087866108786
119,1.0,0.828080229226361,0.6308411214953271,1.0,1.0,0.3283582089552239,0.9007633587786259,1.0,0.0,0.4090909090909091,1.0,1.0,0.37058823529411766,0.7364016736401674
12,1.0,0.13753581661891118,0.1822429906542056,0.3078393881453155,1.0,0.3283582089552239,0.25190839694656486,1.0,0.0,0.13636363636363635,0.0,1.0,0.25882352941176473,0.3263598326359833
642,1.0,0.5702005730659025,0.985981308411215,1.0,0.24475524475524477,0.3283582089552239,0.29770992366412213,1.0,0.0,0.045454545454545456,0.0,1.0,0.9,0.4769874476987448
349,1.0,0.4498567335243553,0.2616822429906542,1.0,1.0,1.0,0.015267175572519083,0.0,1.0,0.0,1.0,1.0,0.5941176470588235,0.0
103,1.0,0.3553008595988539,0.08878504672897196,0.3078393881453155,0.26573426573426573,1.0,0.04580152671755725,1.0,0.0,0.09090909090909091,1.0,1.0,0.5352941176470588,0.4769874476987448
365,0.0,0.8481375358166189,0.1308411214953271,1.0,0.35664335664335667,1.0,0.09923664122137404,0.0,1.0,0.0,0.0,1.0,0.5,0.2301255230125523
645,1.0,0.4297994269340974,0.07476635514018691,1.0,0.1888111888111888,0.3283582089552239,0.015267175572519083,0.0,1.0,0.0,0.0,0.07941653160453808,0.5117647058823529,0.0
25,1.0,0.501432664756447,0.2102803738317757,1.0,0.26573426573426573,0.3283582089552239,0.7022900763358778,1.0,0.0,0.13636363636363635,0.0,1.0,0.0,0.0
150,1.0,0.22063037249283668,0.0,1.0,1.0,1.0,0.0,0.0,1.0,0.0,1.0,0.0,0.3764705882352941,0.0
135,0.0,0.6361031518624641,0.42990654205607476,1.0,1.0,1.0,0.022900763358778626,0.0,1.0,0.0,1.0,1.0,0.3058823529411765,0.0
466,0.0,0.9713467048710601,0.8925233644859814,1.0,0.34965034965034963,0.12686567164179105,0.0,1.0,0.0,0.5,0.0,1.0,0.0,0.7112970711297071
467,1.0,0.42120343839541546,0.1542056074766355,0.3078393881453155,0.3916083916083916,0.1318407960199005,0.09923664122137404,1.0,0.0,0.45454545454545453,0.0,1.0,0.24705882352941178,0.1087866108786611
622,0.0,0.22349570200573066,0.5280373831775701,1.0,0.5244755244755245,1.0,0.5267175572519084,1.0,0.0,0.45454545454545453,1.0,1.0,0.21764705882352942,0.3514644351464435
315,1.0,0.32951289398280803,0.0794392523364486,1.0,0.3356643356643357,0.12686567164179105,0.0,0.0,1.0,0.0,1.0,1.0,0.18235294117647058,0.0
113,0.0,0.5816618911174785,0.14018691588785046,1.0,0.35664335664335667,1.0,0.1450381679389313,1.0,0.0,0.18181818181818182,1.0,1.0,0.0,0.7280334728033473
576,0.0,0.5157593123209169,0.2803738317757009,0.3078393881453155,0.26573426573426573,1.0,0.549618320610687,0.0,1.0,0.0,0.0,1.0,0.4,0.2594142259414226
117,1.0,0.5157593123209169,0.14953271028037382,1.0,0.24475524475524477,1.0,0.1450381679389313,1.0,0.0,0.3181818181818182,0.0,1.0,0.6470588235294118,0.8619246861924686
566,0.0,0.7621776504297995,0.0,1.0,1.0,1.0,0.4351145038167939,1.0,1.0,0.0,1.0,1.0,0.0,0.0
264,1.0,0.5959885386819485,0.26635514018691586,0.3078393881453155,0.42657342657342656,1.0,0.015267175572519083,1.0,0.0,0.045454545454545456,1.0,1.0,0.08235294117647059,0.6527196652719666
276,0.0,0.9226361031518625,0.0514018691588785,1.0,0.3916083916083916,0.1318407960199005,0.19083969465648856,1.0,1.0,0.0,0.0,1.0,0.5117647058823529,0.7782426778242678
403,1.0,0.5816618911174785,0.29439252336448596,1.0,0.42657342657342656,1.0,0.022900763358778626,0.0,0.0,0.09090909090909091,1.0,1.0,0.4470588235294118,0.0041841004184100415
204,0.0,0.2607449856733524,0.3364485981308411,1.0,0.5244755244755245,0.3283582089552239,0.3282442748091603,1.0,0.0,0.8181818181818182,1.0,1.0,0.0,0.4769874476987448
347,0.0,0.6876790830945558,0.5934579439252337,0.3078393881453155,0.5244755244755245,0.3283582089552239,0.816793893129771,1.0,0.0,0.6363636363636364,1.0,1.0,0.0,0.799163179916318
184,1.0,0.22636103151862463,0.794392523364486,0.3078393881453155,0.42657342657342656,1.0,0.16793893129770993,1.0,1.0,0.0,0.0,1.0,0.3058823529411765,0.3891213389121339
585,1.0,0.5415472779369628,0.6495327102803738,1.0,1.0,1.0,0.6106870229007634,1.0,0.0,0.5454545454545454,0.0,1.0,0.0,0.3305439330543933
212,1.0,0.5358166189111748,0.5046728971962616,0.3078393881453155,1.0,1.0,0.2748091603053435,0.0,1.0,0.0,0.0,1.0,0.1,0.0
448,1.0,0.6905444126074498,0.3644859813084112,1.0,0.24475524475524477,1.0,0.549618320610687,0.0,1.0,0.0,0.0,0.07941653160453808,0.7647058823529411,0.0
348,0.0,0.6103151862464183,0.48598130841121495,1.0,0.15384615384615385,1.0,0.6412213740458015,1.0,1.0,0.0,0.0,1.0,0.0,0.8577405857740585
405,0.0,0.3868194842406877,0.3925233644859813,1.0,1.0,1.0,0.20610687022900764,1.0,0.0,0.045454545454545456,0.0,1.0,0.7058823529411765,0.0
562,1.0,0.2148997134670487,0.09345794392523364,0.3078393881453155,0.35664335664335667,1.0,0.022900763358778626,1.0,1.0,0.0,1.0,1.0,0.36470588235294116,0.0041841004184100415
620,1.0,0.332378223495702,0.2803738317757009,1.0,0.3916083916083916,0.1318407960199005,0.09923664122137404,0.0,1.0,0.0,0.0,1.0,0.9470588235294117,0.8577405857740585
98,0.0,0.04011461318051576,0.6682242990654206,1.0,0.35664335664335667,1.0,0.32061068702290074,0.0,0.0,0.45454545454545453,0.0,1.0,0.0,0.04184100418410042
506,0.0,0.17765042979942694,0.7990654205607477,1.0,0.3356643356643357,0.3283582089552239,0.015267175572519083,0.0,1.0,0.0,1.0,1.0,0.6235294117647059,0.02092050209205021
389,0.0,0.3667621776504298,0.056074766355140186,1.0,0.5244755244755245,1.0,0.11450381679389313,1.0,0.0,0.18181818181818182,1.0,1.0,0.13529411764705881,0.0
653,1.0,0.8882521489971347,0.5654205607476636,1.0,1.0,0.3283582089552239,0.4580152671755725,1.0,0.0,0.5,0.0,1.0,0.0,0.3807531380753138
549,1.0,0.7593123209169055,0.7616822429906542,0.3078393881453155,0.1888111888111888,1.0,0.2748091603053435,1.0,1.0,0.0,1.0,0.07941653160453808,0.0,0.0
410,1.0,0.49570200573065903,0.27102803738317754,0.3078393881453155,0.3356643356643357,0.12686567164179105,0.0,0.0,1.0,0.0,1.0,1.0,0.21764705882352942,0.0
416,0.0,0.25787965616045844,0.102803738317757,1.0,0.35664335664335667,0.3283582089552239,0.32061068702290074,1.0,1.0,0.0,1.0,1.0,0.7647058823529411,0.0
231,1.0,0.35816618911174786,0.2102803738317757,1.0,0.42657342657342656,1.0,0.3893129770992366,0.0,0.0,0.045454545454545456,0.0,1.0,0.18235294117647058,0.012552301255230125
210,0.0,0.40114613180515757,0.07009345794392523,1.0,0.3356643356643357,1.0,0.10687022900763359,1.0,0.0,0.18181818181818182,1.0,1.0,0.7235294117647059,0.4769874476987448
552,0.0,0.7134670487106017,0.1542056074766355,1.0,0.35664335664335667,1.0,0.1297709923664122,0.0,1.0,0.0,1.0,1.0,0.5,0.3472803347280335
263,0.0,0.2722063037249284,0.308411214953271,0.3078393881453155,0.35664335664335667,1.0,0.04580152671755725,1.0,1.0,0.0,0.0,1.0,0.7,0.0
520,1.0,0.7249283667621776,0.1542056074766355,1.0,0.42657342657342656,1.0,0.6412213740458015,1.0,0.0,0.2727272727272727,0.0,1.0,0.888235294117647,0.9497907949790795
188,0.0,0.40974212034383956,0.09813084112149532,1.0,0.42657342657342656,1.0,0.04580152671755725,0.0,1.0,0.0,0.0,1.0,0.5941176470588235,0.0
686,1.0,0.13753581661891118,0.06074766355140187,1.0,1.0,1.0,0.022900763358778626,0.0,1.0,0.0,1.0,1.0,0.0,0.14225941422594143
588,1.0,0.6189111747851003,0.2570093457943925,1.0,0.42657342657342656,1.0,0.007633587786259542,1.0,1.0,0.0,0.0,1.0,0.7647058823529411,0.9121338912133892
298,1.0,0.6590257879656161,0.2336448598130841,1.0,0.24475524475524477,1.0,0.022900763358778626,1.0,0.0,0.22727272727272727,0.0,1.0,0.8705882352941177,0.0
175,1.0,0.5730659025787965,0.35514018691588783,1.0,0.24475524475524477,0.3283582089552239,0.5572519083969466,1.0,1.0,0.0,0.0,1.0,0.9529411764705882,0.0
313,0.0,0.11174785100286533,0.037383177570093455,1.0,0.5244755244755245,0.3283582089552239,0.05343511450381679,1.0,0.0,0.5,1.0,1.0,0.13529411764705881,0.200836820083682
167,0.0,0.1977077363896848,0.6261682242990654,0.3078393881453155,0.24475524475524477,1.0,0.42748091603053434,0.0,1.0,0.0,1.0,1.0,0.3176470588235294,0.0
4,1.0,0.12320916905444126,0.6214953271028038,1.0,0.35664335664335667,1.0,0.3435114503816794,1.0,0.0,0.6363636363636364,1.0,1.0,0.1,0.2803347280334728
544,1.0,0.6275071633237822,0.5700934579439252,1.0,0.5244755244755245,0.3283582089552239,0.8931297709923665,1.0,0.0,0.3181818181818182,0.0,1.0,0.5941176470588235,0.02092050209205021
680,1.0,0.1518624641833811,0.0,1.0,1.0,1.0,0.09923664122137404,0.0,1.0,0.0,0.0,0.07941653160453808,0.0,0.0
242,1.0,0.836676217765043,0.5981308411214953,1.0,0.3916083916083916,0.1318407960199005,0.7938931297709924,1.0,0.0,0.6818181818181818,0.0,1.0,0.0,0.8870292887029289
420,1.0,0.24068767908309455,0.2102803738317757,1.0,0.1888111888111888,0.3283582089552239,0.33587786259541985,1.0,0.0,0.2727272727272727,1.0,1.0,0.4,0.40585774058577406
88,1.0,0.5415472779369628,0.49065420560747663,1.0,0.42657342657342656,1.0,0.015267175572519083,0.0,1.0,0.0,0.0,1.0,0.5823529411764706,0.02510460251046025
233,1.0,0.9083094555873925,1.0,0.3078393881453155,1.0,1.0,1.0,1.0,0.0,0.9545454545454546,1.0,1.0,0.0,0.06276150627615062
438,1.0,0.42406876790830944,0.07476635514018691,1.0,1.0,1.0,0.32061068702290074,1.0,0.0,0.5,1.0,1.0,0.052941176470588235,0.4895397489539749
484,1.0,0.7392550143266475,0.4485981308411215,1.0,0.5244755244755245,1.0,0.6183206106870229,1.0,1.0,0.0,1.0,0.07941653160453808,0.0,0.0
14,1.0,0.9398280802292264,0.3177570093457944,1.0,1.0,1.0,0.4198473282442748,0.0,1.0,0.0,0.0,1.0,0.6235294117647059,0.0
192,0.0,0.38108882521489973,0.38317757009345793,1.0,0.3916083916083916,0.1318407960199005,0.09923664122137404,1.0,1.0,0.0,0.0,1.0,0.3411764705882353,0.0
689,1.0,0.6991404011461319,0.004672897196261682,1.0,0.15384615384615385,1.0,0.007633587786259542,0.0,0.0,0.045454545454545456,1.0,0.07941653160453808,0.9294117647058824,0.0
461,0.0,0.04871060171919771,0.6448598130841121,1.0,0.35664335664335667,1.0,0.25190839694656486,1.0,1.0,0.0,0.0,1.0,0.0,0.0
665,1.0,0.46418338108882523,0.40186915887850466,0.3078393881453155,0.3916083916083916,1.0,0.015267175572519083,0.0,1.0,0.0,0.0,1.0,0.7823529411764706,0.0
50,1.0,0.49283667621776506,0.37850467289719625,1.0,0.3356643356643357,1.0,0.09923664122137404,0.0,1.0,0.0,0.0,1.0,0.48823529411764705,0.0
677,1.0,0.2148997134670487,0.11682242990654206,1.0,0.24475524475524477,1.0,0.09923664122137404,1.0,1.0,0.0,0.0,0.07941653160453808,0.6235294117647059,0.0
367,1.0,0.8595988538681948,0.9112149532710281,1.0,1.0,1.0,0.8320610687022901,1.0,0.0,0.4090909090909091,1.0,1.0,0.0,0.0
465,1.0,0.9484240687679083,0.21495327102803738,1.0,0.5244755244755245,1.0,0.022900763358778626,1.0,1.0,0.0,0.0,1.0,0.5352941176470588,0.0
392,0.0,0.33810888252148996,0.1822429906542056,1.0,0.34965034965034963,0.12686567164179105,0.0,0.0,0.0,0.045454545454545456,1.0,1.0,0.15294117647058825,0.3891213389121339
114,1.0,0.5243553008595988,0.04205607476635514,1.0,0.3916083916083916,0.1318407960199005,0.5725190839694656,0.0,1.0,0.0,0.0,0.07941653160453808,0.7941176470588235,0.0
15,1.0,0.8108882521489972,0.5373831775700935,1.0,0.3356643356643357,1.0,0.007633587786259542,0.0,1.0,0.0,1.0,1.0,0.0,0.8158995815899581
48,0.0,0.40114613180515757,0.2523364485981308,0.3078393881453155,0.15384615384615385,0.3283582089552239,0.3511450381679389,0.0,1.0,0.0,1.0,1.0,0.5294117647058824,0.07112970711297072
173,1.0,0.9598853868194842,0.8504672897196262,0.3078393881453155,1.0,0.3283582089552239,0.6412213740458015,1.0,1.0,0.0,1.0,1.0,0.20588235294117646,0.0
594,1.0,0.7908309455587392,0.5233644859813084,1.0,0.42657342657342656,1.0,0.7022900763358778,0.0,1.0,0.0,1.0,1.0,0.8588235294117647,0.2719665271966527
19,0.0,0.19484240687679083,0.514018691588785,1.0,0.5244755244755245,1.0,0.45038167938931295,1.0,0.0,0.3181818181818182,1.0,1.0,0.23529411764705882,0.8410041841004184
523,0.0,0.16332378223495703,0.5327102803738317,1.0,0.35664335664335667,1.0,0.4351145038167939,1.0,0.0,0.13636363636363635,1.0,1.0,0.13529411764705881,0.606694560669456
474,1.0,0.5243553008595988,0.0514018691588785,0.3078393881453155,0.26573426573426573,1.0,0.015267175572519083,0.0,1.0,0.0,1.0,1.0,0.36470588235294116,0.0
426,1.0,0.20916905444126074,0.3364485981308411,1.0,0.24475524475524477,1.0,0.2366412213740458,1.0,0.0,0.045454545454545456,1.0,1.0,0.5352941176470588,0.5774058577405857
460,1.0,0.3008595988538682,0.13551401869158877,1.0,0.3356643356643357,1.0,0.06870229007633588,0.0,0.0,0.09090909090909091,0.0,1.0,0.34705882352941175,0.012552301255230125
564,1.0,0.9140401146131805,0.9439252336448598,1.0,0.1888111888111888,0.1318407960199005,0.9541984732824428,1.0,0.0,0.7727272727272727,0.0,1.0,0.0,0.0
442,1.0,0.2979942693409742,0.8551401869158879,1.0,0.26573426573426573,1.0,0.09923664122137404,0.0,1.0,0.0,1.0,1.0,0.0,0.008368200836820083
434,1.0,0.8968481375358166,0.9158878504672897,1.0,0.15384615384615385,0.004975124378109453,0.0,1.0,0.0,0.8636363636363636,1.0,1.0,0.28823529411764703,0.24686192468619247
161,0.0,0.5128939828080229,0.22429906542056074,1.0,0.1888111888111888,1.0,0.10687022900763359,0.0,1.0,0.0,0.0,1.0,0.0,0.0
235,0.0,0.19484240687679083,0.7757009345794392,0.3078393881453155,0.24475524475524477,0.3283582089552239,0.1450381679389313,1.0,0.0,0.18181818181818182,1.0,1.0,0.0,0.401673640167364
183,1.0,0.2492836676217765,0.5560747663551402,0.3078393881453155,0.1888111888111888,1.0,0.7022900763358778,1.0,1.0,0.0,0.0,0.07941653160453808,0.18235294117647058,0.0
309,1.0,0.2922636103151863,0.3598130841121495,1.0,1.0,0.3283582089552239,0.3969465648854962,0.0,0.0,0.045454545454545456,0.0,1.0,0.788235294117647,0.08786610878661087
675,1.0,0.30945558739255014,0.8364485981308412,0.3078393881453155,0.3356643356643357,0.3283582089552239,0.22900763358778625,0.0,1.0,0.0,0.0,1.0,0.0,0.07112970711297072
351,1.0,0.3467048710601719,0.8364485981308412,1.0,0.35664335664335667,0.1318407960199005,0.04580152671755725,0.0,1.0,0.0,0.0,1.0,0.9647058823529412,0.0
197,1.0,0.034383954154727794,0.04205607476635514,1.0,0.5244755244755245,1.0,0.061068702290076333,0.0,0.0,0.18181818181818182,1.0,1.0,0.3058823529411765,0.03347280334728033
629,1.0,0.2607449856733524,0.0794392523364486,1.0,0.24475524475524477,1.0,0.19083969465648856,0.0,1.0,0.0,0.0,1.0,0.21764705882352942,0.0041841004184100415
278,1.0,0.504297994269341,0.3037383177570093,1.0,0.26573426573426573,0.3283582089552239,0.4732824427480916,1.0,0.0,0.2727272727272727,1.0,1.0,0.3058823529411765,0.7615062761506276
644,1.0,0.0830945558739255,0.4719626168224299,1.0,0.5244755244755245,1.0,0.06870229007633588,1.0,0.0,0.09090909090909091,1.0,1.0,0.0,0.12552301255230125
364,1.0,0.44412607449856734,0.21962616822429906,1.0,0.1888111888111888,1.0,0.11450381679389313,0.0,1.0,0.0,0.0,0.07941653160453808,0.0,0.0
320,1.0,0.14613180515759314,0.46261682242990654,0.3078393881453155,0.42657342657342656,1.0,0.3893129770992366,1.0,0.0,0.045454545454545456,0.0,1.0,0.13529411764705881,0.3891213389121339
248,1.0,0.36103151862464183,0.2523364485981308,1.0,0.3356643356643357,0.3283582089552239,0.5801526717557252,1.0,0.0,0.09090909090909091,0.0,1.0,0.37058823529411766,0.0
557,1.0,0.22636103151862463,0.2102803738317757,1.0,1.0,0.3283582089552239,0.2595419847328244,1.0,1.0,0.0,1.0,1.0,0.8,0.3179916317991632
61,0.0,0.23782234957020057,0.11214953271028037,1.0,0.42657342657342656,1.0,0.04580152671755725,0.0,0.0,0.045454545454545456,0.0,1.0,0.5,0.016736401673640166
529,0.0,0.05730659025787966,0.0794392523364486,1.0,1.0,1.0,0.32061068702290074,0.0,0.0,0.045454545454545456,0.0,1.0,0.13529411764705881,0.02092050209205021
89,1.0,0.18624641833810887,0.08878504672897196,0.3078393881453155,0.34965034965034963,0.12686567164179105,0.0,0.0,1.0,0.0,1.0,1.0,0.18235294117647058,0.0
579,1.0,0.6905444126074498,0.2102803738317757,1.0,0.3916083916083916,0.1318407960199005,0.0,0.0,1.0,0.0,1.0,0.07941653160453808,0.5941176470588235,0.0
41,1.0,0.20057306590257878,0.2102803738317757,0.3078393881453155,0.35664335664335667,1.0,0.10687022900763359,0.0,1.0,0.0,0.0,1.0,0.21764705882352942,0.17154811715481172
503,1.0,0.9255014326647565,0.6308411214953271,1.0,0.15384615384615385,0.3283582089552239,0.7633587786259542,1.0,0.0,0.13636363636363635,1.0,1.0,0.0,0.0
531,0.0,0.2034383954154728,0.0514018691588785,1.0,0.5244755244755245,1.0,0.1450381679389313,0.0,1.0,0.0,1.0,0.07941653160453808,0.3058823529411765,0.0
470,1.0,0.12320916905444126,0.6542056074766355,1.0,1.0,1.0,0.3053435114503817,1.0,0.0,0.13636363636363635,0.0,1.0,0.058823529411764705,0.1087866108786611
528,0.0,0.2349570200573066,0.08878504672897196,0.3078393881453155,0.34965034965034963,0.12686567164179105,0.022900763358778626,0.0,1.0,0.0,1.0,1.0,0.21764705882352942,0.18828451882845187
488,1.0,0.8538681948424068,0.7009345794392523,1.0,0.3916083916083916,0.1318407960199005,0.0,1.0,0.0,0.5,1.0,1.0,0.0,0.6778242677824268
246,0.0,0.014326647564469915,0.02336448598130841,1.0,0.35664335664335667,1.0,0.19083969465648856,0.0,0.0,0.09090909090909091,0.0,1.0,0.6235294117647059,0.0041841004184100415
345,0.0,0.22922636103151864,0.12149532710280374,0.3078393881453155,0.5244755244755245,1.0,0.2748091603053435,1.0,0.0,0.09090909090909091,0.0,1.0,0.13529411764705881,0.45188284518828453
308,0.0,0.2034383954154728,0.11682242990654206,1.0,1.0,1.0,0.3511450381679389,0.0,0.0,0.09090909090909091,0.0,1.0,0.4,0.4435146443514644
164,1.0,0.7363896848137536,0.3364485981308411,1.0,0.3916083916083916,0.1318407960199005,0.19083969465648856,1.0,1.0,0.0,1.0,1.0,0.0,0.3179916317991632
202,1.0,0.5157593123209169,0.1542056074766355,1.0,0.0,0.3283582089552239,0.7480916030534351,1.0,1.0,0.0,0.0,1.0,0.3176470588235294,0.9874476987447699
649,1.0,0.3839541547277937,0.6588785046728972,1.0,0.5244755244755245,0.3283582089552239,0.7099236641221374,1.0,0.0,0.2727272727272727,1.0,1.0,0.7294117647058823,0.2928870292887029
521,0.0,0.06876790830945559,0.7009345794392523,1.0,0.42657342657342656,1.0,0.19083969465648856,0.0,0.0,0.045454545454545456,1.0,1.0,0.21764705882352942,0.0041841004184100415
596,1.0,0.1346704871060172,0.7009345794392523,0.3078393881453155,1.0,1.0,0.4351145038167939,1.0,1.0,0.0,1.0,0.07941653160453808,0.058823529411764705,0.0
148,1.0,0.5616045845272206,0.40186915887850466,1.0,0.1888111888111888,0.1318407960199005,0.9007633587786259,1.0,1.0,0.0,0.0,1.0,0.3764705882352941,0.0
121,1.0,0.13753581661891118,0.1308411214953271,0.3078393881453155,1.0,1.0,0.3511450381679389,0.0,1.0,0.0,0.0,0.07941653160453808,0.5,0.0
10,1.0,0.5214899713467048,0.2383177570093458,1.0,0.24475524475524477,0.3283582089552239,0.6106870229007634,1.0,0.0,0.18181818181818182,0.0,1.0,0.5176470588235295,0.5983263598326359
259,1.0,0.5673352435530086,0.37383177570093457,1.0,1.0,0.3283582089552239,0.8244274809160306,0.0,1.0,0.0,0.0,1.0,0.0,0.0
652,1.0,0.3151862464183381,0.8598130841121495,1.0,0.15384615384615385,0.0,0.0,0.0,1.0,0.0,0.0,1.0,0.25882352941176473,0.6485355648535565
376,1.0,0.36962750716332377,0.13551401869158877,1.0,0.24475524475524477,1.0,0.183206106870229,1.0,0.0,0.13636363636363635,0.0,1.0,0.7529411764705882,0.0
634,1.0,0.08022922636103152,0.7289719626168224,1.0,0.34965034965034963,0.12686567164179105,0.07633587786259542,0.0,1.0,0.0,1.0,1.0,0.13529411764705881,0.0
182,1.0,0.2922636103151863,0.8364485981308412,1.0,0.26573426573426573,1.0,0.22137404580152673,1.0,0.0,1.0,0.0,1.0,0.25882352941176473,0.3682008368200837
226,1.0,0.46418338108882523,0.3364485981308411,0.3078393881453155,0.3916083916083916,0.1318407960199005,0.7633587786259542,0.0,1.0,0.0,1.0,1.0,0.0,0.0041841004184100415
193,1.0,0.5530085959885387,0.0,1.0,1.0,1.0,0.0,0.0,1.0,0.0,1.0,0.0,0.3764705882352941,0.0
664,1.0,0.1174785100286533,0.0,1.0,0.1888111888111888,1.0,0.09923664122137404,0.0,1.0,0.0,1.0,1.0,0.27058823529411763,0.0
339,1.0,0.34097421203438394,0.09345794392523364,1.0,0.35664335664335667,1.0,0.08396946564885496,1.0,1.0,0.0,0.0,1.0,0.4,0.0
127,1.0,0.38968481375358166,0.056074766355140186,1.0,1.0,1.0,0.05343511450381679,0.0,1.0,0.0,1.0,1.0,0.4470588235294118,0.25523012552301255
268,1.0,0.5673352435530086,0.3037383177570093,1.0,0.3916083916083916,1.0,0.19083969465648856,0.0,1.0,0.0,0.0,1.0,0.4235294117647059,0.0
419,0.0,0.49283667621776506,0.0794392523364486,1.0,0.26573426573426573,1.0,0.007633587786259542,1.0,1.0,0.0,1.0,1.0,0.8235294117647058,0.9581589958158996
230,0.0,0.13753581661891118,0.3364485981308411,1.0,0.5244755244755245,1.0,0.030534351145038167,1.0,0.0,0.13636363636363635,1.0,1.0,0.18235294117647058,0.02510460251046025
322,1.0,0.8939828080229226,0.6635514018691588,1.0,0.34965034965034963,0.12686567164179105,0.9465648854961832,1.0,0.0,0.5,0.0,1.0,0.047058823529411764,0.3891213389121339
456,1.0,0.7621776504297995,0.07476635514018691,1.0,0.3916083916083916,0.3283582089552239,0.6412213740458015,1.0,1.0,0.0,0.0,1.0,0.6235294117647059,0.0
228,1.0,0.7679083094555874,0.6308411214953271,1.0,0.26573426573426573,0.3283582089552239,0.9389312977099237,1.0,0.0,0.045454545454545456,0.0,1.0,0.14705882352941177,0.7489539748953975
323,1.0,0.06303724928366762,0.5046728971962616,1.0,0.3356643356643357,1.0,0.09923664122137404,1.0,1.0,0.0,1.0,1.0,0.13529411764705881,0.0
338,0.0,0.08882521489971347,0.42990654205607476,0.3078393881453155,1.0,0.3283582089552239,0.48854961832061067,1.0,1.0,0.0,1.0,1.0,0.5,0.0
353,1.0,0.5386819484240688,0.5514018691588785,1.0,0.35664335664335667,1.0,0.022900763358778626,1.0,1.0,0.0,0.0,1.0,0.8294117647058824,0.0
654,1.0,0.46418338108882523,0.056074766355140186,1.0,0.1888111888111888,1.0,0.17557251908396945,1.0,1.0,0.0,0.0,0.07941653160453808,0.9823529411764705,0.0
570,1.0,0.3524355300859599,0.11682242990654206,1.0,0.5244755244755245,0.3283582089552239,0.030534351145038167,0.0,1.0,0.0,0.0,1.0,0.4470588235294118,0.36401673640167365
190,1.0,0.03724928366762178,0.3364485981308411,1.0,0.3356643356643357,1.0,0.007633587786259542,0.0,1.0,0.0,0.0,1.0,0.3058823529411765,0.1297071129707113
469,0.0,0.2349570200573066,0.7850467289719626,0.3078393881453155,0.3356643356643357,0.3283582089552239,0.48854961832061067,0.0,1.0,0.0,0.0,1.0,0.011764705882352941,0.06694560669456066
359,1.0,0.27507163323782235,0.3364485981308411,1.0,1.0,1.0,0.22900763358778625,0.0,0.0,0.045454545454545456,1.0,1.0,0.0,0.09205020920502092
662,1.0,0.6790830945558739,0.0794392523364486,0.3078393881453155,0.35664335664335667,1.0,0.09923664122137404,1.0,0.0,0.13636363636363635,1.0,1.0,0.4,0.6234309623430963
109,1.0,0.49283667621776506,0.3037383177570093,1.0,1.0,1.0,0.22900763358778625,0.0,1.0,0.0,0.0,1.0,0.5705882352941176,0.0
432,0.0,0.4383954154727794,0.7476635514018691,1.0,0.5244755244755245,0.3283582089552239,0.015267175572519083,0.0,0.0,0.5454545454545454,0.0,1.0,0.23529411764705882,0.012552301255230125
191,1.0,0.3954154727793696,0.9065420560747663,1.0,0.35664335664335667,1.0,0.648854961832061,1.0,0.0,0.22727272727272727,0.0,1.0,0.32941176470588235,0.0
505,1.0,0.10028653295128939,0.6682242990654206,1.0,0.5244755244755245,1.0,0.19083969465648856,1.0,1.0,0.0,0.0,1.0,0.1,0.45188284518828453
366,1.0,0.45272206303724927,0.2102803738317757,0.3078393881453155,0.42657342657342656,1.0,0.007633587786259542,0.0,1.0,0.0,1.0,0.07941653160453808,0.3058823529411765,0.0
28,0.0,0.44126074498567336,0.8130841121495327,1.0,1.0,1.0,0.3511450381679389,1.0,0.0,0.045454545454545456,1.0,1.0,0.4470588235294118,0.0794979079497908
132,1.0,0.25787965616045844,0.8691588785046729,0.3078393881453155,0.34965034965034963,0.12686567164179105,0.0,0.0,1.0,0.0,1.0,1.0,0.3764705882352941,0.0
450,1.0,0.40114613180515757,0.08411214953271028,1.0,0.42657342657342656,1.0,0.05343511450381679,0.0,0.0,0.045454545454545456,1.0,1.0,0.6470588235294118,0.8242677824267782
490,1.0,0.3495702005730659,0.2570093457943925,0.3078393881453155,0.35664335664335667,1.0,0.3511450381679389,1.0,0.0,0.13636363636363635,0.0,1.0,0.7,0.497907949790795
452,0.0,0.9885386819484241,0.0,1.0,1.0,1.0,0.0,0.0,1.0,0.0,1.0,0.0,0.3764705882352941,0.0
550,1.0,0.9455587392550143,0.32242990654205606,1.0,0.42657342657342656,1.0,0.32061068702290074,1.0,0.0,0.22727272727272727,0.0,1.0,0.1,0.1589958158995816
515,0.0,0.46418338108882523,0.37850467289719625,1.0,0.1888111888111888,1.0,0.48854961832061067,1.0,1.0,0.0,0.0,1.0,0.5941176470588235,0.0
105,0.0,0.2693409742120344,0.13551401869158877,1.0,0.24475524475524477,0.3283582089552239,0.1984732824427481,1.0,1.0,0.0,0.0,1.0,0.3058823529411765,0.9163179916317992
126,0.0,0.9340974212034384,0.7009345794392523,1.0,0.5244755244755245,1.0,0.5725190839694656,1.0,0.0,0.6363636363636364,1.0,1.0,0.0,0.7322175732217573
77,1.0,0.41260744985673353,0.37850467289719625,1.0,1.0,1.0,0.030534351145038167,0.0,1.0,0.0,1.0,1.0,0.4411764705882353,0.0
499,1.0,0.1318051575931232,0.5700934579439252,1.0,1.0,1.0,0.29770992366412213,1.0,0.0,0.13636363636363635,1.0,1.0,0.4,0.7071129707112971
318,0.0,0.0057306590257879654,0.056074766355140186,1.0,1.0,1.0,0.19083969465648856,0.0,1.0,0.0,1.0,1.0,0.21764705882352942,0.07531380753138076
144,0.0,0.02865329512893983,0.1822429906542056,1.0,0.5244755244755245,1.0,0.04580152671755725,0.0,0.0,0.045454545454545456,1.0,1.0,0.19411764705882353,0.19665271966527198
390,1.0,0.9914040114613181,0.9345794392523364,1.0,0.34965034965034963,0.12686567164179105,0.0,1.0,1.0,0.0,0.0,1.0,0.0,0.0
616,0.0,0.12034383954154727,0.1822429906542056,1.0,1.0,1.0,0.0,0.0,1.0,0.0,1.0,1.0,0.0,0.0
256,1.0,0.6217765042979942,0.16822429906542055,0.3078393881453155,0.1888111888111888,1.0,0.2748091603053435,0.0,1.0,0.0,0.0,1.0,0.8058823529411765,0.0
508,1.0,0.5616045845272206,0.3037383177570093,0.3078393881453155,0.42657342657342656,1.0,0.48854961832061067,0.0,1.0,0.0,1.0,0.07941653160453808,0.4,0.0
445,1.0,0.11174785100286533,0.056074766355140186,1.0,0.5244755244755245,1.0,0.3511450381679389,1.0,0.0,0.09090909090909091,0.0,1.0,0.13529411764705881,0.0
437,1.0,0.498567335243553,0.5046728971962616,1.0,0.5244755244755245,0.3283582089552239,0.7022900763358778,1.0,0.0,0.5454545454545454,0.0,1.0,0.7705882352941177,0.6234309623430963
122,0.0,0.6475644699140402,0.2102803738317757,1.0,0.34965034965034963,0.12686567164179105,0.0,0.0,1.0,0.0,1.0,1.0,0.12941176470588237,0.0
374,1.0,0.5702005730659025,0.4392523364485981,1.0,0.24475524475524477,0.3283582089552239,0.7175572519083969,0.0,1.0,0.0,0.0,0.07941653160453808,0.9588235294117647,0.0
287,1.0,0.7048710601719198,0.0,1.0,1.0,0.1318407960199005,0.9541984732824428,1.0,1.0,0.0,1.0,1.0,0.0,0.0
519,0.0,0.3438395415472779,0.22897196261682243,1.0,0.34965034965034963,0.12686567164179105,0.0,0.0,1.0,0.0,1.0,1.0,0.6470588235294118,0.0041841004184100415
115,1.0,0.5386819484240688,0.009345794392523364,0.3078393881453155,0.24475524475524477,0.1318407960199005,0.007633587786259542,1.0,0.0,0.045454545454545456,0.0,1.0,0.5705882352941176,0.7489539748953975
624,1.0,0.37249283667621774,0.4719626168224299,1.0,0.42657342657342656,1.0,0.8854961832061069,1.0,1.0,0.0,0.0,1.0,0.11176470588235295,0.0
567,1.0,0.5444126074498568,0.2383177570093458,1.0,0.42657342657342656,0.1318407960199005,0.04580152671755725,1.0,1.0,0.0,0.0,1.0,0.31176470588235294,0.0
65,1.0,0.7220630372492837,0.6915887850467289,1.0,0.24475524475524477,0.3283582089552239,0.8091603053435115,1.0,0.0,0.36363636363636365,1.0,1.0,0.0,0.0
274,1.0,0.19197707736389685,0.7616822429906542,1.0,0.42657342657342656,1.0,0.3511450381679389,1.0,0.0,0.045454545454545456,1.0,1.0,0.13529411764705881,0.3723849372384937
29,1.0,0.2177650429799427,0.3037383177570093,1.0,1.0,1.0,0.20610687022900764,1.0,0.0,0.5,0.0,1.0,0.1,0.7740585774058577
267,1.0,0.5415472779369628,0.21495327102803738,1.0,0.26573426573426573,1.0,0.2824427480916031,1.0,0.0,0.045454545454545456,0.0,1.0,0.9117647058823529,0.9916317991631799
394,0.0,0.28939828080229224,0.0,1.0,1.0,1.0,0.0,0.0,1.0,0.0,1.0,0.0,0.3764705882352941,0.0
683,0.0,0.8137535816618912,0.19158878504672897,1.0,0.3916083916083916,0.0,0.061068702290076333,0.0,1.0,0.0,1.0,1.0,0.0,0.23430962343096234
439,1.0,0.18911174785100288,0.07009345794392523,1.0,0.3356643356643357,1.0,0.022900763358778626,0.0,1.0,0.0,0.0,1.0,0.5705882352941176,0.15481171548117154
489,1.0,0.6762177650429799,0.07476635514018691,1.0,0.24475524475524477,1.0,0.04580152671755725,1.0,1.0,0.0,1.0,0.07941653160453808,0.5764705882352941,0.0
112,1.0,0.35816618911174786,0.40186915887850466,0.3078393881453155,0.3916083916083916,0.3283582089552239,0.7175572519083969,1.0,0.0,0.09090909090909091,0.0,1.0,0.12352941176470589,0.0
251,1.0,0.25501432664756446,0.8644859813084113,0.3078393881453155,0.35664335664335667,1.0,0.007633587786259542,0.0,1.0,0.0,0.0,1.0,0.21764705882352942,0.4686192468619247
84,1.0,0.22922636103151864,0.14953271028037382,1.0,1.0,1.0,0.09923664122137404,0.0,1.0,0.0,0.0,0.07941653160453808,0.5705882352941176,0.0
327,0.0,0.8653295128939829,0.5514018691588785,1.0,0.3916083916083916,0.1318407960199005,0.5038167938931297,0.0,1.0,0.0,0.0,1.0,0.11764705882352941,0.0
672,0.0,0.05730659025787966,0.719626168224299,1.0,0.34965034965034963,0.12686567164179105,0.0,0.0,1.0,0.0,1.0,1.0,0.0,0.14644351464435146
216,1.0,0.5272206303724928,0.27102803738317754,1.0,1.0,1.0,0.2748091603053435,0.0,1.0,0.0,1.0,0.0,0.21764705882352942,0.0
473,1.0,0.4899713467048711,0.8925233644859814,0.3078393881453155,0.34965034965034963,0.12686567164179105,0.0,0.0,0.0,0.09090909090909091,1.0,1.0,0.3058823529411765,0.0041841004184100415
595,1.0,0.18051575931232092,0.6074766355140186,0.3078393881453155,0.3916083916083916,0.1318407960199005,0.030534351145038167,0.0,1.0,0.0,0.0,1.0,0.3764705882352941,0.0
516,0.0,0.1318051575931232,0.5887850467289719,1.0,0.3356643356643357,1.0,0.2748091603053435,1.0,0.0,0.045454545454545456,1.0,1.0,0.3058823529411765,0.34309623430962344
495,0.0,0.5272206303724928,0.056074766355140186,1.0,0.26573426573426573,1.0,0.06870229007633588,0.0,1.0,0.0,1.0,1.0,0.5941176470588235,0.14225941422594143
509,1.0,0.39255014326647564,0.37850467289719625,1.0,0.42657342657342656,1.0,0.549618320610687,1.0,0.0,0.13636363636363635,0.0,1.0,0.6294117647058823,0.0
651,1.0,0.23209169054441262,0.35514018691588783,0.3078393881453155,0.3356643356643357,1.0,0.07633587786259542,0.0,0.0,0.045454545454545456,0.0,1.0,0.5705882352941176,0.18410041841004185
670,0.0,0.6275071633237822,0.5046728971962616,1.0,0.5244755244755245,1.0,0.022900763358778626,1.0,1.0,0.0,0.0,1.0,0.47058823529411764,0.0
36,1.0,0.2693409742120344,0.8364485981308412,1.0,0.35664335664335667,1.0,0.48854961832061067,1.0,1.0,0.0,0.0,0.07941653160453808,0.011764705882352941,0.0
553,1.0,0.839541547277937,0.9485981308411215,1.0,0.34965034965034963,0.12686567164179105,0.0,1.0,0.0,0.045454545454545456,1.0,1.0,0.16470588235294117,0.0
2,0.0,0.4040114613180516,0.2383177570093458,0.3078393881453155,0.3356643356643357,1.0,0.22900763358778625,0.0,1.0,0.0,0.0,1.0,0.5705882352941176,0.0
636,1.0,0.25787965616045844,0.1822429906542056,1.0,1.0,1.0,0.04580152671755725,0.0,1.0,0.0,1.0,1.0,0.2,0.0
303,1.0,0.08022922636103152,0.5186915887850467,1.0,0.1888111888111888,1.0,0.10687022900763359,0.0,1.0,0.0,1.0,1.0,0.21764705882352942,0.0
501,1.0,0.06303724928366762,0.5654205607476636,0.3078393881453155,0.24475524475524477,1.0,0.007633587786259542,0.0,1.0,0.0,1.0,1.0,0.25882352941176473,0.0
189,0.0,0.2148997134670487,0.24766355140186916,1.0,0.04895104895104895,0.004975124378109453,0.0,0.0,0.0,0.045454545454545456,1.0,1.0,0.4,0.1506276150627615
640,1.0,0.23209169054441262,0.32242990654205606,1.0,0.34965034965034963,0.12686567164179105,0.6106870229007634,0.0,1.0,0.0,1.0,1.0,0.3058823529411765,0.100418410041841
468,1.0,0.8252148997134671,0.5514018691588785,1.0,0.5244755244755245,0.3283582089552239,0.7251908396946565,1.0,1.0,0.0,0.0,1.0,0.6647058823529411,0.0
236,0.0,0.2492836676217765,0.3037383177570093,0.3078393881453155,0.3916083916083916,0.1318407960199005,0.6106870229007634,0.0,1.0,0.0,1.0,1.0,0.4,0.4602510460251046
134,1.0,0.6962750716332379,0.1308411214953271,1.0,0.34965034965034963,0.12686567164179105,0.0,1.0,1.0,0.0,1.0,1.0,0.2411764705882353,0.0041841004184100415
229,0.0,0.20916905444126074,0.2850467289719626,1.0,0.5244755244755245,0.3283582089552239,0.3969465648854962,1.0,0.0,0.3181818181818182,0.0,1.0,0.25882352941176473,0.803347280334728
605,0.0,0.8681948424068768,0.0,0.3078393881453155,0.34965034965034963,0.12686567164179105,0.0,0.0,1.0,0.0,1.0,1.0,0.0,0.0
581,1.0,0.9054441260744985,0.8364485981308412,1.0,0.3356643356643357,0.3283582089552239,0.816793893129771,1.0,1.0,0.0,0.0,1.0,0.029411764705882353,0.7573221757322176
26,1.0,0.1977077363896848,0.018691588785046728,0.3078393881453155,0.3356643356643357,1.0,0.022900763358778626,0.0,1.0,0.0,1.0,1.0,0.4,0.1799163179916318
418,0.0,0.46418338108882523,0.7757009345794392,1.0,0.34965034965034963,0.12686567164179105,0.0,0.0,1.0,0.0,1.0,1.0,0.3764705882352941,0.895397489539749
358,1.0,0.34097421203438394,0.22897196261682243,1.0,0.26573426573426573,0.3283582089552239,0.6564885496183206,1.0,0.0,0.4090909090909091,1.0,1.0,0.7588235294117647,0.5899581589958159
573,0.0,0.23209169054441262,0.2102803738317757,1.0,0.42657342657342656,1.0,0.17557251908396945,0.0,1.0,0.0,0.0,1.0,0.3058823529411765,0.0
254,0.0,0.6934097421203438,0.7009345794392523,1.0,0.5244755244755245,0.3283582089552239,0.32061068702290074,1.0,1.0,0.0,1.0,1.0,0.041176470588235294,0.5941422594142259
514,1.0,0.20630372492836677,0.7850467289719626,1.0,0.3916083916083916,1.0,0.07633587786259542,0.0,1.0,0.0,1.0,1.0,0.0,0.0
325,1.0,0.6303724928366762,0.7149532710280374,1.0,0.24475524475524477,1.0,0.4351145038167939,1.0,0.0,0.2727272727272727,1.0,1.0,0.9117647058823529,0.3138075313807531
187,1.0,0.3123209169054441,0.21495327102803738,1.0,0.42657342657342656,1.0,0.022900763358778626,0.0,1.0,0.0,1.0,1.0,0.18235294117647058,0.0
613,1.0,0.667621776504298,0.2336448598130841,0.3078393881453155,0.24475524475524477,1.0,0.030534351145038167,0.0,1.0,0.0,1.0,0.07941653160453808,0.7647058823529411,0.0
612,1.0,0.30945558739255014,0.04205607476635514,1.0,0.3916083916083916,0.1318407960199005,0.0,1.0,1.0,0.0,0.0,1.0,0.0,0.0
510,1.0,0.16045845272206305,0.11682242990654206,0.3078393881453155,0.0,0.0,0.1450381679389313,0.0,1.0,0.0,0.0,1.0,0.24705882352941178,0.008368200836820083
20,0.0,0.3667621776504298,0.08878504672897196,1.0,0.35664335664335667,1.0,0.007633587786259542,0.0,1.0,0.0,1.0,1.0,0.5352941176470588,0.6276150627615062
66,0.0,0.10601719197707736,0.02336448598130841,1.0,0.5244755244755245,1.0,0.007633587786259542,0.0,1.0,0.0,0.0,1.0,0.7235294117647059,0.0
81,0.0,0.5702005730659025,0.3925233644859813,1.0,0.34965034965034963,0.12686567164179105,0.0,0.0,0.0,0.2727272727272727,1.0,1.0,0.0,0.3179916317991632
399,0.0,0.40114613180515757,0.16355140186915887,0.3078393881453155,0.24475524475524477,1.0,0.19083969465648856,0.0,1.0,0.0,1.0,1.0,0.5705882352941176,0.05439330543933055
668,0.0,0.4899713467048711,0.2102803738317757,1.0,1.0,1.0,0.04580152671755725,0.0,1.0,0.0,0.0,1.0,0.711764705882353,0.2384937238493724
666,1.0,0.32664756446991405,0.4392523364485981,0.3078393881453155,1.0,0.1318407960199005,0.4351145038167939,0.0,1.0,0.0,1.0,1.0,0.4,0.6652719665271967
156,1.0,0.06017191977077364,0.02336448598130841,1.0,0.5244755244755245,0.0,0.03816793893129771,0.0,1.0,0.0,1.0,1.0,0.4,0.1297071129707113
180,1.0,0.7020057306590258,0.1822429906542056,0.3078393881453155,0.42657342657342656,1.0,0.04580152671755725,0.0,1.0,0.0,1.0,1.0,0.0,0.30962343096234307
497,0.0,0.3839541547277937,0.1542056074766355,1.0,1.0,1.0,0.4351145038167939,1.0,0.0,0.22727272727272727,0.0,1.0,0.5941176470588235,0.7154811715481172
133,0.0,0.31805157593123207,0.3177570093457944,0.3078393881453155,1.0,1.0,0.015267175572519083,0.0,1.0,0.0,1.0,0.07941653160453808,0.13529411764705881,0.0
532,1.0,0.5558739255014327,0.1588785046728972,1.0,0.24475524475524477,1.0,0.21374045801526717,0.0,1.0,0.0,1.0,0.07941653160453808,0.03529411764705882,0.0
38,0.0,0.8051575931232091,0.6121495327102804,1.0,1.0,1.0,0.8015267175572519,1.0,0.0,0.2727272727272727,0.0,1.0,0.0,0.6820083682008368
533,1.0,0.4068767908309456,0.20093457943925233,1.0,0.42657342657342656,0.3283582089552239,0.1450381679389313,1.0,0.0,0.045454545454545456,1.0,1.0,0.5,0.20502092050209206
540,0.0,0.2034383954154728,0.12149532710280374,1.0,0.3916083916083916,1.0,0.015267175572519083,0.0,1.0,0.0,1.0,1.0,0.27058823529411763,0.0
239,1.0,0.8194842406876791,0.8130841121495327,1.0,0.24475524475524477,1.0,0.9694656488549618,1.0,1.0,0.0,1.0,0.07941653160453808,0.2,0.0
333,1.0,0.5902578796561605,0.06542056074766354,0.3078393881453155,0.42657342657342656,1.0,0.05343511450381679,0.0,1.0,0.0,0.0,1.0,0.6058823529411764,0.008368200836820083
35,1.0,0.994269340974212,0.9485981308411215,0.3078393881453155,0.34965034965034963,0.12686567164179105,0.007633587786259542,0.0,0.0,0.09090909090909091,1.0,1.0,0.0,0.4225941422594142
69,1.0,0.34097421203438394,0.21962616822429906,1.0,0.26573426573426573,0.3283582089552239,0.3282442748091603,1.0,0.0,0.5454545454545454,0.0,1.0,0.9352941176470588,0.5439330543933054
39,0.0,0.7994269340974212,0.3364485981308411,1.0,0.24475524475524477,1.0,0.9312977099236641,1.0,0.0,0.09090909090909091,0.0,1.0,0.9058823529411765,0.7405857740585774
101,1.0,0.6446991404011462,0.037383177570093455,1.0,0.3356643356643357,1.0,0.015267175572519083,1.0,1.0,0.0,0.0,1.0,0.5705882352941176,0.0
583,1.0,0.48424068767908307,0.40186915887850466,1.0,0.24475524475524477,1.0,0.4351145038167939,1.0,1.0,0.0,0.0,1.0,0.6823529411764706,0.0
496,1.0,0.29512893982808025,0.11682242990654206,1.0,1.0,0.1318407960199005,0.04580152671755725,1.0,1.0,0.0,1.0,1.0,0.6588235294117647,0.09623430962343096
475,1.0,0.2349570200573066,0.07009345794392523,0.3078393881453155,0.42657342657342656,1.0,0.4580152671755725,1.0,0.0,0.2727272727272727,0.0,1.0,0.4176470588235294,0.41422594142259417
545,1.0,0.034383954154727794,0.014018691588785047,0.3078393881453155,1.0,1.0,0.007633587786259542,0.0,1.0,0.0,1.0,1.0,0.25882352941176473,0.5481171548117155
238,1.0,0.5787965616045845,0.11682242990654206,1.0,0.3356643356643357,1.0,0.2748091603053435,0.0,1.0,0.0,0.0,1.0,0.4823529411764706,0.0
244,1.0,0.3954154727793696,0.8598130841121495,1.0,0.1888111888111888,0.3283582089552239,0.09923664122137404,0.0,1.0,0.0,1.0,1.0,0.47058823529411764,0.0
138,1.0,0.29512893982808025,0.07476635514018691,1.0,1.0,1.0,0.26717557251908397,1.0,0.0,0.22727272727272727,0.0,1.0,0.6176470588235294,0.0
587,0.0,0.6332378223495702,0.5327102803738317,1.0,0.3356643356643357,1.0,0.19083969465648856,1.0,1.0,0.0,0.0,1.0,0.0,0.0
169,1.0,0.07449856733524356,0.7383177570093458,0.3078393881453155,0.35664335664335667,1.0,0.022900763358778626,1.0,1.0,0.0,1.0,1.0,0.21764705882352942,0.4351464435146444
611,1.0,0.5988538681948424,0.11682242990654206,0.3078393881453155,0.1888111888111888,1.0,0.11450381679389313,0.0,1.0,0.0,1.0,1.0,0.5,0.012552301255230125
341,1.0,0.10315186246418338,0.2102803738317757,0.3078393881453155,0.26573426573426573,1.0,0.3511450381679389,1.0,1.0,0.0,0.0,1.0,0.18235294117647058,0.08368200836820083
604,0.0,0.7851002865329513,0.07009345794392523,1.0,0.26573426573426573,0.3283582089552239,0.07633587786259542,1.0,0.0,0.5,0.0,1.0,0.8235294117647058,0.02510460251046025
207,0.0,0.6876790830945558,0.616822429906542,0.3078393881453155,0.3356643356643357,1.0,0.030534351145038167,0.0,0.0,0.09090909090909091,1.0,1.0,0.3764705882352941,0.07531380753138076
687,0.0,0.08882521489971347,0.6728971962616822,1.0,0.35664335664335667,1.0,0.015267175572519083,1.0,1.0,0.0,1.0,1.0,0.18235294117647058,0.0
663,0.0,0.30659025787965616,0.6401869158878505,1.0,0.35664335664335667,1.0,0.2595419847328244,1.0,1.0,0.0,1.0,1.0,0.3058823529411765,0.2719665271966527
383,1.0,0.022922636103151862,0.0,0.3078393881453155,0.35664335664335667,1.0,0.04580152671755725,0.0,1.0,0.0,1.0,1.0,0.1,0.0
302,1.0,0.501432664756447,0.2897196261682243,1.0,0.1888111888111888,0.3283582089552239,0.7175572519083969,0.0,1.0,0.0,0.0,1.0,0.5882352941176471,0.0
141,0.0,0.18911174785100288,0.1822429906542056,0.3078393881453155,0.34965034965034963,0.12686567164179105,0.5343511450381679,0.0,1.0,0.0,1.0,1.0,0.5705882352941176,0.0
370,0.0,0.14326647564469913,0.3364485981308411,1.0,0.35664335664335667,1.0,0.007633587786259542,1.0,1.0,0.0,1.0,1.0,0.18235294117647058,0.0
176,0.0,0.9197707736389685,0.4252336448598131,0.3078393881453155,0.34965034965034963,0.12686567164179105,0.6412213740458015,0.0,1.0,0.0,0.0,1.0,0.0,0.016736401673640166
646,0.0,0.11461318051575932,0.11682242990654206,1.0,1.0,1.0,0.16030534351145037,1.0,0.0,0.22727272727272727,0.0,1.0,0.25882352941176473,0.02092050209205021
128,0.0,0.7793696275071633,0.40186915887850466,1.0,0.04895104895104895,0.004975124378109453,0.0,1.0,1.0,0.0,1.0,1.0,0.18235294117647058,0.6150627615062761
525,1.0,0.17765042979942694,0.07476635514018691,1.0,1.0,1.0,0.022900763358778626,0.0,1.0,0.0,1.0,1.0,0.6823529411764706,0.0
387,1.0,0.6418338108882522,0.3691588785046729,1.0,0.42657342657342656,1.0,0.5725190839694656,1.0,0.0,0.6363636363636364,1.0,1.0,0.7352941176470589,0.698744769874477
83,1.0,0.6790830945558739,0.4719626168224299,1.0,0.3916083916083916,0.1318407960199005,0.03816793893129771,0.0,1.0,0.0,1.0,1.0,0.9235294117647059,0.0
655,0.0,0.27793696275071633,0.8364485981308412,1.0,0.1888111888111888,1.0,0.19083969465648856,0.0,1.0,0.0,0.0,1.0,0.36470588235294116,0.6359832635983264
606,1.0,0.6590257879656161,0.3037383177570093,0.3078393881453155,0.3916083916083916,0.3283582089552239,0.8702290076335878,0.0,1.0,0.0,0.0,0.07941653160453808,0.4,0.0
42,1.0,0.32664756446991405,0.16822429906542055,1.0,0.24475524475524477,0.3283582089552239,0.22900763358778625,1.0,1.0,0.0,1.0,1.0,0.0,0.899581589958159
628,0.0,0.25501432664756446,0.1542056074766355,0.3078393881453155,0.34965034965034963,0.12686567164179105,0.09923664122137404,1.0,0.0,0.13636363636363635,1.0,1.0,0.36470588235294116,0.26778242677824265
195,1.0,0.2693409742120344,0.7757009345794392,1.0,1.0,1.0,0.4351145038167939,1.0,0.0,0.7727272727272727,1.0,1.0,0.4,0.6610878661087866
62,1.0,0.07736389684813753,0.2523364485981308,1.0,0.3916083916083916,1.0,0.2748091603053435,1.0,0.0,0.09090909090909091,1.0,1.0,0.21764705882352942,0.3891213389121339
104,1.0,0.09455587392550144,0.0,0.3078393881453155,0.34965034965034963,0.12686567164179105,0.0,0.0,0.0,0.18181818181818182,1.0,1.0,0.07058823529411765,0.0041841004184100415
527,0.0,0.7736389684813754,0.14953271028037382,1.0,0.5244755244755245,1.0,0.022900763358778626,0.0,1.0,0.0,0.0,1.0,0.5411764705882353,0.0
245,0.0,0.03151862464183381,0.07476635514018691,1.0,0.3916083916083916,1.0,0.030534351145038167,0.0,0.0,0.2727272727272727,0.0,1.0,0.5,0.12133891213389121
328,1.0,0.18624641833810887,0.2803738317757009,1.0,0.3916083916083916,1.0,0.022900763358778626,0.0,1.0,0.0,1.0,1.0,0.3058823529411765,0.04184100418410042
147,0.0,0.011461318051575931,0.3317757009345794,1.0,0.5244755244755245,1.0,0.015267175572519083,0.0,1.0,0.0,1.0,1.0,0.21764705882352942,0.0
