,top-left-square,top-middle-square,top-right-square,middle-left-square,middle-middle-square,middle-right-square,bottom-left-square,bottom-middle-square,bottom-right-square
456,0.6103286384976526,0.0,1.0,0.0,0.0,1.0,0.6103286384976526,0.0,1.0
121,1.0,0.625,1.0,0.625,1.0,1.0,1.0,0.625,0.6103286384976526
738,1.0,0.0,0.0,0.625,0.6040268456375839,0.625,0.0,1.0,1.0
407,0.6103286384976526,0.625,1.0,0.0,0.0,0.625,1.0,1.0,1.0
183,1.0,0.625,0.6103286384976526,0.0,1.0,0.0,0.6103286384976526,1.0,1.0
873,0.6103286384976526,0.0,0.0,1.0,0.6040268456375839,0.0,1.0,1.0,0.6103286384976526
865,0.6103286384976526,0.0,1.0,0.0,0.6040268456375839,1.0,0.0,1.0,0.6103286384976526
284,1.0,0.0,0.0,1.0,0.0,0.625,1.0,0.0,0.6103286384976526
630,1.0,1.0,0.6103286384976526,1.0,0.6040268456375839,1.0,0.6103286384976526,0.0,0.6103286384976526
522,0.0,1.0,0.0,0.625,1.0,0.0,0.0,1.0,0.6103286384976526
337,0.6103286384976526,1.0,0.6103286384976526,0.0,1.0,1.0,0.0,1.0,0.6103286384976526
339,0.6103286384976526,1.0,0.6103286384976526,0.0,1.0,0.625,0.0,1.0,1.0
158,1.0,0.625,0.6103286384976526,1.0,0.6040268456375839,1.0,1.0,1.0,0.6103286384976526
901,0.0,1.0,0.6103286384976526,1.0,0.0,0.625,0.0,1.0,0.6103286384976526
834,0.6103286384976526,0.625,0.6103286384976526,0.625,1.0,1.0,0.0,1.0,1.0
286,1.0,0.0,0.0,0.625,1.0,1.0,0.6103286384976526,0.625,1.0
774,0.6103286384976526,1.0,0.6103286384976526,1.0,1.0,0.625,1.0,0.0,0.6103286384976526
84,1.0,1.0,0.6103286384976526,1.0,0.0,0.625,1.0,0.625,0.0
950,1.0,0.625,0.6103286384976526,0.625,1.0,1.0,1.0,1.0,0.6103286384976526
95,1.0,1.0,0.6103286384976526,0.625,1.0,0.0,0.0,0.625,1.0
928,0.0,0.0,1.0,1.0,1.0,0.0,0.6103286384976526,0.625,0.6103286384976526
478,0.6103286384976526,0.0,0.0,1.0,0.6040268456375839,0.625,1.0,1.0,1.0
125,1.0,0.625,1.0,0.625,1.0,0.625,1.0,0.0,0.0
315,0.6103286384976526,1.0,1.0,0.0,0.6040268456375839,1.0,0.6103286384976526,0.0,1.0
688,1.0,0.625,1.0,0.0,0.6040268456375839,0.0,1.0,0.625,0.0
728,1.0,0.0,0.6103286384976526,0.0,1.0,0.625,1.0,0.0,0.6103286384976526
519,0.0,1.0,0.0,0.625,1.0,0.625,0.6103286384976526,1.0,1.0
157,1.0,0.625,0.6103286384976526,1.0,1.0,0.0,0.0,0.625,1.0
191,1.0,0.625,0.0,1.0,1.0,0.625,1.0,0.0,0.6103286384976526
488,0.0,1.0,1.0,0.625,1.0,0.0,1.0,0.625,0.6103286384976526
160,1.0,0.625,0.6103286384976526,1.0,0.6040268456375839,0.625,1.0,1.0,1.0
403,0.6103286384976526,0.625,1.0,0.0,0.6040268456375839,0.0,1.0,1.0,1.0
444,0.6103286384976526,0.0,1.0,0.625,0.0,0.625,1.0,1.0,1.0
306,0.6103286384976526,1.0,1.0,0.625,0.6040268456375839,1.0,1.0,0.625,1.0
72,1.0,1.0,1.0,0.0,0.0,0.625,0.6103286384976526,0.0,0.0
164,1.0,0.625,0.6103286384976526,1.0,0.0,1.0,1.0,0.0,0.6103286384976526
359,0.6103286384976526,1.0,0.0,0.0,1.0,0.625,1.0,1.0,0.6103286384976526
501,0.0,1.0,0.6103286384976526,0.625,1.0,1.0,0.6103286384976526,1.0,0.0
765,0.6103286384976526,1.0,1.0,0.625,0.0,0.0,0.6103286384976526,1.0,0.0
549,0.0,0.625,1.0,0.625,0.0,0.625,1.0,1.0,1.0
119,1.0,0.625,1.0,1.0,0.0,0.625,1.0,0.0,0.6103286384976526
536,0.0,0.625,1.0,0.625,1.0,1.0,0.6103286384976526,0.0,1.0
369,0.6103286384976526,0.625,1.0,1.0,1.0,1.0,0.0,0.625,0.0
214,1.0,0.625,0.0,0.625,0.6040268456375839,0.0,1.0,1.0,1.0
891,0.0,1.0,0.6103286384976526,1.0,1.0,0.625,1.0,0.625,0.6103286384976526
66,1.0,1.0,1.0,0.0,0.6040268456375839,0.0,0.6103286384976526,0.0,0.0
319,0.6103286384976526,1.0,0.6103286384976526,1.0,1.0,1.0,0.6103286384976526,1.0,0.6103286384976526
533,0.0,0.625,1.0,1.0,0.0,1.0,0.6103286384976526,0.625,1.0
779,0.6103286384976526,1.0,0.6103286384976526,1.0,0.6040268456375839,0.0,1.0,1.0,0.6103286384976526
923,0.0,0.625,0.6103286384976526,1.0,0.6040268456375839,1.0,0.6103286384976526,1.0,1.0
408,0.6103286384976526,0.625,0.0,1.0,1.0,1.0,1.0,0.625,0.0
880,0.0,1.0,1.0,1.0,0.6040268456375839,1.0,0.6103286384976526,0.625,0.6103286384976526
573,0.0,0.625,0.6103286384976526,0.0,1.0,0.625,1.0,1.0,1.0
757,0.6103286384976526,1.0,1.0,0.625,0.6040268456375839,0.625,1.0,1.0,0.0
16,1.0,1.0,1.0,0.625,1.0,0.625,0.0,0.625,0.0
371,0.6103286384976526,0.625,1.0,1.0,1.0,0.625,1.0,1.0,0.6103286384976526
5,1.0,1.0,1.0,1.0,0.6040268456375839,0.625,0.0,0.0,0.6103286384976526
430,0.6103286384976526,0.0,1.0,1.0,0.0,1.0,0.6103286384976526,0.625,1.0
564,0.0,0.625,0.6103286384976526,1.0,1.0,1.0,0.6103286384976526,1.0,0.0
719,1.0,0.0,0.6103286384976526,1.0,0.6040268456375839,1.0,0.6103286384976526,1.0,0.6103286384976526
174,1.0,0.625,0.6103286384976526,0.625,1.0,0.0,1.0,0.0,1.0
135,1.0,0.625,1.0,0.625,0.0,1.0,0.0,0.625,1.0
391,0.6103286384976526,0.625,1.0,0.625,0.0,0.0,1.0,1.0,1.0
73,1.0,1.0,1.0,0.0,0.0,0.625,0.0,0.625,0.0
356,0.6103286384976526,1.0,0.0,0.625,0.6040268456375839,0.0,1.0,1.0,1.0
327,0.6103286384976526,1.0,0.6103286384976526,1.0,1.0,0.0,0.0,1.0,0.6103286384976526
105,1.0,1.0,0.0,0.625,1.0,0.625,0.6103286384976526,1.0,0.0
899,0.0,1.0,0.6103286384976526,1.0,0.6040268456375839,0.0,0.6103286384976526,0.0,1.0
545,0.0,0.625,1.0,0.625,0.6040268456375839,0.0,1.0,1.0,1.0
80,1.0,1.0,0.6103286384976526,1.0,0.6040268456375839,0.625,1.0,0.625,1.0
28,1.0,1.0,1.0,0.625,0.6040268456375839,0.0,1.0,0.0,0.6103286384976526
60,1.0,1.0,1.0,0.0,0.6040268456375839,0.625,0.0,1.0,0.6103286384976526
608,0.0,0.0,0.6103286384976526,1.0,1.0,1.0,1.0,0.625,0.6103286384976526
24,1.0,1.0,1.0,0.625,0.6040268456375839,1.0,0.6103286384976526,0.0,0.0
94,1.0,1.0,0.6103286384976526,0.625,1.0,0.0,0.0,1.0,0.6103286384976526
402,0.6103286384976526,0.625,1.0,0.0,0.6040268456375839,1.0,0.0,1.0,1.0
375,0.6103286384976526,0.625,1.0,1.0,1.0,0.0,1.0,0.0,0.6103286384976526
760,0.6103286384976526,1.0,1.0,0.625,0.6040268456375839,0.0,1.0,1.0,0.6103286384976526
507,0.0,1.0,0.6103286384976526,0.625,1.0,0.0,0.0,1.0,0.0
552,0.0,0.625,1.0,0.0,1.0,0.625,1.0,1.0,0.6103286384976526
56,1.0,1.0,1.0,0.0,0.6040268456375839,0.625,1.0,0.625,0.0
312,0.6103286384976526,1.0,1.0,0.0,1.0,0.625,0.0,1.0,0.6103286384976526
184,1.0,0.625,0.6103286384976526,0.0,1.0,0.0,0.0,0.0,1.0
325,0.6103286384976526,1.0,0.6103286384976526,1.0,1.0,0.625,0.0,1.0,0.0
615,0.0,0.0,0.6103286384976526,0.625,1.0,0.625,1.0,1.0,1.0
30,1.0,1.0,1.0,0.625,0.6040268456375839,0.0,0.6103286384976526,0.0,1.0
925,0.0,0.625,0.0,1.0,0.6040268456375839,1.0,0.0,0.625,1.0
201,1.0,0.625,0.0,1.0,0.0,1.0,1.0,0.625,0.6103286384976526
267,1.0,0.0,0.6103286384976526,0.625,0.0,0.625,1.0,1.0,1.0
35,1.0,1.0,1.0,0.625,0.0,1.0,0.6103286384976526,0.0,0.6103286384976526
189,1.0,0.625,0.0,1.0,1.0,1.0,0.0,0.625,0.6103286384976526
859,0.6103286384976526,0.0,1.0,0.625,1.0,0.0,0.6103286384976526,1.0,0.0
582,0.0,0.625,0.0,1.0,0.6040268456375839,0.625,1.0,1.0,1.0
381,0.6103286384976526,0.625,1.0,0.625,1.0,1.0,1.0,1.0,0.6103286384976526
357,0.6103286384976526,1.0,0.0,0.625,0.0,0.625,1.0,1.0,1.0
197,1.0,0.625,0.0,1.0,0.6040268456375839,0.625,1.0,1.0,0.0
163,1.0,0.625,0.6103286384976526,1.0,0.0,1.0,1.0,0.625,0.0
368,0.6103286384976526,0.625,1.0,1.0,1.0,1.0,0.6103286384976526,0.0,0.0
814,0.6103286384976526,0.625,0.6103286384976526,1.0,1.0,0.0,1.0,1.0,0.6103286384976526
239,1.0,0.0,0.6103286384976526,1.0,1.0,1.0,0.6103286384976526,0.625,0.0
428,0.6103286384976526,0.0,1.0,1.0,0.6040268456375839,1.0,0.6103286384976526,0.0,1.0
869,0.6103286384976526,0.0,0.6103286384976526,1.0,0.6040268456375839,1.0,0.6103286384976526,1.0,1.0
360,0.6103286384976526,1.0,0.0,0.0,1.0,0.625,0.6103286384976526,1.0,1.0
736,1.0,0.0,0.0,0.625,0.6040268456375839,0.625,1.0,1.0,0.0
281,1.0,0.0,0.0,1.0,0.6040268456375839,0.0,1.0,0.625,0.0
604,0.0,0.0,1.0,0.0,1.0,0.0,1.0,0.625,0.6103286384976526
144,1.0,0.625,0.6103286384976526,1.0,1.0,1.0,1.0,0.625,0.6103286384976526
424,0.6103286384976526,0.0,1.0,1.0,1.0,1.0,0.0,0.625,0.6103286384976526
475,0.6103286384976526,0.0,0.0,1.0,1.0,1.0,0.6103286384976526,0.0,0.0
629,1.0,1.0,0.6103286384976526,1.0,0.6040268456375839,1.0,0.6103286384976526,0.625,0.0
737,1.0,0.0,0.0,0.625,0.6040268456375839,0.625,1.0,0.0,1.0
425,0.6103286384976526,0.0,1.0,1.0,1.0,0.625,1.0,0.625,0.0
840,0.6103286384976526,0.625,0.6103286384976526,0.0,1.0,1.0,0.0,0.0,1.0
535,0.0,0.625,1.0,0.625,1.0,1.0,1.0,0.0,0.6103286384976526
109,1.0,1.0,0.0,0.625,1.0,0.0,0.6103286384976526,1.0,0.6103286384976526
821,0.6103286384976526,0.625,0.6103286384976526,1.0,0.6040268456375839,1.0,1.0,0.0,1.0
279,1.0,0.0,0.0,1.0,0.6040268456375839,0.625,1.0,0.625,1.0
815,0.6103286384976526,0.625,0.6103286384976526,1.0,1.0,0.0,1.0,0.625,1.0
52,1.0,1.0,1.0,0.0,1.0,0.625,0.0,0.625,0.6103286384976526
346,0.6103286384976526,1.0,0.0,1.0,1.0,1.0,0.6103286384976526,0.0,0.6103286384976526
186,1.0,0.625,0.6103286384976526,0.0,0.0,0.625,1.0,1.0,1.0
364,0.6103286384976526,1.0,0.0,0.0,0.6040268456375839,0.625,1.0,1.0,1.0
483,0.6103286384976526,0.0,0.0,0.0,0.0,0.625,1.0,1.0,1.0
32,1.0,1.0,1.0,0.625,0.6040268456375839,0.0,0.0,0.625,1.0
858,0.6103286384976526,0.0,1.0,0.625,1.0,0.625,0.6103286384976526,1.0,1.0
824,0.6103286384976526,0.625,0.6103286384976526,1.0,0.0,1.0,1.0,0.625,1.0
955,0.6103286384976526,1.0,0.6103286384976526,1.0,0.6040268456375839,1.0,1.0,0.625,1.0
870,0.6103286384976526,0.0,0.6103286384976526,0.625,1.0,1.0,0.6103286384976526,1.0,1.0
345,0.6103286384976526,1.0,0.0,1.0,1.0,1.0,0.6103286384976526,0.625,0.0
278,1.0,0.0,0.0,1.0,0.6040268456375839,0.625,1.0,1.0,0.6103286384976526
825,0.6103286384976526,0.625,0.6103286384976526,1.0,0.0,1.0,1.0,0.0,0.0
936,0.0,0.0,0.6103286384976526,1.0,0.6040268456375839,1.0,0.6103286384976526,1.0,0.0
567,0.0,0.625,0.6103286384976526,1.0,1.0,1.0,0.0,0.625,1.0
173,1.0,0.625,0.6103286384976526,0.625,1.0,0.625,1.0,1.0,1.0
49,1.0,1.0,1.0,0.625,0.0,0.0,0.0,0.0,0.6103286384976526
771,0.6103286384976526,1.0,1.0,0.0,0.6040268456375839,0.625,1.0,1.0,0.6103286384976526
51,1.0,1.0,1.0,0.0,1.0,0.625,0.6103286384976526,0.0,0.6103286384976526
547,0.0,0.625,1.0,0.625,0.0,1.0,0.6103286384976526,1.0,1.0
543,0.0,0.625,1.0,0.625,0.6040268456375839,1.0,1.0,0.0,1.0
208,1.0,0.625,0.0,0.625,1.0,1.0,0.0,0.625,1.0
53,1.0,1.0,1.0,0.0,0.6040268456375839,1.0,0.6103286384976526,0.625,0.0
335,0.6103286384976526,1.0,0.6103286384976526,0.625,0.0,0.0,1.0,1.0,1.0
414,0.6103286384976526,0.625,0.0,1.0,1.0,1.0,0.0,0.0,0.0
791,0.6103286384976526,1.0,0.0,1.0,0.6040268456375839,0.0,0.0,1.0,0.6103286384976526
155,1.0,0.625,0.6103286384976526,1.0,1.0,0.0,1.0,0.0,0.6103286384976526
59,1.0,1.0,1.0,0.0,0.6040268456375839,0.625,0.6103286384976526,0.0,1.0
472,0.6103286384976526,0.0,0.0,1.0,1.0,1.0,1.0,0.625,0.6103286384976526
266,1.0,0.0,0.6103286384976526,0.625,0.6040268456375839,0.0,1.0,1.0,1.0
704,1.0,0.625,0.0,0.0,0.6040268456375839,0.0,1.0,0.625,1.0
628,1.0,1.0,0.6103286384976526,1.0,1.0,0.0,0.6103286384976526,0.625,0.6103286384976526
832,0.6103286384976526,0.625,0.6103286384976526,0.625,1.0,1.0,1.0,1.0,0.0
759,0.6103286384976526,1.0,1.0,0.625,0.6040268456375839,0.625,0.0,1.0,1.0
140,1.0,0.625,1.0,0.0,1.0,0.0,1.0,0.625,0.6103286384976526
150,1.0,0.625,0.6103286384976526,1.0,1.0,0.625,1.0,0.625,1.0
609,0.0,0.0,0.6103286384976526,1.0,1.0,1.0,0.6103286384976526,1.0,0.6103286384976526
657,1.0,1.0,0.6103286384976526,0.0,0.6040268456375839,0.0,0.6103286384976526,0.0,1.0
726,1.0,0.0,0.6103286384976526,0.625,1.0,0.625,1.0,1.0,0.6103286384976526
740,0.6103286384976526,1.0,1.0,1.0,1.0,0.0,0.6103286384976526,0.625,0.6103286384976526
723,1.0,0.0,0.6103286384976526,1.0,0.6040268456375839,0.0,0.6103286384976526,1.0,0.0
750,0.6103286384976526,1.0,1.0,0.625,1.0,1.0,0.6103286384976526,0.0,0.6103286384976526
257,1.0,0.0,0.6103286384976526,1.0,0.0,0.0,1.0,0.625,0.0
114,1.0,0.625,1.0,1.0,1.0,0.625,0.6103286384976526,0.625,1.0
751,0.6103286384976526,1.0,1.0,0.625,1.0,0.625,0.6103286384976526,0.0,1.0
948,1.0,0.625,1.0,0.625,1.0,1.0,0.6103286384976526,1.0,0.6103286384976526
828,0.6103286384976526,0.625,0.6103286384976526,1.0,0.0,1.0,0.0,0.0,1.0
251,1.0,0.0,0.6103286384976526,1.0,0.6040268456375839,0.0,1.0,1.0,0.6103286384976526
433,0.6103286384976526,0.0,1.0,0.625,1.0,1.0,0.0,0.625,1.0
417,0.6103286384976526,0.625,0.0,0.625,1.0,0.0,1.0,1.0,1.0
393,0.6103286384976526,0.625,1.0,0.0,1.0,1.0,1.0,0.0,0.6103286384976526
909,0.0,1.0,0.0,1.0,0.0,1.0,0.6103286384976526,0.625,0.6103286384976526
323,0.6103286384976526,1.0,0.6103286384976526,1.0,1.0,1.0,0.0,0.0,0.6103286384976526
613,0.0,0.0,0.6103286384976526,1.0,1.0,1.0,0.0,0.0,0.6103286384976526
118,1.0,0.625,1.0,1.0,0.0,0.625,1.0,0.625,0.0
347,0.6103286384976526,1.0,0.0,1.0,1.0,1.0,0.0,0.625,0.6103286384976526
277,1.0,0.0,0.0,1.0,0.6040268456375839,1.0,1.0,0.625,0.6103286384976526
927,0.0,0.625,0.0,0.0,0.6040268456375839,1.0,1.0,0.625,1.0
529,0.0,0.625,1.0,1.0,1.0,0.625,1.0,0.625,0.0
802,0.6103286384976526,1.0,0.0,0.0,0.6040268456375839,0.0,1.0,1.0,0.6103286384976526
153,1.0,0.625,0.6103286384976526,1.0,1.0,0.625,0.0,0.0,1.0
495,0.0,1.0,1.0,0.0,0.6040268456375839,1.0,0.6103286384976526,0.625,1.0
484,0.0,1.0,1.0,0.625,1.0,0.625,1.0,0.625,0.0
784,0.6103286384976526,1.0,0.6103286384976526,0.0,0.6040268456375839,1.0,1.0,1.0,0.6103286384976526
390,0.6103286384976526,0.625,1.0,0.625,0.0,1.0,0.0,1.0,1.0
658,1.0,1.0,0.6103286384976526,0.0,0.0,0.625,1.0,0.0,0.6103286384976526
540,0.0,0.625,1.0,0.625,1.0,0.0,1.0,1.0,0.6103286384976526
583,0.0,0.625,0.0,0.625,1.0,0.625,1.0,1.0,1.0
513,0.0,1.0,0.6103286384976526,0.0,1.0,0.0,0.6103286384976526,1.0,0.0
22,1.0,1.0,1.0,0.625,0.6040268456375839,1.0,0.6103286384976526,1.0,0.6103286384976526
212,1.0,0.625,0.0,0.625,1.0,0.0,0.6103286384976526,1.0,1.0
681,1.0,0.625,1.0,0.625,0.6040268456375839,0.625,1.0,0.0,1.0
809,0.6103286384976526,0.625,1.0,0.625,1.0,0.0,0.6103286384976526,1.0,1.0
265,1.0,0.0,0.6103286384976526,0.625,1.0,0.0,0.0,0.0,1.0
6,1.0,1.0,1.0,1.0,0.6040268456375839,0.0,0.6103286384976526,0.625,0.0
293,1.0,0.0,0.0,0.0,1.0,0.625,0.0,0.625,1.0
893,0.0,1.0,0.6103286384976526,1.0,0.6040268456375839,1.0,0.6103286384976526,1.0,0.6103286384976526
436,0.6103286384976526,0.0,1.0,0.625,1.0,0.0,1.0,1.0,0.6103286384976526
396,0.6103286384976526,0.625,1.0,0.0,1.0,0.625,1.0,1.0,0.0
866,0.6103286384976526,0.0,1.0,0.0,0.6040268456375839,0.0,1.0,1.0,0.6103286384976526
878,0.6103286384976526,0.0,0.0,0.0,0.6040268456375839,1.0,1.0,1.0,0.6103286384976526
789,0.6103286384976526,1.0,0.0,1.0,0.6040268456375839,0.625,1.0,1.0,0.6103286384976526
338,0.6103286384976526,1.0,0.6103286384976526,0.0,1.0,0.625,1.0,1.0,0.0
254,1.0,0.0,0.6103286384976526,1.0,0.0,1.0,1.0,0.625,0.6103286384976526
732,1.0,0.0,0.6103286384976526,0.0,0.6040268456375839,0.0,0.6103286384976526,1.0,1.0
308,0.6103286384976526,1.0,1.0,0.625,0.0,1.0,0.0,0.625,1.0
752,0.6103286384976526,1.0,1.0,0.625,1.0,0.0,0.6103286384976526,0.625,1.0
687,1.0,0.625,1.0,0.0,0.6040268456375839,0.625,1.0,0.625,1.0
572,0.0,0.625,0.6103286384976526,0.625,0.0,1.0,1.0,1.0,1.0
98,1.0,1.0,0.6103286384976526,0.0,1.0,0.625,0.0,0.625,1.0
636,1.0,1.0,0.6103286384976526,1.0,0.6040268456375839,0.0,0.6103286384976526,0.0,0.0
112,1.0,1.0,0.0,0.0,1.0,0.625,0.6103286384976526,0.625,1.0
332,0.6103286384976526,1.0,0.6103286384976526,0.625,1.0,0.0,1.0,1.0,0.0
413,0.6103286384976526,0.625,0.0,1.0,1.0,1.0,0.0,0.625,1.0
351,0.6103286384976526,1.0,0.0,0.625,1.0,1.0,0.0,1.0,0.6103286384976526
165,1.0,0.625,0.6103286384976526,1.0,0.0,0.625,1.0,1.0,0.0
65,1.0,1.0,1.0,0.0,0.6040268456375839,0.0,0.6103286384976526,0.625,1.0
937,0.0,0.0,0.6103286384976526,1.0,0.6040268456375839,1.0,0.6103286384976526,0.0,1.0
508,0.0,1.0,0.6103286384976526,0.625,0.6040268456375839,0.0,1.0,1.0,1.0
661,1.0,1.0,0.0,1.0,0.6040268456375839,1.0,0.6103286384976526,0.625,0.6103286384976526
443,0.6103286384976526,0.0,1.0,0.625,0.0,1.0,0.0,0.0,1.0
857,0.6103286384976526,0.0,1.0,0.625,1.0,1.0,0.6103286384976526,0.0,0.0
593,0.0,0.0,1.0,0.625,1.0,0.625,1.0,0.625,1.0
877,0.6103286384976526,0.0,0.0,0.625,0.0,1.0,0.6103286384976526,1.0,1.0
29,1.0,1.0,1.0,0.625,0.6040268456375839,0.0,0.6103286384976526,1.0,0.0
261,1.0,0.0,0.6103286384976526,0.625,1.0,0.625,1.0,0.0,1.0
77,1.0,1.0,1.0,0.0,0.0,0.0,0.0,0.625,0.6103286384976526
711,1.0,0.0,1.0,0.625,0.6040268456375839,0.625,1.0,0.0,0.0
363,0.6103286384976526,1.0,0.0,0.0,1.0,0.0,0.0,1.0,0.6103286384976526
855,0.6103286384976526,0.0,1.0,1.0,0.6040268456375839,0.0,0.0,1.0,0.6103286384976526
576,0.0,0.625,0.0,1.0,1.0,1.0,1.0,0.625,0.6103286384976526
665,1.0,1.0,0.0,0.625,0.6040268456375839,0.625,1.0,0.625,1.0
15,1.0,1.0,1.0,0.625,1.0,0.625,0.6103286384976526,0.0,0.0
673,1.0,0.625,1.0,1.0,0.6040268456375839,1.0,0.6103286384976526,0.625,0.0
674,1.0,0.625,1.0,1.0,0.6040268456375839,1.0,0.0,0.625,0.6103286384976526
544,0.0,0.625,1.0,0.625,0.6040268456375839,1.0,0.0,1.0,1.0
256,1.0,0.0,0.6103286384976526,1.0,0.0,0.625,1.0,0.0,0.0
797,0.6103286384976526,1.0,0.0,0.625,0.0,1.0,0.6103286384976526,1.0,0.0
19,1.0,1.0,1.0,0.625,1.0,0.0,0.6103286384976526,0.0,0.6103286384976526
514,0.0,1.0,0.6103286384976526,0.0,1.0,0.0,0.0,1.0,0.6103286384976526
718,1.0,0.0,0.6103286384976526,1.0,1.0,0.625,0.0,0.0,0.6103286384976526
580,0.0,0.625,0.0,1.0,1.0,1.0,0.0,0.625,0.0
156,1.0,0.625,0.6103286384976526,1.0,1.0,0.0,0.6103286384976526,0.0,1.0
333,0.6103286384976526,1.0,0.6103286384976526,0.625,1.0,0.0,0.0,1.0,1.0
89,1.0,1.0,0.6103286384976526,0.625,1.0,0.625,0.6103286384976526,1.0,1.0
908,0.0,1.0,0.0,1.0,1.0,0.0,0.6103286384976526,0.625,0.6103286384976526
754,0.6103286384976526,1.0,1.0,0.625,0.6040268456375839,1.0,1.0,0.0,0.6103286384976526
599,0.0,0.0,1.0,0.625,0.6040268456375839,1.0,0.0,0.0,1.0
504,0.0,1.0,0.6103286384976526,0.625,1.0,0.625,0.0,1.0,1.0
755,0.6103286384976526,1.0,1.0,0.625,0.6040268456375839,1.0,0.6103286384976526,1.0,0.0
463,0.6103286384976526,0.0,0.6103286384976526,1.0,1.0,1.0,0.0,0.625,1.0
367,0.6103286384976526,0.625,1.0,1.0,1.0,1.0,0.6103286384976526,0.625,1.0
358,0.6103286384976526,1.0,0.0,0.0,1.0,1.0,0.6103286384976526,1.0,0.6103286384976526
274,1.0,0.0,0.6103286384976526,0.0,0.6040268456375839,0.625,1.0,1.0,1.0
932,0.0,0.0,1.0,0.625,0.6040268456375839,0.625,0.0,1.0,1.0
640,1.0,1.0,0.6103286384976526,0.625,1.0,0.625,1.0,0.0,0.6103286384976526
454,0.6103286384976526,0.0,1.0,0.0,0.6040268456375839,1.0,0.0,0.0,1.0
352,0.6103286384976526,1.0,0.0,0.625,1.0,0.625,1.0,1.0,0.0
846,0.6103286384976526,0.625,0.6103286384976526,0.0,0.0,1.0,0.0,1.0,1.0
177,1.0,0.625,0.6103286384976526,0.625,0.0,0.0,1.0,1.0,1.0
672,1.0,0.625,1.0,1.0,1.0,0.0,0.6103286384976526,0.625,0.6103286384976526
349,0.6103286384976526,1.0,0.0,1.0,1.0,0.625,0.0,1.0,0.6103286384976526
394,0.6103286384976526,0.625,1.0,0.0,1.0,1.0,0.6103286384976526,0.0,1.0
336,0.6103286384976526,1.0,0.6103286384976526,0.0,1.0,1.0,0.6103286384976526,1.0,0.0
503,0.0,1.0,0.6103286384976526,0.625,1.0,0.625,1.0,1.0,0.0
196,1.0,0.625,0.0,1.0,0.6040268456375839,1.0,1.0,0.0,0.6103286384976526
420,0.6103286384976526,0.625,0.0,0.0,0.6040268456375839,1.0,1.0,1.0,1.0
895,0.0,1.0,0.6103286384976526,1.0,0.6040268456375839,1.0,0.6103286384976526,0.0,0.0
790,0.6103286384976526,1.0,0.0,1.0,0.6040268456375839,0.0,1.0,0.0,0.6103286384976526
379,0.6103286384976526,0.625,1.0,1.0,0.0,1.0,0.6103286384976526,0.0,1.0
400,0.6103286384976526,0.625,1.0,0.0,1.0,0.0,1.0,0.0,0.0
305,0.6103286384976526,1.0,1.0,0.625,1.0,0.0,0.0,1.0,0.6103286384976526
445,0.6103286384976526,0.0,1.0,0.0,1.0,1.0,1.0,0.625,0.6103286384976526
104,1.0,1.0,0.0,1.0,0.0,0.625,1.0,0.625,0.6103286384976526
395,0.6103286384976526,0.625,1.0,0.0,1.0,1.0,0.0,0.625,1.0
678,1.0,0.625,1.0,1.0,0.0,1.0,0.6103286384976526,0.625,0.6103286384976526
919,0.0,0.625,1.0,0.0,0.6040268456375839,1.0,1.0,0.625,0.0
397,0.6103286384976526,0.625,1.0,0.0,1.0,0.625,1.0,0.0,1.0
27,1.0,1.0,1.0,0.625,0.6040268456375839,0.0,1.0,0.625,0.0
126,1.0,0.625,1.0,0.625,1.0,0.625,0.6103286384976526,1.0,1.0
830,0.6103286384976526,0.625,0.6103286384976526,1.0,0.0,0.0,1.0,0.0,1.0
563,0.0,0.625,0.6103286384976526,1.0,1.0,1.0,1.0,0.0,0.6103286384976526
185,1.0,0.625,0.6103286384976526,0.0,0.6040268456375839,0.0,1.0,1.0,1.0
193,1.0,0.625,0.0,1.0,1.0,0.625,0.0,0.625,1.0
876,0.6103286384976526,0.0,0.0,0.625,1.0,0.0,0.6103286384976526,1.0,1.0
134,1.0,0.625,1.0,0.625,0.0,1.0,0.6103286384976526,0.0,1.0
836,0.6103286384976526,0.625,0.6103286384976526,0.0,1.0,1.0,1.0,0.625,1.0
906,0.0,1.0,0.6103286384976526,0.0,0.6040268456375839,0.0,0.6103286384976526,1.0,1.0
103,1.0,1.0,0.0,1.0,0.6040268456375839,0.0,1.0,0.625,0.6103286384976526
37,1.0,1.0,1.0,0.625,0.0,0.625,1.0,0.625,0.0
133,1.0,0.625,1.0,0.625,0.6040268456375839,1.0,0.0,0.0,1.0
743,0.6103286384976526,1.0,1.0,1.0,0.6040268456375839,0.625,1.0,0.0,0.6103286384976526
465,0.6103286384976526,0.0,0.6103286384976526,1.0,0.6040268456375839,0.0,1.0,1.0,1.0
313,0.6103286384976526,1.0,1.0,0.0,1.0,0.0,1.0,0.625,0.6103286384976526
143,1.0,0.625,1.0,0.0,0.0,1.0,0.6103286384976526,0.625,1.0
0,1.0,1.0,1.0,1.0,0.6040268456375839,0.625,1.0,0.625,0.6103286384976526
574,0.0,0.625,0.6103286384976526,0.0,0.6040268456375839,1.0,1.0,1.0,1.0
917,0.0,0.625,1.0,1.0,0.6040268456375839,0.0,1.0,0.625,0.0
924,0.0,0.625,0.0,1.0,0.6040268456375839,1.0,1.0,0.625,0.0
894,0.0,1.0,0.6103286384976526,1.0,0.6040268456375839,1.0,0.6103286384976526,0.625,1.0
770,0.6103286384976526,1.0,1.0,0.0,0.6040268456375839,1.0,0.0,0.0,0.6103286384976526
783,0.6103286384976526,1.0,0.6103286384976526,0.625,0.0,1.0,0.6103286384976526,1.0,1.0
844,0.6103286384976526,0.625,0.6103286384976526,0.0,0.0,1.0,1.0,1.0,0.0
706,1.0,0.0,1.0,1.0,0.6040268456375839,1.0,0.6103286384976526,0.625,0.6103286384976526
223,1.0,0.0,1.0,1.0,0.6040268456375839,0.625,1.0,0.625,0.0
594,0.0,0.0,1.0,0.625,1.0,0.625,1.0,0.0,0.0
69,1.0,1.0,1.0,0.0,0.0,0.625,1.0,0.625,0.6103286384976526
837,0.6103286384976526,0.625,0.6103286384976526,0.0,1.0,1.0,1.0,0.0,0.0
739,1.0,0.0,0.0,0.0,1.0,1.0,0.6103286384976526,0.625,0.6103286384976526
255,1.0,0.0,0.6103286384976526,1.0,0.0,0.625,1.0,0.625,1.0
861,0.6103286384976526,0.0,1.0,0.625,0.6040268456375839,1.0,1.0,1.0,0.6103286384976526
8,1.0,1.0,1.0,1.0,0.6040268456375839,0.0,0.0,0.625,0.6103286384976526
11,1.0,1.0,1.0,1.0,0.0,0.625,0.0,0.625,0.6103286384976526
618,0.0,0.0,0.6103286384976526,0.0,0.6040268456375839,0.0,1.0,1.0,1.0
734,1.0,0.0,0.0,1.0,1.0,0.0,0.6103286384976526,0.625,0.6103286384976526
712,1.0,0.0,1.0,0.625,0.6040268456375839,0.625,0.6103286384976526,1.0,1.0
111,1.0,1.0,0.0,0.0,1.0,0.625,0.6103286384976526,1.0,0.6103286384976526
268,1.0,0.0,0.6103286384976526,0.0,1.0,1.0,0.6103286384976526,0.625,1.0
41,1.0,1.0,1.0,0.625,0.0,0.625,0.0,1.0,0.6103286384976526
715,1.0,0.0,1.0,0.0,1.0,0.0,0.6103286384976526,0.625,0.6103286384976526
684,1.0,0.625,1.0,0.0,1.0,1.0,0.6103286384976526,0.625,0.6103286384976526
679,1.0,0.625,1.0,0.625,0.6040268456375839,1.0,1.0,0.625,0.0
506,0.0,1.0,0.6103286384976526,0.625,1.0,0.0,0.6103286384976526,1.0,1.0
350,0.6103286384976526,1.0,0.0,1.0,1.0,0.0,0.6103286384976526,1.0,0.6103286384976526
693,1.0,0.625,0.6103286384976526,1.0,0.6040268456375839,1.0,0.0,0.625,1.0
115,1.0,0.625,1.0,1.0,0.6040268456375839,0.625,1.0,1.0,0.6103286384976526
205,1.0,0.625,0.0,1.0,0.0,0.0,1.0,0.625,0.0
864,0.6103286384976526,0.0,1.0,0.0,0.6040268456375839,1.0,1.0,0.0,0.6103286384976526
461,0.6103286384976526,0.0,0.6103286384976526,1.0,1.0,1.0,0.6103286384976526,0.0,1.0
775,0.6103286384976526,1.0,0.6103286384976526,1.0,0.6040268456375839,1.0,1.0,0.0,0.6103286384976526
141,1.0,0.625,1.0,0.0,1.0,0.0,0.6103286384976526,0.625,1.0
900,0.0,1.0,0.6103286384976526,1.0,0.0,0.625,1.0,0.0,0.6103286384976526
762,0.6103286384976526,1.0,1.0,0.625,0.0,1.0,0.6103286384976526,1.0,0.6103286384976526
419,0.6103286384976526,0.625,0.0,0.0,1.0,0.625,1.0,1.0,1.0
4,1.0,1.0,1.0,1.0,0.6040268456375839,0.625,0.0,0.625,0.0
787,0.6103286384976526,1.0,0.0,1.0,0.6040268456375839,1.0,0.6103286384976526,1.0,0.6103286384976526
455,0.6103286384976526,0.0,1.0,0.0,0.6040268456375839,0.625,1.0,1.0,1.0
324,0.6103286384976526,1.0,0.6103286384976526,1.0,1.0,0.625,0.6103286384976526,1.0,1.0
245,1.0,0.0,0.6103286384976526,1.0,1.0,0.0,1.0,0.625,0.6103286384976526
716,1.0,0.0,1.0,0.0,0.0,1.0,0.6103286384976526,0.625,0.6103286384976526
639,1.0,1.0,0.6103286384976526,1.0,0.0,0.625,0.0,0.0,0.6103286384976526
20,1.0,1.0,1.0,0.625,1.0,0.0,0.0,0.625,0.6103286384976526
850,0.6103286384976526,0.0,1.0,1.0,0.6040268456375839,1.0,1.0,0.625,0.6103286384976526
863,0.6103286384976526,0.0,1.0,0.625,0.0,0.0,0.6103286384976526,1.0,1.0
835,0.6103286384976526,0.625,0.6103286384976526,0.0,1.0,1.0,1.0,1.0,0.6103286384976526
620,0.0,0.0,0.0,1.0,1.0,1.0,0.6103286384976526,0.625,0.0
241,1.0,0.0,0.6103286384976526,1.0,1.0,1.0,0.0,0.625,0.6103286384976526
142,1.0,0.625,1.0,0.0,0.6040268456375839,1.0,0.6103286384976526,0.0,1.0
311,0.6103286384976526,1.0,1.0,0.0,1.0,0.625,0.6103286384976526,1.0,0.0
70,1.0,1.0,1.0,0.0,0.0,0.625,0.6103286384976526,1.0,0.6103286384976526
42,1.0,1.0,1.0,0.625,0.0,0.625,0.0,0.625,1.0
146,1.0,0.625,0.6103286384976526,1.0,1.0,1.0,0.6103286384976526,0.625,1.0
677,1.0,0.625,1.0,1.0,0.6040268456375839,0.0,0.0,0.625,0.0
229,1.0,0.0,1.0,0.625,1.0,0.625,0.6103286384976526,0.0,1.0
709,1.0,0.0,1.0,0.625,0.6040268456375839,0.625,1.0,1.0,0.6103286384976526
898,0.0,1.0,0.6103286384976526,1.0,0.6040268456375839,0.0,0.6103286384976526,1.0,0.0
282,1.0,0.0,0.0,1.0,0.6040268456375839,0.0,1.0,0.0,0.6103286384976526
137,1.0,0.625,1.0,0.0,1.0,0.625,1.0,0.0,0.6103286384976526
729,1.0,0.0,0.6103286384976526,0.0,1.0,0.625,0.0,1.0,0.6103286384976526
46,1.0,1.0,1.0,0.625,0.0,0.0,0.6103286384976526,0.625,1.0
862,0.6103286384976526,0.0,1.0,0.625,0.0,1.0,0.6103286384976526,1.0,0.0
733,1.0,0.0,0.6103286384976526,0.0,0.0,0.625,1.0,1.0,0.6103286384976526
250,1.0,0.0,0.6103286384976526,1.0,0.6040268456375839,0.625,1.0,0.0,1.0
289,1.0,0.0,0.0,0.625,1.0,0.625,0.0,0.0,1.0
772,0.6103286384976526,1.0,1.0,0.0,0.6040268456375839,0.0,1.0,0.0,0.6103286384976526
405,0.6103286384976526,0.625,1.0,0.0,0.0,1.0,0.6103286384976526,1.0,1.0
199,1.0,0.625,0.0,1.0,0.6040268456375839,0.0,1.0,1.0,0.6103286384976526
301,0.6103286384976526,1.0,1.0,0.625,1.0,0.625,1.0,0.0,0.0
326,0.6103286384976526,1.0,0.6103286384976526,1.0,1.0,0.0,0.6103286384976526,1.0,0.0
717,1.0,0.0,0.6103286384976526,1.0,1.0,0.625,0.6103286384976526,1.0,0.6103286384976526
812,0.6103286384976526,0.625,0.6103286384976526,1.0,1.0,0.625,1.0,0.0,1.0
669,1.0,1.0,0.0,0.625,0.6040268456375839,0.625,0.0,0.0,1.0
477,0.6103286384976526,0.0,0.0,1.0,1.0,1.0,0.0,0.0,0.6103286384976526
432,0.6103286384976526,0.0,1.0,0.625,1.0,1.0,1.0,0.0,0.6103286384976526
616,0.0,0.0,0.6103286384976526,0.625,0.6040268456375839,1.0,1.0,1.0,1.0
190,1.0,0.625,0.0,1.0,1.0,0.625,1.0,0.625,0.0
798,0.6103286384976526,1.0,0.0,0.625,0.0,1.0,0.6103286384976526,0.0,1.0
450,0.6103286384976526,0.0,1.0,0.0,1.0,0.0,1.0,0.625,0.0
612,0.0,0.0,0.6103286384976526,1.0,1.0,1.0,0.0,0.625,0.0
852,0.6103286384976526,0.0,1.0,1.0,0.6040268456375839,1.0,0.0,0.0,0.6103286384976526
264,1.0,0.0,0.6103286384976526,0.625,1.0,0.0,0.6103286384976526,1.0,1.0
448,0.6103286384976526,0.0,1.0,0.0,1.0,0.625,1.0,0.625,1.0
780,0.6103286384976526,1.0,0.6103286384976526,1.0,0.6040268456375839,0.0,0.6103286384976526,1.0,1.0
482,0.6103286384976526,0.0,0.0,0.0,0.6040268456375839,0.0,1.0,1.0,1.0
829,0.6103286384976526,0.625,0.6103286384976526,1.0,0.0,0.0,1.0,1.0,0.0
515,0.0,1.0,0.6103286384976526,0.0,0.6040268456375839,0.625,1.0,1.0,1.0
521,0.0,1.0,0.0,0.625,1.0,0.0,0.6103286384976526,1.0,0.0
682,1.0,0.625,1.0,0.625,0.6040268456375839,0.625,0.0,1.0,1.0
868,0.6103286384976526,0.0,0.6103286384976526,1.0,0.6040268456375839,1.0,1.0,1.0,0.6103286384976526
122,1.0,0.625,1.0,0.625,1.0,1.0,0.6103286384976526,0.625,1.0
247,1.0,0.0,0.6103286384976526,1.0,0.6040268456375839,1.0,1.0,0.625,0.0
505,0.0,1.0,0.6103286384976526,0.625,1.0,0.0,1.0,1.0,0.6103286384976526
21,1.0,1.0,1.0,0.625,0.6040268456375839,1.0,1.0,0.625,0.6103286384976526
373,0.6103286384976526,0.625,1.0,1.0,1.0,0.625,1.0,0.0,0.0
664,1.0,1.0,0.0,0.625,0.6040268456375839,0.625,1.0,1.0,0.6103286384976526
489,0.0,1.0,1.0,0.625,1.0,0.0,0.6103286384976526,1.0,0.6103286384976526
568,0.0,0.625,0.6103286384976526,1.0,1.0,1.0,0.0,0.0,0.0
916,0.0,0.625,1.0,1.0,0.6040268456375839,0.625,1.0,0.625,1.0
957,0.6103286384976526,0.625,1.0,1.0,1.0,0.625,0.6103286384976526,1.0,1.0
632,1.0,1.0,0.6103286384976526,1.0,0.6040268456375839,0.625,0.6103286384976526,0.0,1.0
659,1.0,1.0,0.6103286384976526,0.0,0.0,0.625,0.0,1.0,0.6103286384976526
701,1.0,0.625,0.0,0.625,0.6040268456375839,1.0,1.0,0.625,1.0
227,1.0,0.0,1.0,0.625,1.0,0.625,1.0,0.625,0.0
930,0.0,0.0,1.0,0.625,0.6040268456375839,0.625,1.0,1.0,0.0
355,0.6103286384976526,1.0,0.0,0.625,1.0,0.0,0.0,1.0,0.0
675,1.0,0.625,1.0,1.0,0.6040268456375839,0.625,0.0,0.625,1.0
841,0.6103286384976526,0.625,0.6103286384976526,0.0,1.0,0.0,1.0,1.0,0.0
86,1.0,1.0,0.6103286384976526,0.625,1.0,1.0,0.6103286384976526,1.0,0.6103286384976526
344,0.6103286384976526,1.0,0.6103286384976526,0.0,0.0,0.625,1.0,1.0,1.0
849,0.6103286384976526,0.625,0.0,0.625,1.0,1.0,0.6103286384976526,1.0,1.0
785,0.6103286384976526,1.0,0.6103286384976526,0.0,0.6040268456375839,1.0,0.6103286384976526,1.0,1.0
457,0.6103286384976526,0.0,1.0,0.0,0.0,1.0,0.0,0.625,1.0
387,0.6103286384976526,0.625,1.0,0.625,1.0,0.0,1.0,0.0,1.0
470,0.6103286384976526,0.0,0.6103286384976526,0.0,0.6040268456375839,1.0,1.0,1.0,1.0
749,0.6103286384976526,1.0,1.0,0.625,1.0,1.0,0.6103286384976526,0.625,0.0
644,1.0,1.0,0.6103286384976526,0.625,0.6040268456375839,0.625,1.0,0.0,1.0
34,1.0,1.0,1.0,0.625,0.0,1.0,0.6103286384976526,0.625,0.0
607,0.0,0.0,1.0,0.0,0.0,1.0,0.6103286384976526,0.625,1.0
67,1.0,1.0,1.0,0.0,0.6040268456375839,0.0,0.0,0.625,0.0
668,1.0,1.0,0.0,0.625,0.6040268456375839,0.625,0.0,1.0,0.0
340,0.6103286384976526,1.0,0.6103286384976526,0.0,1.0,0.0,1.0,1.0,0.6103286384976526
294,1.0,0.0,0.0,0.0,1.0,0.0,0.6103286384976526,0.625,1.0
322,0.6103286384976526,1.0,0.6103286384976526,1.0,1.0,1.0,0.0,0.625,0.0
745,0.6103286384976526,1.0,1.0,1.0,0.6040268456375839,0.0,1.0,0.625,0.6103286384976526
769,0.6103286384976526,1.0,1.0,0.0,0.6040268456375839,1.0,0.6103286384976526,1.0,0.6103286384976526
75,1.0,1.0,1.0,0.0,0.0,0.0,0.6103286384976526,0.625,0.0
136,1.0,0.625,1.0,0.0,1.0,0.625,1.0,0.625,0.0
181,1.0,0.625,0.6103286384976526,0.0,1.0,0.625,0.0,1.0,1.0
692,1.0,0.625,0.6103286384976526,1.0,0.6040268456375839,1.0,0.6103286384976526,0.0,1.0
915,0.0,0.625,1.0,1.0,0.6040268456375839,1.0,0.0,0.625,0.0
818,0.6103286384976526,0.625,0.6103286384976526,1.0,1.0,0.0,0.0,1.0,0.0
819,0.6103286384976526,0.625,0.6103286384976526,1.0,1.0,0.0,0.0,0.0,1.0
225,1.0,0.0,1.0,1.0,0.6040268456375839,0.0,1.0,0.625,0.6103286384976526
464,0.6103286384976526,0.0,0.6103286384976526,1.0,1.0,1.0,0.0,0.0,0.0
309,0.6103286384976526,1.0,1.0,0.0,1.0,0.625,1.0,0.625,0.0
378,0.6103286384976526,0.625,1.0,1.0,0.6040268456375839,0.625,1.0,1.0,1.0
499,0.0,1.0,0.6103286384976526,1.0,1.0,0.625,0.6103286384976526,1.0,0.0
330,0.6103286384976526,1.0,0.6103286384976526,0.625,1.0,1.0,0.0,1.0,0.0
3,1.0,1.0,1.0,1.0,0.6040268456375839,0.625,0.6103286384976526,0.0,0.0
100,1.0,1.0,0.6103286384976526,0.0,1.0,0.0,0.6103286384976526,0.625,1.0
584,0.0,0.625,0.0,0.625,0.6040268456375839,1.0,1.0,1.0,1.0
654,1.0,1.0,0.6103286384976526,0.0,0.6040268456375839,0.625,1.0,1.0,0.6103286384976526
897,0.0,1.0,0.6103286384976526,1.0,0.6040268456375839,0.625,0.6103286384976526,1.0,1.0
63,1.0,1.0,1.0,0.0,0.6040268456375839,0.0,1.0,0.625,0.6103286384976526
152,1.0,0.625,0.6103286384976526,1.0,1.0,0.625,0.6103286384976526,1.0,1.0
474,0.6103286384976526,0.0,0.0,1.0,1.0,1.0,0.6103286384976526,0.625,1.0
329,0.6103286384976526,1.0,0.6103286384976526,0.625,1.0,1.0,1.0,1.0,0.6103286384976526
708,1.0,0.0,1.0,0.625,1.0,1.0,0.6103286384976526,0.625,0.6103286384976526
283,1.0,0.0,0.0,1.0,0.0,0.625,1.0,0.625,0.0
230,1.0,0.0,1.0,0.625,1.0,0.625,0.0,0.625,1.0
648,1.0,1.0,0.6103286384976526,0.0,1.0,1.0,0.6103286384976526,0.625,0.6103286384976526
399,0.6103286384976526,0.625,1.0,0.0,1.0,0.0,1.0,0.625,1.0
127,1.0,0.625,1.0,0.625,1.0,0.625,0.0,0.0,1.0
206,1.0,0.625,0.0,1.0,0.0,0.0,1.0,0.0,0.6103286384976526
831,0.6103286384976526,0.625,0.6103286384976526,1.0,0.0,0.0,0.0,1.0,1.0
12,1.0,1.0,1.0,0.625,1.0,0.625,1.0,0.625,0.6103286384976526
316,0.6103286384976526,1.0,1.0,0.0,0.6040268456375839,1.0,0.0,0.625,1.0
78,1.0,1.0,0.6103286384976526,1.0,1.0,0.625,0.6103286384976526,0.625,1.0
93,1.0,1.0,0.6103286384976526,0.625,1.0,0.0,0.6103286384976526,0.0,1.0
713,1.0,0.0,1.0,0.625,0.6040268456375839,0.625,0.0,1.0,0.0
50,1.0,1.0,1.0,0.0,1.0,0.625,0.6103286384976526,0.625,0.0
907,0.0,1.0,0.6103286384976526,0.0,0.0,0.625,1.0,1.0,0.6103286384976526
99,1.0,1.0,0.6103286384976526,0.0,1.0,0.0,0.6103286384976526,1.0,0.6103286384976526
404,0.6103286384976526,0.625,1.0,0.0,0.0,1.0,1.0,0.625,1.0
793,0.6103286384976526,1.0,0.0,0.625,1.0,1.0,0.6103286384976526,0.0,0.0
218,1.0,0.625,0.0,0.0,1.0,0.625,0.6103286384976526,1.0,1.0
768,0.6103286384976526,1.0,1.0,0.0,0.6040268456375839,1.0,1.0,0.625,0.6103286384976526
650,1.0,1.0,0.6103286384976526,0.0,1.0,0.625,0.0,0.0,0.6103286384976526
756,0.6103286384976526,1.0,1.0,0.625,0.6040268456375839,1.0,0.0,1.0,0.6103286384976526
58,1.0,1.0,1.0,0.0,0.6040268456375839,0.625,0.6103286384976526,1.0,0.0
269,1.0,0.0,0.6103286384976526,0.0,1.0,0.625,1.0,0.625,1.0
918,0.0,0.625,1.0,1.0,0.6040268456375839,0.0,0.0,0.625,1.0
805,0.6103286384976526,0.625,1.0,1.0,0.6040268456375839,1.0,0.0,1.0,0.6103286384976526
516,0.0,1.0,0.0,1.0,1.0,0.625,0.6103286384976526,1.0,0.6103286384976526
431,0.6103286384976526,0.0,1.0,0.625,1.0,1.0,1.0,0.625,0.0
562,0.0,0.625,0.6103286384976526,1.0,1.0,1.0,1.0,0.625,0.0
458,0.6103286384976526,0.0,0.6103286384976526,1.0,1.0,1.0,1.0,0.625,0.0
418,0.6103286384976526,0.625,0.0,0.625,0.0,1.0,1.0,1.0,1.0
18,1.0,1.0,1.0,0.625,1.0,0.0,0.6103286384976526,0.625,0.0
686,1.0,0.625,1.0,0.0,0.6040268456375839,1.0,0.0,0.625,0.0
236,1.0,0.0,1.0,0.0,1.0,0.625,1.0,0.625,0.6103286384976526
843,0.6103286384976526,0.625,0.6103286384976526,0.0,1.0,0.0,0.0,1.0,1.0
753,0.6103286384976526,1.0,1.0,0.625,1.0,0.0,0.6103286384976526,0.0,0.0
14,1.0,1.0,1.0,0.625,1.0,0.625,0.6103286384976526,0.625,1.0
452,0.6103286384976526,0.0,1.0,0.0,0.6040268456375839,1.0,1.0,0.625,1.0
820,0.6103286384976526,0.625,0.6103286384976526,1.0,0.6040268456375839,1.0,1.0,1.0,0.0
796,0.6103286384976526,1.0,0.0,0.625,0.6040268456375839,1.0,0.6103286384976526,1.0,1.0
510,0.0,1.0,0.6103286384976526,0.0,1.0,1.0,0.6103286384976526,1.0,0.6103286384976526
565,0.0,0.625,0.6103286384976526,1.0,1.0,1.0,0.6103286384976526,0.0,1.0
579,0.0,0.625,0.0,1.0,1.0,1.0,0.6103286384976526,0.0,0.0
473,0.6103286384976526,0.0,0.0,1.0,1.0,1.0,0.6103286384976526,1.0,0.6103286384976526
423,0.6103286384976526,0.0,1.0,1.0,1.0,1.0,0.6103286384976526,0.0,0.6103286384976526
476,0.6103286384976526,0.0,0.0,1.0,1.0,1.0,0.0,0.625,0.0
725,1.0,0.0,0.6103286384976526,1.0,0.0,0.625,0.0,1.0,0.6103286384976526
492,0.0,1.0,1.0,0.625,0.0,1.0,0.6103286384976526,0.625,1.0
566,0.0,0.625,0.6103286384976526,1.0,1.0,1.0,0.0,1.0,0.6103286384976526
592,0.0,0.0,1.0,0.625,1.0,0.625,1.0,1.0,0.6103286384976526
401,0.6103286384976526,0.625,1.0,0.0,0.6040268456375839,1.0,1.0,0.0,1.0
807,0.6103286384976526,0.625,1.0,1.0,0.6040268456375839,0.0,1.0,0.625,1.0
38,1.0,1.0,1.0,0.625,0.0,0.625,1.0,0.0,0.6103286384976526
886,0.0,1.0,1.0,0.625,0.6040268456375839,0.625,0.6103286384976526,1.0,1.0
437,0.6103286384976526,0.0,1.0,0.625,1.0,0.0,1.0,0.625,1.0
307,0.6103286384976526,1.0,1.0,0.625,0.6040268456375839,1.0,0.0,0.0,1.0
655,1.0,1.0,0.6103286384976526,0.0,0.6040268456375839,0.625,0.6103286384976526,1.0,1.0
168,1.0,0.625,0.6103286384976526,1.0,0.0,0.0,1.0,0.625,1.0
116,1.0,0.625,1.0,1.0,0.6040268456375839,0.625,1.0,0.0,0.0
890,0.0,1.0,1.0,0.0,0.0,1.0,0.6103286384976526,0.625,0.6103286384976526
578,0.0,0.625,0.0,1.0,1.0,1.0,0.6103286384976526,0.625,1.0
623,0.0,0.0,0.0,0.625,0.6040268456375839,0.0,1.0,1.0,1.0
823,0.6103286384976526,0.625,0.6103286384976526,1.0,0.0,1.0,1.0,1.0,0.6103286384976526
921,0.0,0.625,0.6103286384976526,1.0,1.0,0.625,1.0,1.0,0.6103286384976526
764,0.6103286384976526,1.0,1.0,0.625,0.0,0.625,0.6103286384976526,1.0,1.0
219,1.0,0.625,0.0,0.0,1.0,0.625,0.0,0.0,1.0
946,1.0,0.625,1.0,1.0,0.6040268456375839,1.0,0.6103286384976526,1.0,0.6103286384976526
207,1.0,0.625,0.0,0.625,1.0,1.0,0.6103286384976526,0.0,1.0
260,1.0,0.0,0.6103286384976526,0.625,1.0,1.0,0.0,0.625,1.0
622,0.0,0.0,0.0,1.0,1.0,1.0,0.0,0.625,0.6103286384976526
646,1.0,1.0,0.6103286384976526,0.625,0.6040268456375839,0.0,0.6103286384976526,1.0,1.0
85,1.0,1.0,0.6103286384976526,1.0,0.0,0.0,1.0,0.625,0.6103286384976526
833,0.6103286384976526,0.625,0.6103286384976526,0.625,1.0,1.0,1.0,0.0,1.0
854,0.6103286384976526,0.0,1.0,1.0,0.6040268456375839,0.0,1.0,0.0,0.6103286384976526
460,0.6103286384976526,0.0,0.6103286384976526,1.0,1.0,1.0,0.6103286384976526,1.0,0.0
328,0.6103286384976526,1.0,0.6103286384976526,1.0,0.6040268456375839,0.625,1.0,1.0,1.0
727,1.0,0.0,0.6103286384976526,0.625,0.6040268456375839,1.0,0.6103286384976526,1.0,1.0
502,0.0,1.0,0.6103286384976526,0.625,1.0,1.0,0.0,1.0,0.6103286384976526
912,0.0,1.0,0.0,0.625,0.6040268456375839,0.625,0.0,1.0,1.0
524,0.0,1.0,0.0,0.0,1.0,0.625,0.0,1.0,0.6103286384976526
175,1.0,0.625,0.6103286384976526,0.625,1.0,0.0,0.0,1.0,1.0
273,1.0,0.0,0.6103286384976526,0.0,1.0,0.0,0.0,0.625,1.0
642,1.0,1.0,0.6103286384976526,0.625,0.6040268456375839,1.0,0.6103286384976526,0.0,1.0
786,0.6103286384976526,1.0,0.0,1.0,0.6040268456375839,1.0,1.0,0.625,0.6103286384976526
491,0.0,1.0,1.0,0.625,0.6040268456375839,1.0,0.0,0.625,1.0
486,0.0,1.0,1.0,0.625,1.0,0.625,0.6103286384976526,1.0,0.0
637,1.0,1.0,0.6103286384976526,1.0,0.0,1.0,0.6103286384976526,0.625,0.6103286384976526
295,0.6103286384976526,1.0,1.0,1.0,1.0,0.625,1.0,0.625,0.6103286384976526
139,1.0,0.625,1.0,0.0,1.0,0.625,0.0,0.625,1.0
96,1.0,1.0,0.6103286384976526,0.0,1.0,0.625,0.6103286384976526,1.0,0.0
741,0.6103286384976526,1.0,1.0,1.0,0.6040268456375839,1.0,0.6103286384976526,0.0,0.6103286384976526
811,0.6103286384976526,0.625,0.6103286384976526,1.0,1.0,0.625,1.0,1.0,0.0
509,0.0,1.0,0.6103286384976526,0.625,0.0,0.625,1.0,1.0,1.0
213,1.0,0.625,0.0,0.625,1.0,0.0,0.0,0.0,1.0
518,0.0,1.0,0.0,0.625,1.0,0.625,1.0,1.0,0.6103286384976526
386,0.6103286384976526,0.625,1.0,0.625,1.0,0.0,1.0,1.0,0.0
889,0.0,1.0,1.0,0.0,1.0,0.0,0.6103286384976526,0.625,0.6103286384976526
233,1.0,0.0,1.0,0.625,0.6040268456375839,1.0,0.6103286384976526,0.0,1.0
440,0.6103286384976526,0.0,1.0,0.625,0.6040268456375839,1.0,0.0,1.0,1.0
79,1.0,1.0,0.6103286384976526,1.0,0.6040268456375839,1.0,1.0,0.625,0.6103286384976526
938,0.0,0.0,0.6103286384976526,1.0,0.6040268456375839,0.0,0.6103286384976526,1.0,1.0
469,0.6103286384976526,0.0,0.6103286384976526,0.0,1.0,0.625,1.0,1.0,1.0
26,1.0,1.0,1.0,0.625,0.6040268456375839,1.0,0.0,0.0,0.6103286384976526
1,1.0,1.0,1.0,1.0,0.6040268456375839,0.625,0.6103286384976526,1.0,0.6103286384976526
187,1.0,0.625,0.0,1.0,1.0,1.0,0.6103286384976526,0.625,0.0
530,0.0,0.625,1.0,1.0,1.0,0.625,1.0,0.0,0.6103286384976526
271,1.0,0.0,0.6103286384976526,0.0,1.0,0.625,0.0,0.0,1.0
434,0.6103286384976526,0.0,1.0,0.625,1.0,0.625,1.0,1.0,0.0
633,1.0,1.0,0.6103286384976526,1.0,0.6040268456375839,0.625,0.0,1.0,0.6103286384976526
696,1.0,0.625,0.6103286384976526,0.0,0.6040268456375839,1.0,1.0,0.625,1.0
270,1.0,0.0,0.6103286384976526,0.0,1.0,0.625,0.6103286384976526,1.0,1.0
453,0.6103286384976526,0.0,1.0,0.0,0.6040268456375839,1.0,0.6103286384976526,1.0,1.0
310,0.6103286384976526,1.0,1.0,0.0,1.0,0.625,1.0,0.0,0.6103286384976526
366,0.6103286384976526,0.625,1.0,1.0,1.0,1.0,0.6103286384976526,1.0,0.6103286384976526
145,1.0,0.625,0.6103286384976526,1.0,1.0,1.0,0.6103286384976526,1.0,0.6103286384976526
412,0.6103286384976526,0.625,0.0,1.0,1.0,1.0,0.0,1.0,0.6103286384976526
641,1.0,1.0,0.6103286384976526,0.625,0.6040268456375839,1.0,0.6103286384976526,1.0,0.0
707,1.0,0.0,1.0,1.0,0.0,0.0,0.6103286384976526,0.625,0.6103286384976526
87,1.0,1.0,0.6103286384976526,0.625,1.0,1.0,0.6103286384976526,0.625,1.0
794,0.6103286384976526,1.0,0.0,0.625,1.0,0.0,0.6103286384976526,0.0,1.0
220,1.0,0.625,0.0,0.0,1.0,0.0,0.6103286384976526,0.0,1.0
801,0.6103286384976526,1.0,0.0,0.0,0.6040268456375839,1.0,0.0,1.0,0.6103286384976526
466,0.6103286384976526,0.0,0.6103286384976526,1.0,0.0,0.625,1.0,1.0,1.0
410,0.6103286384976526,0.625,0.0,1.0,1.0,1.0,0.6103286384976526,1.0,0.0
697,1.0,0.625,0.6103286384976526,0.0,0.6040268456375839,1.0,0.6103286384976526,1.0,1.0
944,1.0,1.0,0.6103286384976526,0.625,0.6040268456375839,1.0,1.0,0.625,1.0
542,0.0,0.625,1.0,0.625,1.0,0.0,1.0,0.0,0.0
940,0.0,0.0,0.6103286384976526,0.0,1.0,0.625,1.0,1.0,0.6103286384976526
806,0.6103286384976526,0.625,1.0,1.0,0.6040268456375839,0.0,1.0,1.0,0.6103286384976526
481,0.6103286384976526,0.0,0.0,0.625,0.0,0.0,1.0,1.0,1.0
88,1.0,1.0,0.6103286384976526,0.625,1.0,0.625,1.0,0.625,1.0
252,1.0,0.0,0.6103286384976526,1.0,0.6040268456375839,0.0,1.0,0.625,1.0
587,0.0,0.625,0.0,0.0,0.0,0.625,1.0,1.0,1.0
331,0.6103286384976526,1.0,0.6103286384976526,0.625,1.0,0.625,1.0,1.0,1.0
449,0.6103286384976526,0.0,1.0,0.0,1.0,0.625,1.0,0.0,0.0
541,0.0,0.625,1.0,0.625,1.0,0.0,1.0,0.625,1.0
485,0.0,1.0,1.0,0.625,1.0,0.625,1.0,0.0,0.6103286384976526
83,1.0,1.0,0.6103286384976526,1.0,0.6040268456375839,0.0,1.0,0.0,0.6103286384976526
71,1.0,1.0,1.0,0.0,0.0,0.625,0.6103286384976526,0.625,1.0
645,1.0,1.0,0.6103286384976526,0.625,0.6040268456375839,0.625,0.0,1.0,1.0
57,1.0,1.0,1.0,0.0,0.6040268456375839,0.625,1.0,0.0,0.6103286384976526
429,0.6103286384976526,0.0,1.0,1.0,0.6040268456375839,1.0,0.0,0.625,1.0
663,1.0,1.0,0.0,0.625,1.0,1.0,0.6103286384976526,0.625,0.6103286384976526
822,0.6103286384976526,0.625,0.6103286384976526,1.0,0.6040268456375839,1.0,0.0,1.0,1.0
479,0.6103286384976526,0.0,0.0,0.625,1.0,0.625,1.0,1.0,1.0
720,1.0,0.0,0.6103286384976526,1.0,0.6040268456375839,1.0,0.6103286384976526,0.625,1.0
110,1.0,1.0,0.0,0.625,1.0,0.0,0.6103286384976526,0.625,1.0
943,1.0,1.0,0.6103286384976526,0.625,0.6040268456375839,1.0,1.0,1.0,0.6103286384976526
162,1.0,0.625,0.6103286384976526,1.0,0.6040268456375839,0.0,1.0,0.0,1.0
875,0.6103286384976526,0.0,0.0,0.625,1.0,1.0,0.6103286384976526,0.0,1.0
132,1.0,0.625,1.0,0.625,0.6040268456375839,1.0,0.6103286384976526,1.0,1.0
237,1.0,0.0,1.0,0.0,1.0,0.625,0.6103286384976526,0.625,1.0
808,0.6103286384976526,0.625,1.0,0.625,1.0,1.0,0.6103286384976526,1.0,0.0
496,0.0,1.0,0.6103286384976526,1.0,1.0,1.0,0.6103286384976526,0.625,0.0
248,1.0,0.0,0.6103286384976526,1.0,0.6040268456375839,1.0,1.0,0.0,0.6103286384976526
48,1.0,1.0,1.0,0.625,0.0,0.0,0.0,0.625,0.0
871,0.6103286384976526,0.0,0.0,1.0,0.6040268456375839,1.0,1.0,0.0,0.6103286384976526
2,1.0,1.0,1.0,1.0,0.6040268456375839,0.625,0.6103286384976526,0.625,1.0
314,0.6103286384976526,1.0,1.0,0.0,1.0,0.0,0.6103286384976526,1.0,0.6103286384976526
586,0.0,0.625,0.0,0.0,0.6040268456375839,0.0,1.0,1.0,1.0
539,0.0,0.625,1.0,0.625,1.0,0.625,1.0,0.0,1.0
446,0.6103286384976526,0.0,1.0,0.0,1.0,1.0,0.6103286384976526,0.625,1.0
624,0.0,0.0,0.0,0.625,0.0,0.625,1.0,1.0,1.0
602,0.0,0.0,1.0,0.0,1.0,0.625,1.0,0.625,0.0
538,0.0,0.625,1.0,0.625,1.0,0.625,1.0,1.0,0.0
297,0.6103286384976526,1.0,1.0,1.0,0.6040268456375839,1.0,0.6103286384976526,0.625,1.0
81,1.0,1.0,0.6103286384976526,1.0,0.6040268456375839,0.625,1.0,0.0,0.0
231,1.0,0.0,1.0,0.625,1.0,0.0,1.0,0.625,0.6103286384976526
860,0.6103286384976526,0.0,1.0,0.625,1.0,0.0,0.6103286384976526,0.0,1.0
90,1.0,1.0,0.6103286384976526,0.625,1.0,0.625,0.0,1.0,0.0
161,1.0,0.625,0.6103286384976526,1.0,0.6040268456375839,0.0,1.0,1.0,0.0
102,1.0,1.0,0.0,1.0,0.6040268456375839,0.625,1.0,0.0,0.6103286384976526
303,0.6103286384976526,1.0,1.0,0.625,1.0,0.0,1.0,0.625,0.0
949,1.0,0.625,1.0,0.625,0.6040268456375839,1.0,1.0,1.0,0.6103286384976526
856,0.6103286384976526,0.0,1.0,0.625,1.0,1.0,0.6103286384976526,1.0,0.6103286384976526
653,1.0,1.0,0.6103286384976526,0.0,0.6040268456375839,1.0,0.6103286384976526,0.0,0.0
318,0.6103286384976526,1.0,0.6103286384976526,1.0,1.0,1.0,1.0,0.625,0.6103286384976526
113,1.0,0.625,1.0,1.0,1.0,0.625,1.0,0.625,0.6103286384976526
884,0.0,1.0,1.0,0.625,0.6040268456375839,0.625,1.0,0.625,1.0
532,0.0,0.625,1.0,1.0,0.6040268456375839,1.0,0.6103286384976526,0.0,1.0
462,0.6103286384976526,0.0,0.6103286384976526,1.0,1.0,1.0,0.0,1.0,0.6103286384976526
209,1.0,0.625,0.0,0.625,1.0,0.625,1.0,0.0,1.0
468,0.6103286384976526,0.0,0.6103286384976526,0.625,0.0,1.0,1.0,1.0,1.0
910,0.0,1.0,0.0,0.625,0.6040268456375839,0.625,1.0,1.0,0.0
847,0.6103286384976526,0.625,0.0,1.0,0.6040268456375839,1.0,1.0,1.0,0.6103286384976526
660,1.0,1.0,0.0,1.0,1.0,0.625,0.6103286384976526,0.625,0.6103286384976526
389,0.6103286384976526,0.625,1.0,0.625,0.0,1.0,1.0,0.0,1.0
561,0.0,0.625,1.0,0.0,0.0,1.0,0.0,0.625,1.0
585,0.0,0.625,0.0,0.625,0.0,0.0,1.0,1.0,1.0
232,1.0,0.0,1.0,0.625,1.0,0.0,0.6103286384976526,0.625,1.0
459,0.6103286384976526,0.0,0.6103286384976526,1.0,1.0,1.0,1.0,0.0,0.6103286384976526
705,1.0,0.0,1.0,1.0,1.0,0.625,0.6103286384976526,0.625,0.6103286384976526
288,1.0,0.0,0.0,0.625,1.0,0.625,0.6103286384976526,1.0,1.0
182,1.0,0.625,0.6103286384976526,0.0,1.0,0.0,1.0,0.625,1.0
23,1.0,1.0,1.0,0.625,0.6040268456375839,1.0,0.6103286384976526,0.625,1.0
788,0.6103286384976526,1.0,0.0,1.0,0.6040268456375839,1.0,0.0,0.0,0.6103286384976526
47,1.0,1.0,1.0,0.625,0.0,0.0,0.6103286384976526,0.0,0.0
735,1.0,0.0,0.0,1.0,0.0,1.0,0.6103286384976526,0.625,0.6103286384976526
62,1.0,1.0,1.0,0.0,0.6040268456375839,0.625,0.0,0.0,0.0
842,0.6103286384976526,0.625,0.6103286384976526,0.0,1.0,0.0,1.0,0.0,1.0
210,1.0,0.625,0.0,0.625,1.0,0.625,0.0,1.0,1.0
362,0.6103286384976526,1.0,0.0,0.0,1.0,0.0,0.6103286384976526,1.0,0.0
947,1.0,0.625,1.0,1.0,0.6040268456375839,0.625,0.6103286384976526,1.0,1.0
560,0.0,0.625,1.0,0.0,0.0,1.0,0.6103286384976526,0.0,1.0
746,0.6103286384976526,1.0,1.0,1.0,0.6040268456375839,0.0,0.6103286384976526,1.0,0.6103286384976526
945,1.0,0.625,1.0,1.0,1.0,0.625,0.6103286384976526,1.0,0.6103286384976526
342,0.6103286384976526,1.0,0.6103286384976526,0.0,1.0,0.0,0.0,1.0,0.0
848,0.6103286384976526,0.625,0.0,1.0,0.6040268456375839,1.0,1.0,0.625,1.0
411,0.6103286384976526,0.625,0.0,1.0,1.0,1.0,0.6103286384976526,0.0,1.0
238,1.0,0.0,1.0,0.0,0.6040268456375839,1.0,0.6103286384976526,0.625,1.0
528,0.0,0.625,1.0,1.0,1.0,1.0,0.0,0.625,0.6103286384976526
287,1.0,0.0,0.0,0.625,1.0,0.625,1.0,0.625,1.0
881,0.0,1.0,1.0,1.0,0.0,0.0,0.6103286384976526,0.625,0.6103286384976526
204,1.0,0.625,0.0,1.0,0.0,0.625,1.0,0.0,0.0
638,1.0,1.0,0.6103286384976526,1.0,0.0,0.625,0.6103286384976526,1.0,0.6103286384976526
942,1.0,1.0,0.6103286384976526,0.625,1.0,1.0,1.0,0.625,0.6103286384976526
731,1.0,0.0,0.6103286384976526,0.0,0.6040268456375839,1.0,0.6103286384976526,0.0,1.0
320,0.6103286384976526,1.0,0.6103286384976526,1.0,1.0,1.0,0.6103286384976526,0.625,1.0
43,1.0,1.0,1.0,0.625,0.0,0.625,0.0,0.0,0.0
147,1.0,0.625,0.6103286384976526,1.0,1.0,1.0,0.6103286384976526,0.0,0.0
621,0.0,0.0,0.0,1.0,1.0,1.0,0.6103286384976526,0.0,0.6103286384976526
953,0.6103286384976526,1.0,1.0,1.0,0.6040268456375839,0.625,0.6103286384976526,1.0,1.0
263,1.0,0.0,0.6103286384976526,0.625,1.0,0.0,1.0,0.625,1.0
120,1.0,0.625,1.0,1.0,0.0,0.0,1.0,0.625,0.6103286384976526
188,1.0,0.625,0.0,1.0,1.0,1.0,0.6103286384976526,0.0,0.6103286384976526
