,state
1703,1
10630,1
2788,0
10682,1
1090,1
2280,1
3120,0
10227,1
14430,1
108,1
7866,1
13194,1
8152,0
7998,0
14931,1
12651,1
9732,1
10976,1
6631,0
9219,0
3763,1
9520,1
1251,0
2226,0
14103,1
9877,0
2119,1
11100,1
14310,1
2735,0
344,1
14056,0
8381,0
12183,0
11397,1
3355,0
9722,0
14623,0
4730,1
8856,1
637,1
8845,0
14669,1
3710,0
13653,0
111,0
9267,1
3332,1
8800,1
14240,1
1591,0
3157,1
5487,1
6787,1
14170,1
2892,1
15474,1
5113,1
5273,0
8688,1
1488,1
5177,1
5447,1
4543,1
1189,0
8239,1
766,1
8024,1
1394,1
2947,0
12325,1
15527,1
12692,0
7399,1
12114,1
14830,1
1226,1
11988,1
6433,1
1180,1
5679,1
3481,0
6174,1
1103,0
14024,1
14540,1
15502,1
5298,1
5181,0
10265,1
2845,0
14360,0
3050,1
4657,1
2734,1
12434,1
11654,1
5011,0
10515,1
14858,1
8834,1
11696,0
4161,1
10554,0
3638,1
7800,1
719,1
9592,0
11120,1
1493,1
2696,1
3899,0
12609,0
4956,0
2770,1
15331,1
9926,0
1723,0
13383,1
2678,1
2568,1
8009,0
8610,0
2071,1
9239,1
1074,0
5530,1
14044,1
1344,0
9466,1
14805,1
1958,1
2135,0
124,1
7656,1
4463,0
8458,1
6119,1
4819,1
14993,1
6910,1
6606,0
10246,0
5940,1
82,1
3085,1
584,0
10054,1
14581,1
3965,0
13696,0
1112,1
9622,1
14576,1
7291,0
14647,0
564,0
4258,0
6325,1
11098,1
14485,1
5192,1
9168,1
4181,0
8205,1
3977,0
4222,1
6657,0
10768,1
5132,1
331,1
11334,1
4505,1
3558,1
13478,0
11894,1
12405,1
7084,0
14135,1
13021,1
3283,0
11880,1
12132,0
9946,1
8553,0
2081,1
6637,0
4277,1
72,0
7896,1
10537,1
8487,0
5114,1
9916,1
4401,0
7521,1
7697,0
5512,1
6983,0
10970,1
6798,1
6904,0
2522,0
14445,1
9568,0
5025,1
11997,1
12521,1
13462,1
15503,1
264,1
10772,1
10700,1
1136,1
941,1
12960,1
1311,1
5566,1
4051,1
6199,1
2268,1
14419,0
9638,1
872,1
15540,1
11043,1
2972,1
10763,1
7825,0
3726,1
17,1
13594,0
5188,1
14713,1
12975,1
1409,1
11208,1
6611,1
863,0
8851,1
9301,0
8320,1
9523,1
5214,0
1704,1
6751,1
11372,1
3093,1
909,0
865,0
35,1
4045,1
15370,1
6996,1
1452,1
4355,1
13838,1
14735,0
12800,0
15374,1
3516,0
7357,0
7121,1
14293,0
12402,1
8769,1
626,0
8643,0
4214,0
6173,0
11786,0
1478,1
2059,1
9970,1
3946,0
4299,1
1862,1
7696,0
9698,0
1663,1
443,0
2235,1
7309,0
4245,1
4400,0
1929,1
9251,1
1495,0
12724,1
11814,0
4058,0
12905,1
6915,0
6249,1
14244,0
3522,1
3827,0
10567,1
254,1
14923,1
106,1
4691,1
14339,1
10394,1
7530,1
13688,1
2797,0
14323,1
5412,1
3444,0
4359,1
3667,0
572,0
4793,0
567,1
4965,1
48,0
6709,1
5636,1
11758,0
3588,1
848,0
10471,1
12477,1
8372,1
6641,1
6675,1
5755,0
10951,1
9084,0
5554,1
15126,1
3579,1
7386,0
7187,1
14487,1
2529,1
170,1
1681,0
12598,0
3869,1
11884,0
7458,1
12196,1
1735,0
14633,1
5136,0
5694,1
13794,1
12182,1
5166,0
15287,0
5231,1
9779,1
7191,1
15040,1
2722,0
2616,1
851,1
14188,0
8306,1
8948,1
871,1
4081,1
9439,0
3843,1
1526,1
436,0
1005,0
301,0
2684,1
8290,1
4887,1
10025,1
501,1
8933,1
594,0
6769,1
14307,1
12343,1
12755,1
4017,1
11693,0
4762,1
10878,1
408,0
4605,1
14824,0
8818,1
7525,1
10735,1
14381,1
7076,1
5257,1
9963,1
7878,1
3983,1
8875,1
12871,0
5613,1
12019,0
6975,1
10860,1
573,0
9982,0
13733,1
7679,0
11715,0
1022,1
8897,1
14036,0
9831,1
10719,1
5407,1
3357,0
14067,0
3303,1
13510,1
11295,1
10611,1
8526,1
13042,1
7527,1
8747,1
15295,1
4344,0
2063,1
10994,1
14027,1
5741,1
9931,0
6217,1
5706,1
12535,1
3170,1
15131,1
1026,1
7502,0
3361,1
2110,0
5658,1
1533,1
7599,1
11775,0
7542,1
13849,0
3586,0
10008,1
4504,1
4571,1
9093,0
13771,1
2252,1
6614,0
2095,1
10270,1
807,1
13253,1
1110,1
6494,1
136,1
10236,1
2120,1
5657,1
2924,1
3900,0
11051,1
9375,1
6633,1
10882,1
13274,0
13270,1
12010,0
9661,0
5556,1
13693,0
7848,1
5714,1
10327,1
5002,0
7960,0
9470,0
7672,1
1291,0
6062,1
6914,0
10876,1
3242,1
10526,0
1954,1
4183,0
4879,1
11118,1
12951,0
15375,1
5049,1
2107,0
4612,1
8970,1
3415,1
11498,1
13320,1
2430,1
7702,0
4192,0
13523,1
8670,0
14057,0
2986,1
366,0
14370,0
2128,1
12478,1
10211,1
14179,0
12699,0
13848,0
5059,1
15386,0
10328,1
1094,1
9927,1
2525,1
277,1
12125,0
12459,1
727,1
11787,0
2816,0
397,0
9449,1
15210,1
536,0
6839,1
1661,1
12970,0
1706,1
14373,1
6773,1
10320,1
10975,1
12568,1
9838,1
4417,1
13104,1
14665,1
2686,0
9508,0
10047,1
12268,1
11297,1
6116,1
7328,1
4728,0
9270,1
13826,1
3608,0
5911,1
4240,1
5625,1
1049,1
14248,0
14206,0
6349,1
3571,0
5346,1
771,1
4942,0
8727,1
5688,0
2066,1
4154,0
5124,1
7732,1
14970,0
2513,0
8171,1
13277,0
12442,0
12957,1
2705,1
4043,1
14440,0
8070,0
12381,1
759,1
6901,1
4024,0
13773,1
6899,1
4915,1
13756,0
6573,1
13141,1
10840,0
2938,1
15074,1
15495,1
13726,0
616,0
104,1
703,1
3788,0
6068,1
2173,0
2982,1
7101,1
6766,1
14808,0
4462,1
6835,1
6375,1
9417,1
145,1
4663,1
7505,0
4218,1
14313,1
14034,1
1687,0
2935,1
320,1
1671,1
12237,1
2717,1
10714,1
6459,1
2312,1
15362,1
13077,0
11300,1
7632,1
10752,1
275,1
15024,1
14461,1
11809,0
9680,0
8821,1
6919,0
524,0
8184,0
5074,1
1632,1
388,0
10884,1
14131,1
14115,0
1316,1
3755,1
5369,0
12994,1
1691,0
13387,1
3712,1
5989,1
14479,1
2389,0
11154,1
8360,1
12635,1
15244,0
4564,1
3954,1
3162,0
13770,1
8655,1
14023,1
5953,0
845,0
12573,1
288,0
15282,1
4087,0
14930,0
13677,1
6520,1
10647,1
3081,1
11310,1
643,1
8820,1
12898,0
2570,1
4020,1
13857,1
10423,1
1325,1
11449,0
15412,0
14967,1
6346,1
9186,0
11381,1
11645,1
13678,1
8630,1
8905,1
3538,0
7856,1
6583,1
14502,1
5184,1
15159,0
5493,1
2679,1
15526,1
3663,1
14937,0
8068,1
5148,1
7010,0
4851,1
9109,0
6073,1
4481,0
12553,1
3967,0
1605,1
7986,1
631,1
13825,1
7922,1
13033,1
5987,1
5531,0
6701,1
5021,0
3985,1
9072,1
394,1
2506,0
5076,1
3056,0
6664,0
13425,1
7733,1
5774,1
3025,1
3493,0
2242,0
13187,0
3530,1
428,1
6355,1
11139,1
7371,0
4255,1
7977,0
2079,1
7331,0
1449,0
9009,1
12985,1
9289,1
6589,1
8522,1
8837,0
459,0
3533,0
9028,0
1195,1
6176,1
4323,1
5258,0
7828,0
9235,1
2980,1
7460,0
7122,1
4801,1
10804,0
6480,1
12922,1
7957,0
15004,0
13037,1
1052,0
9097,1
2321,0
3488,1
10797,1
11230,1
6070,1
11627,1
12990,1
4115,0
2338,1
13938,0
5161,1
3289,0
5444,1
15265,1
2217,0
14364,1
14680,1
8404,0
1758,1
589,1
15414,0
15067,0
15306,1
813,1
4478,0
11522,0
3941,1
8237,1
11296,1
14420,0
7355,1
13640,1
11538,0
13704,0
8139,1
13059,1
8580,0
11968,1
6198,1
1714,1
9234,1
13060,1
14164,0
4292,1
4097,1
345,0
10031,1
13189,0
7764,1
8816,1
15259,0
14590,0
12808,1
5686,1
8418,0
6475,0
8868,1
1365,0
8898,1
8127,0
409,1
3013,1
15266,1
3725,0
7770,1
9268,1
5926,1
12548,1
6822,1
11357,1
13815,0
13555,1
633,1
9550,0
823,1
4470,0
8806,0
8584,1
13426,1
10417,1
3266,1
10589,1
10991,1
14711,1
6358,1
8789,0
15446,0
1023,0
7608,0
5643,1
15317,0
6541,0
15410,1
3845,1
7071,0
2201,1
3895,1
276,0
3666,0
14376,1
12399,1
1571,0
5364,1
15050,1
10737,1
15206,1
3499,1
293,1
13457,1
10741,1
1565,0
11577,1
15180,0
8985,0
1519,0
7118,1
4438,0
13554,0
8585,1
6106,1
3310,1
4618,1
11742,0
10928,1
729,1
13214,1
14228,0
10793,1
10687,1
9594,0
13642,1
9543,0
15333,1
9551,0
7817,0
10268,0
14238,1
4548,1
1373,0
2891,1
9575,0
4492,0
8511,1
9851,0
7760,1
3152,1
1966,1
3764,1
5777,0
3296,1
9332,1
4380,1
3,0
7882,1
2015,1
8687,1
9539,1
605,1
14005,1
6296,1
8146,0
4392,0
778,1
5659,1
12878,0
14097,1
2872,0
11648,1
5134,0
14124,0
5206,1
12006,1
10214,1
13019,0
6013,1
11871,0
4675,1
15270,0
8665,1
13420,1
8060,1
15349,1
6958,0
8530,1
13222,1
13032,1
2293,0
6448,1
10360,0
4802,1
8634,1
3038,0
9431,1
5005,1
6326,1
13,1
9113,1
11565,1
6638,1
14431,1
9216,1
3994,1
8717,1
1952,1
402,1
14771,1
8600,1
14191,0
1898,1
14246,0
12705,1
14481,0
14563,0
9174,0
7305,1
6852,1
13843,1
14640,1
13837,0
3955,0
10877,1
11106,0
11849,0
13928,1
6791,1
13056,1
2244,0
7691,0
4317,0
4047,1
10405,1
4547,1
10612,1
7150,1
9717,0
12647,1
14517,0
13898,1
2958,0
6105,1
2423,0
13542,1
7272,0
11748,0
15123,1
13876,1
10269,1
898,1
1085,1
6418,1
2263,1
15318,0
4166,1
13430,0
3610,1
10587,1
8991,1
12704,1
3368,1
10325,0
9734,1
8680,1
7288,0
6361,1
3245,1
10983,1
8981,0
12134,1
779,0
13583,0
7924,1
11566,1
218,1
13766,0
12216,1
5387,0
13068,1
9969,0
5221,0
1850,1
6756,1
9415,0
12090,0
4121,1
7147,1
11506,1
2222,0
2159,1
1517,0
3905,1
6692,1
6817,1
6491,0
10168,1
6264,1
7546,1
818,1
8432,1
7707,0
3615,1
5518,0
6951,0
10251,1
15187,1
11695,0
11583,0
13712,0
8972,1
2630,1
2475,1
7424,1
5140,0
14159,1
57,1
6149,1
14884,0
2772,1
7209,1
13654,0
3560,0
1608,0
14850,0
832,1
7555,1
10365,1
15345,1
11580,1
1119,0
11534,0
4831,1
3265,1
14403,1
10517,1
14664,1
5532,0
12240,1
4500,1
284,1
11457,1
6130,1
8575,1
14263,0
9668,0
6438,1
5223,1
14274,0
15453,0
5240,0
11922,1
11955,1
10152,0
2504,0
11676,0
15323,1
6601,0
2590,0
9040,1
7225,1
14192,0
3293,1
6055,1
10720,1
6145,1
11597,0
1736,0
1158,0
13185,1
4328,1
11224,0
13288,0
3669,1
10464,1
5647,1
2546,0
2757,1
12916,0
2774,1
6847,0
5481,1
11211,1
122,1
1867,0
9197,1
11044,1
7952,0
3474,1
8498,1
12711,1
400,1
12596,1
2779,0
4897,0
1633,1
8296,1
9296,1
11307,1
6134,1
6385,0
9617,1
10080,0
1236,1
3695,0
6241,1
5091,1
9374,1
10794,1
6706,1
11755,0
454,0
15090,0
15292,1
5973,0
1803,0
12805,1
10816,1
15238,0
9493,1
7299,1
13896,1
13495,1
14716,1
3127,0
7675,0
14740,0
6971,1
1438,0
191,1
3216,0
10672,1
14624,1
5668,1
10944,1
12154,1
14587,1
6890,1
15304,1
2378,1
14815,0
13121,0
10685,1
7933,1
7605,1
5315,1
7941,1
9001,1
15027,1
2332,1
8187,0
3691,1
628,1
5639,1
3456,1
9458,1
866,1
13314,1
265,0
9006,1
8204,1
10959,1
54,1
1624,0
1275,1
2889,1
1938,1
6420,0
812,1
343,1
1872,0
7647,1
6091,1
6924,0
5729,1
6065,1
9521,0
8636,0
5081,1
9900,1
2715,1
7735,0
11907,0
4242,0
4465,0
12117,0
13137,1
10312,1
12599,0
12810,1
9007,1
5436,1
11174,1
9008,1
25,1
103,1
13093,1
2221,0
6060,1
13568,0
1029,0
757,1
974,0
14848,0
169,0
9367,1
1529,0
2082,1
2745,1
12018,1
1441,0
5147,1
6072,1
3754,0
2102,1
15001,0
3035,0
8388,1
5014,1
14160,1
3700,1
8370,0
15413,0
4113,1
14573,0
14732,0
15258,1
435,1
12340,0
14140,0
12210,1
8654,0
11093,1
9598,1
9418,1
13936,1
10787,1
6591,1
3241,0
5020,0
6578,0
607,0
14539,0
7199,1
6004,1
13163,0
11586,0
2882,1
2851,1
8319,1
13439,1
10028,1
8134,1
67,1
7698,0
10450,1
952,1
7102,1
7726,1
13317,0
10182,1
7279,1
4132,1
9183,0
3646,1
15059,0
5419,1
2837,1
12932,1
12604,0
7337,1
3464,1
13805,1
11021,1
1830,1
6816,1
5155,1
12550,1
6575,1
1554,1
4083,1
5878,0
1104,0
14518,1
928,1
1978,1
12049,1
12590,1
10220,1
656,0
2843,0
2456,1
13645,0
2819,0
7955,1
8496,1
1417,1
7513,1
4252,0
14423,0
1370,0
7418,1
3099,0
11974,1
10750,1
5037,0
9338,0
2106,1
3958,1
316,1
3124,1
14048,0
11293,0
6052,1
9765,0
10529,1
7923,1
14610,1
8957,1
11657,1
11273,1
15232,1
9,0
7383,0
12887,1
5934,1
9002,1
4264,0
8332,0
3544,1
15110,1
8847,0
2595,0
14865,0
9237,1
13110,1
440,0
9714,0
10296,1
4200,1
13250,1
3380,0
9844,0
5012,1
9968,0
8774,0
13894,1
3979,1
2132,1
162,1
11533,0
9071,1
9372,1
4772,0
14951,0
10370,1
260,1
15515,1
6719,1
3181,0
13809,0
8559,1
6012,1
8507,1
12792,0
4811,0
8412,1
4549,1
5672,1
5798,1
11313,1
14076,1
8740,1
3696,1
5434,1
14644,1
7098,1
11606,1
13097,1
5734,1
8173,0
10203,1
4023,1
7791,1
13053,1
4554,1
11008,1
11193,1
1660,1
4699,1
253,1
13998,1
6049,1
7891,0
11661,1
14022,1
15167,1
11596,0
12695,1
60,1
8916,1
11274,1
4415,1
5895,1
13958,1
8394,1
9980,1
6086,1
9140,0
4681,1
15087,1
11900,0
8873,1
15006,1
8881,1
5127,0
8935,1
2789,0
9254,0
5582,0
13968,0
6251,1
3660,0
12527,1
7560,1
7551,1
3231,1
8357,1
13427,1
8222,1
12029,0
503,1
8696,1
5881,1
13575,0
13851,0
11017,1
1068,1
4461,1
11323,1
1424,1
3184,1
11913,1
4553,1
11872,1
13619,0
9371,1
11091,1
3922,1
198,1
518,0
4742,1
11284,1
10024,1
5053,1
13546,0
9064,1
5473,1
1928,1
6658,1
6730,0
6707,1
6009,0
9345,1
1548,0
8596,1
12416,1
4822,0
6749,1
4668,1
13860,0
8954,1
3275,1
15284,1
12086,1
13114,0
8738,1
1118,0
7761,1
12112,0
1077,1
1647,1
452,1
7471,1
297,0
13684,1
2996,1
8003,1
8472,0
7930,1
5711,1
14447,0
2208,1
9086,0
3818,1
12411,1
11967,1
7509,1
1696,1
1108,0
5216,1
8983,1
4567,1
259,1
5377,1
11774,0
8913,1
5708,1
41,1
15478,1
8302,1
11881,0
11059,1
5523,0
15276,1
12339,1
5319,1
7720,1
7295,0
1603,1
7715,1
14866,0
6371,1
1054,1
13492,0
13334,1
2484,1
8427,0
14195,0
603,1
10971,1
3394,1
10022,1
1568,1
966,0
14870,1
13209,1
14512,1
14378,0
4755,1
5464,1
13924,0
9621,1
8161,0
404,0
14849,0
4413,1
9082,0
10076,1
4899,1
3141,0
2417,1
3526,1
460,1
6189,0
10710,1
9379,1
5497,1
3450,0
12829,1
10613,1
12694,1
12874,1
236,0
4061,0
5813,1
8327,1
8795,1
2180,1
13268,1
13175,1
4227,0
2841,0
15373,1
2162,0
12097,0
9445,1
1013,1
5844,1
11288,1
7296,1
10844,0
12227,0
419,0
3197,1
10324,0
12289,1
14357,1
3280,1
174,0
13479,0
6278,0
15517,1
6943,0
8192,0
4878,1
14120,1
3049,0
1642,1
6936,1
27,0
14098,0
610,1
15501,0
14531,1
6687,0
11841,1
2037,1
1336,1
8328,1
3514,1
13318,1
13807,0
9468,0
11081,1
4224,1
4343,0
4938,1
1264,1
266,0
4456,0
11875,0
12979,1
12037,1
1816,1
1356,0
5909,1
4137,1
723,1
3724,1
10071,1
14143,1
12851,1
10193,1
1569,0
2016,1
5673,1
12085,1
13832,0
8558,1
10109,0
2930,1
5429,1
168,1
9157,0
11844,0
3914,1
543,0
9467,1
12362,1
4981,1
3906,1
8673,0
15158,1
9274,1
5501,1
5730,1
176,0
6260,1
12022,1
12102,1
8914,1
10915,1
11478,0
15307,0
5228,1
10183,1
4140,0
14660,0
5333,0
7665,1
2539,0
23,1
6127,0
292,0
829,1
9448,1
3986,1
2898,0
2153,1
3494,1
2592,1
230,0
4311,1
15332,1
10177,1
4151,0
10519,1
14998,1
10216,1
12163,1
7311,1
5303,1
11481,1
1335,1
8228,0
7927,1
1773,1
6121,1
12982,1
10445,1
6858,0
4453,1
5865,1
7004,0
14383,0
13148,0
8330,0
6257,1
8651,0
5212,1
3218,1
8854,1
7176,0
4875,0
193,0
8150,1
3878,1
472,0
1516,0
5821,1
222,1
11877,0
15141,1
12611,1
6156,1
11961,1
1717,1
8314,1
9383,0
5055,1
12042,1
8263,0
6742,1
11019,0
10657,1
8343,1
15330,1
14210,0
3344,1
15528,0
6377,1
15051,1
4964,0
2117,1
14936,0
12388,1
8909,1
9020,0
4888,0
12024,1
11087,1
1745,1
4257,0
11079,1
13100,1
2405,0
9199,1
7900,0
13473,0
9536,0
11115,1
8311,1
4656,1
11721,0
8102,0
8072,0
14743,1
688,1
5758,0
12383,1
8158,0
1683,0
2122,1
10942,1
51,1
14505,0
3564,1
7603,0
5460,0
15023,1
3728,1
12665,1
7063,0
6032,1
3995,1
3531,1
4855,0
11292,0
4136,1
4474,1
12265,1
4143,1
12026,1
7576,0
8799,1
1995,1
5795,0
12302,1
11265,0
5300,1
2210,1
5604,0
822,1
336,1
10688,1
13403,0
13089,1
4309,1
5414,1
15381,1
1263,0
675,1
786,0
2842,0
1082,1
5985,1
3786,1
6215,1
9630,1
903,1
128,0
11084,1
6623,0
5778,0
11625,1
15253,1
6126,1
7984,1
10783,1
13529,0
3741,1
13995,1
10908,1
12269,1
15364,1
7315,0
9864,1
12076,0
1737,0
478,1
10934,1
716,1
14956,1
2907,1
3317,1
3459,0
11984,1
12853,1
4631,1
12392,1
3744,1
14474,1
7692,1
5347,1
307,1
11464,1
13673,1
1019,1
94,0
12007,0
5956,0
1934,1
3391,1
6256,0
15473,0
3886,1
4402,0
10102,1
2818,0
12940,0
133,1
15057,1
1072,1
5646,1
14831,0
3189,0
13707,1
2667,0
15166,1
9582,1
9727,1
2344,0
13694,0
12555,1
171,1
464,0
12231,0
1060,1
9069,0
5058,1
11588,1
10845,1
12736,1
4312,0
7777,1
8637,0
3128,1
4088,1
5792,0
10684,1
10626,1
14207,1
10034,1
8577,1
3644,1
7425,1
5239,0
13595,0
12660,1
5272,1
9406,1
6984,0
10002,0
1811,0
1909,0
4149,0
9114,0
8690,1
3940,1
3462,0
13205,1
8118,1
6360,1
10535,1
1063,0
11480,1
11989,1
12895,1
2786,1
15189,0
11298,0
7339,1
8385,0
32,0
4108,1
10993,1
3461,1
8927,1
1301,1
6363,1
11487,0
2051,1
13671,1
3281,1
4955,1
2091,1
12372,1
8968,1
4860,1
3173,1
10482,1
4399,1
2829,1
15200,1
10018,1
12633,1
246,0
13313,1
13284,0
12254,0
22,0
14100,1
4977,0
12666,1
240,0
905,0
5401,1
743,1
5684,1
2919,1
5574,1
14878,1
15290,1
9087,1
2443,1
12171,0
7390,1
6939,1
11694,1
15129,1
10729,1
9506,0
3382,0
2859,1
13289,1
3760,1
6392,0
2615,1
7541,1
9055,1
3345,0
15492,0
2243,0
14409,1
15426,0
9437,0
5691,0
10625,1
2598,1
10255,1
11600,0
2977,1
15530,1
2870,1
10154,0
8504,1
10135,1
2639,1
6261,0
3889,1
1843,0
12672,0
9195,1
8931,1
1188,1
3921,1
11899,0
13675,1
14529,0
7038,1
10633,1
2216,1
12591,1
12563,1
8416,1
6860,1
10963,1
304,1
10775,1
13244,0
11336,1
5196,0
4280,0
10943,1
10785,1
13336,1
473,1
6098,1
11409,1
9115,0
5066,1
13501,1
1606,1
1418,1
9016,0
6456,0
3078,1
2316,1
7028,1
375,0
7864,1
12058,0
7261,1
10234,1
5612,1
6909,1
11972,1
4705,1
5661,1
4141,1
9281,1
11269,1
10123,1
303,1
862,1
14727,1
1078,0
4202,1
5158,1
11685,0
10839,1
11939,0
13337,1
9488,0
14933,1
1328,1
2599,1
3758,1
10253,1
13532,1
8657,1
1215,1
6515,1
6394,1
5650,1
7914,1
11405,1
5898,1
10906,0
2588,1
4041,1
7154,1
1208,1
12222,1
14435,1
10962,0
8053,1
7937,1
370,0
5357,1
6143,1
4228,0
1412,0
8081,1
4405,1
15476,1
7103,1
693,1
6964,0
13752,1
1479,0
7077,1
840,0
6030,1
6026,1
14147,1
14398,1
10467,1
2190,0
12148,1
4322,1
10740,1
12655,1
4234,0
340,1
7897,1
1626,1
13078,0
1186,0
15420,0
9690,0
8157,1
5044,1
4736,1
14328,1
2468,1
11179,0
8692,1
6594,0
15539,1
4649,1
13561,1
9991,0
6314,1
5089,1
9813,0
14496,1
7868,1
5922,1
1420,1
964,1
4868,1
10309,1
5167,1
12445,1
9987,1
10400,1
2073,1
880,0
14978,1
8827,1
2116,0
11373,1
4220,0
2593,1
7795,1
15536,1
274,1
5098,0
160,1
13125,1
6527,1
14047,0
13315,0
8694,1
8209,1
11416,0
9923,1
215,0
10716,1
1027,1
1810,1
1532,1
2954,0
3020,1
12986,1
11633,1
548,0
10260,1
10411,1
8189,0
2302,0
4243,0
9888,0
437,0
576,0
13743,1
3749,1
14236,1
1835,1
10298,1
7073,1
10954,1
10388,0
13670,0
479,1
14122,1
588,0
1593,0
11309,1
13226,1
14290,1
3314,1
7290,1
1984,1
828,1
10079,0
2873,1
3437,0
1549,0
10872,1
14896,1
6226,1
13275,1
14039,1
12661,1
1133,1
8848,1
9760,1
6490,0
5000,1
1451,1
8465,0
9335,1
5560,0
8215,1
5563,1
925,0
9524,1
3523,1
12164,0
10759,1
1304,1
15419,0
2936,1
6402,0
474,1
5496,0
183,1
6317,1
3251,1
11239,1
10149,0
9430,1
12032,1
7138,1
7699,1
3553,0
6885,1
9413,0
7558,1
7016,1
3924,1
1184,1
4796,0
3871,1
13291,1
5397,1
7062,1
2585,1
14779,0
6501,1
1353,1
13136,1
199,0
10232,0
6600,0
15092,0
9039,0
11858,0
6169,1
7832,0
2283,1
12532,1
7245,1
15310,1
9897,0
9420,0
11096,1
6209,1
1095,1
2477,1
161,1
9674,1
11065,1
13878,1
11929,1
10306,1
9067,1
14037,1
7630,1
13183,1
5457,1
11554,0
12219,1
2748,1
3683,1
10142,0
3233,0
2530,0
10437,1
10266,1
11553,1
1876,1
8447,1
11568,1
4213,0
14286,1
4677,0
7304,1
2257,0
15399,0
7058,1
4919,1
1322,1
10456,0
7347,0
13500,1
10781,1
12201,1
4010,1
12854,1
13239,1
7747,1
6560,1
12789,1
1616,1
12082,1
2331,1
11410,1
7064,1
2937,1
7959,0
4148,0
487,1
8604,1
5129,0
12319,1
14780,1
10778,1
2669,1
9657,0
5415,1
12341,0
3561,0
1018,1
4640,1
14516,0
8648,1
7091,0
15227,1
15020,1
389,1
4641,1
7688,1
682,1
2403,0
2764,0
9637,0
8444,1
1573,0
1844,0
10330,1
8080,1
11834,1
13030,1
5842,1
1262,0
12533,1
655,0
10110,0
167,1
12926,1
5701,1
11690,0
5322,1
14856,1
10799,1
8077,1
3299,0
9794,1
4091,1
11117,1
14818,0
6898,1
8857,0
2463,0
10629,0
7170,1
993,0
4830,1
3294,1
10502,1
15072,1
3352,0
7148,1
3412,1
12627,1
12429,1
7911,1
6452,0
8233,0
6665,0
9204,1
11406,1
1711,1
7579,0
15486,0
910,0
4055,1
6897,1
12357,1
4551,1
12795,1
2633,1
7129,1
10541,1
2358,1
11178,1
3439,0
6137,1
5392,0
14299,1
12625,1
10505,1
4069,1
2108,1
6710,1
14438,0
6154,1
6336,1
6484,1
13590,1
8695,1
15433,1
954,1
7438,1
11474,1
3750,0
12297,1
11429,1
15124,0
4639,0
13536,1
11603,0
9277,1
5720,1
9390,1
9873,0
1721,1
2507,1
2978,1
1856,1
508,1
5930,1
13655,0
12040,1
3556,1
14568,1
1490,0
5880,1
5905,1
11666,1
2487,1
1643,1
11738,0
9527,0
8440,1
511,1
3475,1
6124,1
13747,1
1906,0
1849,0
9628,1
12428,0
14475,1
9861,1
7805,0
5170,0
9100,1
3455,1
6959,0
4298,1
8894,1
9118,0
7861,1
13808,0
855,0
7023,0
3765,1
5784,1
6412,1
91,0
1780,0
9324,1
3856,1
638,1
527,0
1982,1
469,1
178,1
68,1
11229,1
5949,1
9869,0
1989,1
2665,1
1242,0
2376,0
3031,1
3814,0
7784,1
1426,1
10744,1
10395,1
3860,1
13937,0
936,1
14963,1
12565,1
578,0
15445,0
8214,1
5807,1
2386,1
5914,1
12292,0
12122,1
4709,1
13061,1
9701,1
10791,1
11085,0
1075,1
1381,0
13597,0
10011,1
11000,1
4389,0
10510,0
9542,0
13616,0
1088,1
6929,1
8108,1
6533,1
3773,1
15481,0
4351,0
6359,1
7843,1
4776,1
2218,0
13405,0
13134,1
2762,1
13994,0
6282,1
12212,1
1411,1
5587,0
12710,1
6056,1
10600,1
5423,1
4428,1
7601,0
1271,1
5955,0
13480,0
12657,0
7877,1
1949,1
10206,1
12053,1
8321,0
8617,0
3220,1
12836,1
946,0
9658,0
10697,1
7140,1
8225,1
9996,0
14733,1
14756,1
4671,1
6444,1
12023,1
1233,0
7504,1
5861,1
3826,0
13617,1
165,0
14050,0
3614,1
9505,0
2432,0
13096,0
4557,1
6574,1
10898,1
2628,0
5383,1
13167,1
5157,0
4302,0
8807,0
4969,0
7769,0
996,1
13579,0
12491,1
10865,1
3934,1
434,0
12679,1
4301,0
13271,0
4733,0
5431,1
427,0
6956,0
6834,1
15098,1
1794,0
1520,0
14643,0
15062,0
11129,1
2509,0
13102,1
7177,0
3273,0
10896,1
8683,1
9553,0
6598,0
5571,1
4494,0
1431,1
10728,1
11621,1
10335,1
10996,1
2949,1
11514,0
2861,0
2914,1
12641,0
1701,1
4779,0
13551,0
13376,1
3243,1
9904,1
14543,1
4695,1
5787,0
8021,1
3064,0
6356,0
5969,0
4751,0
79,0
451,1
9693,0
5929,0
11024,1
3413,1
8705,0
9751,1
12883,1
14794,0
2511,0
6162,1
3014,1
7287,1
8300,1
5856,0
834,1
1272,0
3009,1
2973,0
14973,1
10111,0
114,1
780,1
8829,1
10619,1
11433,0
12832,1
8793,1
1852,1
4439,0
12224,0
7107,1
131,1
5320,1
4266,1
8164,0
6893,1
4348,1
10100,1
7633,1
6342,0
2781,1
3628,1
13768,0
11856,1
12634,1
12133,1
14157,0
5191,1
15143,0
835,0
11915,1
12814,1
8247,1
11422,0
3543,0
4727,1
2301,1
6549,1
3129,0
10565,0
9549,0
10012,1
6061,1
9929,0
7836,1
4792,0
2831,1
1563,0
3587,0
1785,0
7727,1
7066,0
492,0
4579,1
2032,1
13758,0
12113,0
1719,1
8486,1
13435,0
15261,0
14882,1
9914,0
14750,0
11385,1
12465,1
4609,1
13917,1
857,0
4219,1
1522,0
7085,1
9201,1
6309,1
1182,1
10690,1
4659,1
9677,0
7292,1
2724,0
6372,1
14011,1
1032,0
10601,1
4577,1
2198,1
7368,1
700,1
730,1
7705,1
2960,1
10583,1
2827,1
8324,0
9304,1
11227,0
11986,1
2491,0
12619,1
7075,0
2743,0
808,1
6138,1
11943,1
4262,1
11201,1
7792,1
3300,0
7201,0
1137,1
1561,0
14941,1
9817,0
11739,0
7002,1
11443,0
4455,1
1482,0
4128,1
13713,1
3268,1
10627,0
5105,0
7544,1
6233,1
8368,1
12209,1
12363,1
322,1
11805,0
11486,0
1791,0
5535,1
10337,1
14772,0
14072,1
9191,0
6097,1
9961,1
9385,1
11049,1
13817,1
1361,1
8226,0
7480,0
3525,0
14663,1
11561,1
12404,1
11941,1
7081,0
11886,1
12419,1
12063,1
7916,0
9414,0
7674,1
13559,0
8246,1
11981,1
591,0
3051,0
14955,0
14468,0
14935,1
12917,1
1073,0
10745,1
3176,1
3766,1
12275,1
5676,1
4788,1
11816,0
12157,1
7449,0
9013,1
9300,1
6222,1
15482,0
625,1
8459,1
7363,1
4725,1
4256,1
13083,0
1152,0
563,0
11612,1
403,1
10125,1
6155,0
2876,1
3088,1
352,0
747,1
15415,0
11235,1
4325,1
10917,1
537,0
12248,1
7216,1
12393,0
11006,1
1976,1
4452,0
3816,1
6090,0
10210,1
13069,1
11402,1
9077,0
2975,1
9556,1
793,1
1866,0
3722,1
13082,1
9017,0
15355,1
4450,0
4362,0
2730,1
13571,0
6542,0
14728,1
14569,0
2540,0
3230,1
7538,0
6880,0
12788,1
4356,1
5343,1
7326,1
12191,0
14049,1
5993,1
13572,0
8017,1
978,1
6607,0
2557,1
3877,1
4304,1
6771,0
5463,1
11582,1
10196,1
8365,1
6619,0
764,1
12137,0
9306,1
6076,1
12185,0
4760,1
10531,1
10683,1
11461,1
1176,1
12103,1
15392,0
10414,1
5747,1
760,0
1199,0
5462,1
9571,0
12258,1
2999,1
13217,1
2096,1
2452,1
11749,0
15510,1
15130,1
4138,1
13200,0
5376,0
224,1
9167,0
3812,1
2164,0
9079,1
10789,0
13853,0
8015,1
4566,1
1469,0
13466,0
4102,1
2328,1
4696,0
9850,0
9329,0
1166,0
10694,0
1080,0
12104,1
10427,1
1635,0
11114,1
651,1
2176,0
5356,1
8836,1
9878,1
1397,1
12139,0
7663,1
13280,0
8461,1
3443,0
14976,0
3748,1
11333,1
8555,0
12942,1
1771,1
3828,0
3637,1
1695,1
14567,0
11052,1
9315,1
11605,1
13874,1
5117,1
6333,1
1528,1
12205,1
11250,1
10132,0
5038,0
8029,1
4308,1
1500,0
9196,1
9032,0
15085,0
6111,1
1769,1
14901,0
5095,1
13377,1
6234,0
8819,1
15328,1
4810,1
2080,1
14470,1
4786,1
8645,1
6324,1
14744,0
14462,1
13732,1
1079,1
1694,0
12628,1
2524,0
13729,0
1903,0
4535,0
14305,1
9035,0
11444,1
8288,1
7340,1
12639,0
11932,1
3253,0
11354,1
9887,0
14045,0
670,0
10560,0
12530,1
12839,1
5458,1
6788,1
12449,1
10661,1
3108,1
13581,0
7294,1
6020,1
368,0
3746,1
6731,0
10136,0
7985,0
6465,1
14203,0
9882,1
6315,1
12637,1
1641,1
4645,1
11177,1
6993,1
9525,0
14691,1
4314,1
10838,1
14813,1
10566,1
11215,1
5344,0
13570,0
5565,1
1990,1
15160,0
1070,0
12365,0
4135,1
4749,0
5330,1
9152,1
4352,0
2704,1
13565,0
763,1
8666,1
8369,0
3591,1
11472,0
13048,1
9126,1
12490,0
831,1
2230,1
4018,1
2926,1
4170,0
10910,1
2850,1
12187,1
5545,1
6044,1
13218,1
8338,1
11530,1
10628,1
12797,1
5854,1
9930,0
12315,1
4966,0
10479,1
3484,1
13312,0
14494,1
6078,1
13533,1
3540,1
10046,1
8903,1
11156,1
4720,0
6270,1
1096,1
7640,1
14432,0
10533,1
7503,0
462,1
11403,1
7072,0
2952,1
12830,1
1206,1
7724,1
14920,1
1150,1
650,0
2810,1
12451,1
12415,1
2573,1
5986,1
10124,1
5261,1
12518,1
7404,1
2341,1
2740,1
8579,0
14703,1
11338,1
2852,1
2009,0
7898,1
8301,1
10119,1
7456,0
4340,0
6319,1
13562,1
4922,1
12425,1
3607,1
14089,1
9075,0
4506,1
12036,1
6981,0
2505,1
11979,1
2614,1
6697,1
4129,1
12170,1
4992,0
8973,1
995,0
5159,1
13800,1
6122,0
11121,1
8101,1
12739,1
4268,0
11419,1
10345,1
6238,0
9240,1
9514,1
14177,0
9221,1
13867,0
14118,1
14181,1
6437,0
9824,1
838,0
6698,1
8860,1
3347,0
3403,1
4765,1
2901,0
13350,1
2127,1
2356,1
4377,1
11153,1
12228,1
10693,1
4746,1
249,1
8117,1
10622,1
11161,1
3428,0
9828,1
7614,1
9768,1
8792,0
13780,1
7254,1
6006,0
6650,1
14926,1
2172,1
4326,1
13199,0
2447,0
6873,1
13526,0
674,0
146,1
1207,1
5818,1
3326,1
1754,1
2984,1
14709,1
14163,0
14401,1
5042,1
1913,0
5247,0
15093,0
15254,1
4078,1
9129,1
14656,1
10923,0
13448,0
11407,1
4275,0
2170,0
14912,0
6960,1
4175,1
8318,1
3632,1
13417,0
14924,1
10256,1
2500,0
10711,1
14486,1
12190,1
1352,0
6228,0
4295,0
14183,0
2784,1
4318,0
6202,1
15121,0
420,1
14686,1
3234,1
8079,1
5403,1
11937,0
8387,1
12436,1
5627,1
14890,0
9263,1
11329,1
10618,1
752,1
12569,1
5069,0
15008,1
14909,1
9756,1
11015,1
2191,0
3960,0
11469,1
1783,1
13981,1
10920,1
13544,1
590,0
15103,1
9626,1
10821,1
8808,0
5050,1
10820,1
8641,1
11399,1
11290,0
13539,1
11054,1
5371,0
1464,0
1389,1
10981,0
7253,1
8399,1
13985,1
11920,1
8274,1
11217,1
15149,1
2729,1
14861,1
3563,1
13701,0
13026,1
12304,1
10483,1
13246,0
5594,1
9299,1
1508,0
10826,1
13039,0
7056,1
8097,1
10967,1
8092,1
4578,1
8838,1
5453,1
12595,1
14726,1
12492,0
8244,1
11191,1
14221,1
13965,0
2229,0
7429,1
4624,0
13560,1
6424,1
969,0
12479,1
3373,1
11852,0
363,1
7222,1
9207,1
5589,1
7243,0
5586,0
7752,1
4029,1
2021,1
13011,1
11909,1
7195,1
3926,1
14823,0
7774,0
8434,0
12714,1
2479,1
4533,1
3278,1
5411,1
4286,1
6148,1
5345,1
15052,0
10245,1
9474,1
6856,1
5697,0
1981,1
1920,1
11812,0
10204,1
2038,1
1895,0
10055,1
14667,1
3000,1
10114,0
6175,1
14353,1
476,1
1377,1
2017,1
9531,1
283,1
4854,1
8002,1
6038,1
8685,1
15260,1
3677,0
8540,1
2385,1
9741,1
6477,1
10958,1
2457,1
6590,1
5732,1
10500,1
13333,1
10403,1
11870,0
6581,1
4512,1
14107,1
7717,0
7893,1
2436,0
14338,0
13812,0
398,1
12153,0
8882,1
4306,0
6804,1
2400,1
6334,1
7849,0
2970,0
9336,1
2502,0
5919,1
7013,1
14404,1
14125,0
126,1
6617,0
11527,1
14280,1
14560,1
3342,0
7536,1
5666,1
7789,1
9761,1
3196,1
9334,1
4971,0
1542,1
4487,0
5090,0
13584,0
1135,1
12331,1
6295,1
4334,1
11726,0
775,0
12502,1
8815,1
13067,1
5433,1
12317,1
12239,1
976,0
15285,1
10078,0
5408,1
3329,1
4231,0
658,0
10367,1
9712,1
5171,1
9834,1
1241,0
3527,1
14514,0
6980,0
11222,1
683,1
761,0
2246,0
11783,0
2022,1
3178,1
5866,0
10562,1
6784,1
13761,1
8238,1
11838,0
13208,1
2337,1
14536,0
1467,0
5944,1
11736,0
10911,1
12257,0
15396,0
8185,0
2915,1
8126,1
9783,0
4542,1
10439,1
12998,1
6711,1
14111,1
99,1
13683,1
10240,1
10602,1
10015,1
9871,0
1287,0
4846,1
12061,1
12437,1
8521,1
14535,0
6048,1
11536,1
10931,1
10930,1
15513,1
13361,1
1628,1
9130,0
5806,1
11109,1
1257,1
4511,1
507,1
13901,0
13552,0
1739,0
1507,0
15094,1
6894,1
4431,1
4197,1
7009,0
12770,1
659,0
13233,1
4276,1
11670,0
6552,0
10760,1
13076,1
4147,0
1630,1
14549,0
4661,1
6380,1
6995,0
4050,0
9402,1
6921,0
895,0
12682,1
6647,0
10648,1
1326,1
11097,1
7965,1
4319,1
8823,1
12801,1
699,1
14885,0
8771,1
2716,0
11377,1
13543,1
5759,0
11529,0
5456,1
11594,1
7043,0
8213,1
272,1
8505,1
4107,1
6283,0
11231,0
7353,1
10643,1
1231,1
12480,1
11101,1
1494,0
885,0
9500,0
13173,1
13646,1
5620,1
13298,0
9659,0
14925,1
348,1
9014,0
10596,1
4159,1
13789,0
3634,1
6512,0
3658,1
1555,1
4031,1
1120,0
8167,1
5790,0
3832,1
9978,1
10014,1
5277,1
9422,1
11516,1
1480,0
13716,1
1847,1
7019,0
14251,1
8704,0
12806,1
8625,1
3030,0
14304,1
14676,0
7173,1
13734,1
9285,1
125,1
9775,1
1498,0
8032,1
1607,0
7400,1
14528,0
6705,1
2295,0
2643,1
1472,0
13920,1
3800,1
8299,1
8193,0
1360,1
8441,1
5278,1
13115,0
899,1
13151,1
5564,1
12338,1
6365,1
4582,1
4927,1
3849,1
9647,0
13025,1
6562,1
13080,1
3737,1
1932,1
9540,1
12423,1
3067,1
13394,1
7333,1
7743,1
1503,0
14138,0
4774,0
1499,0
10329,1
4934,1
1547,0
11876,0
13528,0
13727,0
9703,1
6523,0
6383,1
12715,1
8776,0
4585,1
13504,1
4861,1
14051,1
4914,1
6776,0
10166,0
11315,1
5978,1
7344,1
7636,1
7610,1
9599,0
10261,1
6616,0
5894,1
1105,0
15350,1
6662,0
9825,1
3713,0
8050,1
9058,1
15000,0
9547,0
9111,0
15155,1
9562,1
1828,1
13852,0
4,0
12741,0
11209,0
2377,0
14544,1
12624,1
5385,1
6878,0
12828,1
12707,1
4106,0
4526,1
14903,1
7892,1
3570,0
7281,1
10088,1
4559,1
1225,1
9738,1
15069,1
9499,0
8151,0
9964,0
15384,1
13814,1
8162,1
5293,1
15140,1
3640,0
15516,1
8908,1
5517,0
219,1
310,0
4973,1
10914,0
11477,1
6499,0
8925,1
3399,0
7624,1
13900,1
1501,0
3239,0
9276,1
5323,1
14178,0
7500,0
11864,0
13578,0
226,0
6882,1
14284,0
15239,1
5770,1
12812,1
10016,1
6521,1
11638,1
10436,0
8160,1
1760,1
4593,1
7797,1
11221,1
11832,1
8417,0
15294,1
321,1
4947,1
13196,1
11897,0
1282,1
6265,1
15487,0
14460,1
12048,1
13126,1
11938,1
12807,1
5237,1
8726,1
11708,0
677,0
10539,1
10410,1
13522,1
10163,0
2536,0
14091,1
3110,0
447,0
8859,1
5825,1
2407,0
1061,0
14736,0
8628,1
1044,0
14702,1
9921,0
10938,1
8270,1
6584,0
5555,1
14128,0
2564,1
7469,0
5644,1
7224,0
9046,0
528,0
8104,1
7582,0
4498,1
10226,1
2677,1
4906,0
1797,1
7020,0
2388,0
10766,1
14053,0
1366,1
430,0
7670,1
551,0
14491,0
12526,1
9248,1
11978,1
8168,1
11330,1
509,1
3434,1
7746,1
7356,0
12850,1
13748,0
2644,0
8564,1
14649,1
3319,0
9759,0
5891,1
8144,1
13474,0
5917,1
8858,1
10706,1
4994,0
3510,0
10356,0
9560,1
7444,0
7703,0
15101,0
8462,0
11699,1
7475,1
13699,0
11053,1
6170,1
14418,0
2450,0
13235,1
13783,1
12272,1
1227,1
10094,1
3718,1
11537,1
1415,1
13178,1
9089,1
13973,1
15378,1
10458,0
9903,1
475,1
6761,1
2464,1
4923,1
2495,1
7711,1
13260,0
10399,1
6794,0
2604,1
12452,1
7842,0
1348,0
5635,1
1822,1
6772,0
12955,1
7885,1
2311,1
14436,0
9121,0
12923,0
5270,0
8745,0
15286,1
10532,1
3263,1
207,1
12855,1
2725,1
12925,0
376,0
4080,1
9025,0
1047,0
2233,0
2641,1
9706,1
9710,0
9576,0
5703,1
4414,0
8561,0
5707,1
405,1
8952,1
4440,0
7729,1
3136,0
7654,1
13502,1
3961,0
14467,1
1545,0
6651,1
13124,1
10645,1
12328,1
10348,1
6987,0
13354,1
1334,1
14194,0
14548,1
11842,0
9992,0
8762,1
14584,1
2607,1
11426,1
4012,1
13864,0
4960,0
7888,1
9148,1
7223,1
2651,0
5031,1
12320,1
11159,1
11349,1
10386,1
14902,0
10264,1
8411,0
3260,0
3107,1
2166,1
14116,1
3213,1
1813,0
1283,1
2828,1
6522,1
117,1
11548,0
3532,0
5731,1
570,1
4740,1
9373,1
14335,1
1725,0
10453,1
7189,1
2175,1
15009,0
11104,1
10218,1
15048,1
6408,0
11226,1
5189,0
12345,1
10836,1
223,1
13819,1
10305,1
8770,1
10331,1
6808,1
8597,1
9604,0
8022,1
7036,1
1757,1
3236,0
12971,0
8889,1
1270,1
5215,1
4756,1
14561,0
8125,1
6027,1
8862,1
12127,0
13618,0
2209,1
5950,0
10406,1
3916,0
1234,0
384,1
12524,1
9231,1
43,1
15005,0
8245,0
10486,0
3388,1
163,1
1716,1
12349,0
7267,0
4804,1
10117,0
12230,1
6150,1
8123,1
14224,0
13740,1
13883,0
9555,1
2202,1
7319,1
2657,0
3449,0
5254,1
8828,1
4651,1
5164,1
1676,0
14897,1
6661,1
3200,1
7300,1
6364,1
4316,1
15457,1
7783,1
13602,1
7623,1
7324,1
2634,1
2277,1
14499,1
12927,0
1770,1
11465,1
9081,1
9600,0
13459,1
4660,1
6322,1
3055,0
11270,1
9052,1
1646,0
11768,0
13573,0
555,1
7730,0
14869,1
7212,1
11727,0
4285,1
13944,0
8744,0
12614,1
12967,1
8650,0
13612,0
5724,1
4989,0
8623,1
3059,1
2900,0
613,0
516,1
4364,1
5260,1
1223,0
932,1
4769,1
3853,1
132,1
4421,0
13269,1
14400,1
3511,1
4027,1
10048,1
11780,0
11057,0
8456,1
2985,1
3005,1
11256,1
12359,1
11523,0
6723,0
11930,1
2518,1
6007,1
2365,1
14860,0
110,1
14986,0
2118,1
3505,1
11264,1
2823,0
1531,0
491,0
4575,1
3386,0
769,1
3771,0
6118,1
6780,1
9998,1
4881,0
6114,1
8911,1
7658,1
2968,1
8850,0
11946,1
5712,1
4381,1
12549,1
5723,1
2223,1
12642,0
3199,1
9342,0
12144,1
3993,1
6080,1
5591,0
2253,0
15521,1
987,1
1595,1
10208,1
6431,1
7365,0
2993,1
3255,1
11446,1
9569,0
6481,0
5997,0
13593,0
1346,1
439,0
915,1
7946,1
13119,0
6107,1
15115,0
4169,1
14395,1
4048,1
8772,1
3903,1
8621,1
4907,0
13705,0
9610,1
11254,1
6128,1
10304,1
3597,1
13585,1
184,0
9839,1
11182,1
875,0
13305,1
11975,1
4281,1
11874,1
10909,1
12432,1
14312,1
2167,1
11923,1
12068,0
7657,0
14880,0
14585,1
14795,1
6373,1
10758,1
8255,1
14887,0
8231,1
8351,1
9823,1
13330,0
3504,1
11592,0
9407,0
4460,0
13113,1
4517,1
7901,0
14651,0
984,1
2125,1
4829,1
11992,1
3387,1
12560,1
7561,1
1296,0
2672,0
4184,0
6519,0
14255,1
15390,0
4643,1
13036,1
8629,1
13369,1
4949,1
6757,0
1246,1
15485,0
12336,1
10067,0
13186,0
12081,1
2596,1
5551,1
7642,1
11924,1
11782,0
11028,1
2049,1
12734,1
11804,0
3101,1
13831,0
14165,0
11112,1
4844,0
4430,1
6629,0
1755,1
2486,1
12031,1
15432,0
9308,1
1863,1
906,0
14867,1
13580,0
8439,1
6495,1
349,1
8783,1
4712,1
14169,0
2720,1
13820,1
2976,1
7570,1
949,1
1808,1
9928,0
8384,0
7532,1
9651,0
5194,1
9733,1
5302,0
9902,1
12857,1
4913,1
4928,1
8730,0
3463,0
8752,0
5887,1
12929,0
13764,1
7011,0
8947,1
11479,1
4109,1
13842,1
2834,1
8354,1
10853,0
13599,0
13116,0
15491,0
8557,1
6704,1
10834,1
3736,1
14264,0
6486,0
14365,1
10452,1
3072,1
9868,1
641,1
12765,1
234,0
10670,1
5122,1
200,0
13638,1
7278,1
210,0
11520,0
13172,0
13750,1
13553,0
7351,1
8467,0
5312,1
2904,1
1055,1
1896,1
9958,0
846,0
5728,1
2527,0
8236,0
12778,1
6545,1
3694,1
10555,0
4393,0
7207,0
13702,1
10019,0
1308,1
4592,1
9394,1
8992,1
11660,1
8926,1
10267,1
5384,1
13633,1
10982,1
7507,1
7818,1
519,1
2939,1
8490,1
1,0
8303,1
9769,1
4279,0
15065,1
2703,0
10947,1
12120,1
6449,1
10810,1
9076,1
10796,0
4070,1
13811,1
11766,0
9934,0
11282,1
7982,1
4884,0
15182,1
4215,1
11862,1
7266,1
9782,1
4967,0
4205,0
3166,1
3787,1
8853,0
4623,1
9799,0
312,0
15136,1
1446,0
15230,1
14827,0
9650,0
4642,0
367,0
1761,1
11340,1
4390,1
1347,0
9135,0
11476,0
2343,1
6845,1
12460,1
7627,1
8840,1
4177,1
9943,1
8763,1
14564,1
180,0
742,1
3222,1
12088,0
6404,1
14597,1
13952,0
7268,1
1905,0
15162,1
4924,1
13371,0
13273,1
14367,0
12000,1
3073,0
12330,1
13411,1
7988,0
2866,0
14706,0
11724,0
2444,1
12745,1
2104,1
12062,1
12180,1
2070,1
11595,0
9679,1
8722,1
13160,1
1258,1
629,0
8140,1
2004,1
5702,1
10723,1
5918,1
14534,0
1669,1
4673,0
5548,1
10736,1
10701,1
2047,1
15404,0
5581,1
12613,0
9501,1
4891,0
4633,0
13802,1
6891,1
9699,0
14212,1
194,0
13922,1
12603,1
12247,1
4167,1
4152,0
10889,1
8570,1
11183,1
2250,0
13687,1
5088,0
5102,0
14407,1
4173,0
13180,1
2558,1
789,1
1461,0
1123,1
4186,1
9457,0
1948,1
9762,1
3920,0
9821,1
12995,1
12403,1
8780,1
15544,0
6908,1
6144,1
4425,1
8538,1
13015,1
5123,1
4397,0
8265,1
7648,1
4527,1
13534,1
3454,1
13018,1
13497,1
15471,1
8767,1
5180,1
15012,1
1752,1
13065,1
14161,1
14495,1
5026,1
10919,1
3134,1
14469,0
5995,1
8481,1
3601,1
14983,0
5832,1
10867,0
13150,1
7506,1
1168,1
9892,0
14984,0
6196,1
1445,0
8124,1
6227,1
5936,1
11324,1
7940,1
10007,1
1156,1
4368,1
11954,1
15066,0
1140,1
11033,1
6075,1
14343,1
6191,0
7722,1
11242,1
6023,1
3704,1
10678,1
2868,0
9295,1
56,1
13451,1
4968,0
13706,0
10964,0
15430,1
3466,1
3804,1
12632,1
12907,1
5764,0
6166,1
2220,0
12142,1
4959,0
7448,0
5305,1
2076,1
6699,0
9840,1
3847,1
4813,1
13154,1
11934,1
13781,0
1294,0
8721,1
620,0
6063,1
13663,1
12371,1
795,1
90,1
6777,0
3803,0
4449,0
4714,1
13757,1
7112,1
13020,1
225,0
6463,0
1128,0
87,0
985,1
15106,1
13230,1
11613,1
2752,1
5794,1
8409,1
4434,1
5491,0
1230,1
8492,1
8178,1
6655,0
14396,0
1267,0
11697,0
10470,1
14781,1
374,0
364,1
12229,1
569,1
12351,1
2426,0
11905,1
4294,0
13722,1
11210,1
9024,1
14773,1
11066,0
482,1
3350,1
6043,1
10021,1
10001,0
365,1
6966,0
14459,0
12537,1
11090,1
15233,1
13611,1
14298,1
9262,1
13755,0
7269,1
11424,1
13767,1
14007,1
10646,1
11995,1
14465,1
12463,0
15202,0
6809,1
5557,1
2881,1
12217,1
10702,1
13456,1
10087,1
5920,1
1774,0
11883,0
2671,1
7095,1
7554,1
10223,1
4586,1
6907,0
2732,1
10955,1
13711,0
1894,1
14059,0
12252,1
4560,1
4244,0
7918,1
4259,1
7430,1
14322,0
6759,1
7809,0
9764,0
11679,0
9331,1
6568,1
1212,1
6634,1
6947,1
753,1
7406,1
12105,1
14754,1
14258,1
1959,1
2069,1
10489,1
5502,1
14855,1
4587,1
4629,1
11365,1
8067,1
209,0
8918,1
1218,0
11854,1
15489,0
1587,0
15437,0
14687,1
14243,0
14041,0
1053,1
1142,1
13498,0
11916,1
12186,1
4071,1
13721,1
11375,1
3798,1
12664,1
8631,1
13765,0
15339,0
10174,1
3790,0
8901,0
15439,0
9278,1
9781,1
1433,0
12277,1
15466,0
10827,1
5756,1
1197,1
13404,1
13055,1
15296,0
12374,1
12691,1
1705,1
9427,1
5941,1
6737,0
12669,1
9153,0
5952,1
4563,1
3811,0
14424,0
2194,1
8005,0
1391,1
1697,0
5291,1
2393,1
8252,1
7203,1
13322,1
14434,0
14046,1
11545,0
1402,1
11451,1
3321,1
15406,1
2471,1
12987,1
6457,1
13804,0
10133,0
9339,1
14110,0
9815,1
2521,0
9634,1
2363,1
6218,1
2750,0
15456,1
13943,0
4342,0
1002,0
4385,0
3097,1
14455,1
10548,1
11853,1
13564,0
5051,1
9609,1
7676,1
3962,1
11857,1
6259,1
11257,0
11747,0
5083,1
1651,1
14330,0
12179,0
5248,0
9489,0
6569,1
14471,0
4249,0
8849,1
11579,1
387,0
878,0
1261,0
9625,1
2838,0
11732,0
13744,1
3371,1
13240,1
6461,0
1987,1
6374,0
2709,1
8734,1
7534,1
8340,0
3007,1
2534,0
2481,1
8573,1
12859,1
6913,1
15543,1
5289,1
735,1
8463,0
354,0
765,0
10273,1
6857,1
8510,1
12093,0
4662,1
14031,0
14969,0
13604,1
11200,1
8742,1
3518,1
8431,0
7494,1
12545,1
12959,1
2199,1
7589,1
8089,1
8249,1
2282,1
1098,0
1204,1
5768,0
11228,1
5353,0
4365,0
13753,1
2451,1
1914,0
10444,1
2093,1
6487,0
10704,1
6945,0
8942,1
7285,1
4411,1
6862,1
6047,1
1196,1
12385,0
14371,0
12379,1
8647,1
7119,1
14454,0
8154,1
15064,0
5695,1
8556,1
4539,1
5678,1
13586,0
8907,1
14959,1
5834,1
11970,1
2666,1
4290,1
7047,1
11745,0
14406,1
5118,1
1342,0
13045,1
11002,0
1942,1
9678,0
12884,1
7779,1
5828,0
3023,1
2264,1
5872,0
11438,1
7443,1
13219,1
6160,1
6246,1
6081,1
10488,1
9483,0
6139,1
9646,0
4057,0
6002,1
11698,1
1837,0
289,0
2279,1
6115,0
3595,1
7934,1
2067,1
1577,0
1523,0
2562,0
3795,1
14088,1
15368,1
8175,1
12395,1
14266,1
13164,0
14588,1
6498,0
13649,0
3735,1
13374,1
14798,0
1653,1
156,1
10404,1
12893,1
382,1
9099,1
1260,0
3116,1
7259,1
3578,1
8582,1
10428,1
12753,1
1902,1
5391,1
2387,0
1550,0
9177,0
9098,1
7164,1
13490,0
3945,1
754,1
11524,0
13429,0
1175,1
13316,1
8541,1
4636,0
14899,1
6074,1
15245,0
6262,1
981,0
11987,1
14724,1
4221,1
1988,1
14628,1
6422,1
1629,0
12195,0
4363,1
12615,1
13976,0
5979,1
10250,1
11962,1
7796,1
7286,1
1476,1
9190,0
5410,1
7439,1
9633,1
1857,0
2694,0
7264,0
1583,0
1454,1
14571,0
8528,1
2659,1
11611,1
10222,1
5498,1
14879,0
15214,1
10341,1
11150,1
10311,1
3753,0
7602,1
14629,1
14168,0
10095,1
8448,1
9805,0
1364,1
7388,0
12424,1
5350,1
14639,1
4495,0
8961,1
6445,1
10856,1
12462,0
483,1
9044,0
2145,1
2920,1
8451,1
1012,1
11860,1
2869,1
4076,1
11617,1
11436,1
3711,0
10213,1
10391,1
3911,1
8219,1
15049,1
2983,1
3298,1
7511,1
8523,1
13098,1
8725,0
12213,1
13790,1
13469,1
13710,0
3084,1
7860,0
3927,1
12329,1
6362,1
2100,1
1567,0
10558,0
10369,0
10945,1
1345,0
12689,1
4195,1
13905,1
9495,1
2777,0
13066,1
6142,1
3547,0
10956,1
8912,1
4370,1
12522,1
14341,1
7889,1
12802,1
1720,1
1786,0
1933,1
8105,1
12109,0
8923,1
8310,1
11678,0
13436,1
2228,0
8736,1
9170,1
1983,1
6330,1
5824,1
9159,1
8325,1
4790,1
7211,1
8592,1
3555,1
11463,1
1210,1
13421,1
1908,1
3339,1
5199,1
9327,1
8353,1
889,0
12290,1
7951,1
8056,1
12742,1
11636,1
5683,1
4679,1
5339,1
7453,1
4859,1
1925,1
11127,1
31,0
3370,1
6016,1
5112,1
7117,1
13483,0
11821,0
997,1
12225,0
14006,1
5251,1
5006,0
8660,1
12796,1
5888,1
1281,1
8356,1
2778,1
11711,0
8039,1
4229,0
7317,1
1779,0
8731,1
3865,1
2673,1
6464,1
15514,1
5593,0
6793,0
5601,1
13401,0
10864,0
14472,1
2649,0
2741,1
3024,0
10354,1
14278,1
11060,0
7006,1
8251,1
14593,1
2353,1
7421,1
7970,1
8732,1
5451,1
9463,0
83,0
6994,0
14272,1
9615,0
10904,1
8998,1
8469,0
6985,0
11555,1
523,0
2262,1
10338,1
13326,0
6609,1
15216,1
10607,1
8012,1
9742,1
11145,1
7137,0
15321,0
15152,1
4330,1
3793,0
9580,1
4367,1
646,0
10806,1
9169,0
6735,0
2184,1
10717,1
11817,0
2663,0
8130,0
10660,1
12337,1
2532,0
4271,0
10992,1
5389,0
2998,0
609,0
11570,1
1245,1
2446,1
14153,0
8812,1
5968,1
13263,0
11133,1
6531,0
1874,0
5705,1
4447,0
7255,0
10459,0
8591,1
10851,1
3759,1
13051,1
6812,0
9062,0
9739,1
12516,1
4912,1
8619,1
12166,1
5773,1
6620,0
3327,1
12618,1
8978,0
12977,0
10817,1
7524,1
11889,1
11928,1
4052,0
7234,0
690,1
13419,1
15172,1
1404,0
5654,1
1276,1
11977,1
12645,0
1922,1
1076,1
5337,0
4930,1
9283,1
4260,1
14699,1
3405,1
10506,1
12012,0
14604,1
7301,0
10432,1
9397,1
432,0
6041,1
14288,0
3470,0
7297,1
407,1
13256,1
3264,0
13949,0
8082,1
2322,0
1350,1
2987,1
263,0
2083,1
13934,0
8071,0
1592,0
11368,1
5717,1
115,1
14864,1
2438,1
5372,1
819,0
14337,0
11734,0
3806,0
11299,1
3148,1
1235,1
14497,1
8844,1
14636,1
9597,1
7431,1
13591,0
8626,1
6955,0
5869,0
1638,1
5664,1
11344,1
781,1
7289,1
5931,1
11781,0
3224,1
12780,1
10726,1
4111,1
6208,0
9125,1
14146,0
8601,1
4379,0
5172,1
13228,1
9478,0
6390,0
2256,0
14558,1
7968,1
10493,1
6316,1
4767,0
13251,0
5365,1
2470,0
6596,0
3430,1
5815,1
13128,1
11927,1
10035,0
37,1
13391,1
13515,1
6165,0
13091,1
816,1
10073,0
15340,0
6825,1
10397,1
7109,0
9997,0
2602,0
5065,1
7841,0
15018,0
13948,0
5432,1
10481,1
6554,0
7739,1
9265,1
11746,0
15311,1
9835,1
5570,1
668,0
3022,1
10429,1
258,0
14282,1
6022,1
1875,1
11459,1
3138,0
6911,0
12457,0
11107,1
8710,0
14606,1
4139,0
5799,0
10703,1
5087,1
6237,0
11105,1
6212,1
7529,1
6683,0
11130,1
2305,1
11519,1
13652,0
3372,1
3482,1
12697,1
6,1
12858,1
14994,1
2894,1
245,0
7115,1
12702,1
11687,0
11425,1
13999,1
96,1
10116,0
14817,1
7235,0
10238,1
2314,1
8497,1
10576,1
14283,0
3761,1
5292,1
8975,0
4124,1
957,0
7407,1
4471,0
2809,1
1237,1
1468,0
7671,1
13432,1
11769,0
2382,1
12646,0
12013,0
10949,1
14300,0
1864,1
4620,1
6888,1
11882,0
9124,0
14260,0
7980,1
11833,1
13340,1
1980,1
6745,1
12974,1
15309,1
11901,0
5054,1
5982,1
4744,1
8609,1
3145,1
982,1
4664,1
5588,0
11515,0
11135,0
3453,0
5616,1
10925,1
10462,1
3058,1
689,1
11655,1
3872,1
8612,0
6739,0
6782,0
5175,1
13001,1
2399,0
9608,0
12299,1
13969,1
13346,1
7276,0
13424,0
13434,1
8,0
14064,1
11143,1
5980,1
6306,1
2273,0
4759,1
13444,1
4207,0
15088,0
15475,0
7381,1
9933,1
2640,1
2001,1
13304,1
8971,1
15185,1
7950,1
4692,1
7943,0
9330,0
10679,1
2771,1
9735,1
15107,1
2623,0
14437,0
12600,0
7904,1
8778,1
2931,1
12763,0
9669,0
11669,1
15533,0
10514,0
8724,1
12281,1
2188,0
5671,1
7587,0
715,0
7282,1
10469,1
6263,1
7736,1
3997,1
7827,0
13660,1
6767,0
3953,1
10308,1
3738,1
1713,1
8087,1
7822,0
11976,1
12002,1
11574,1
14193,1
11982,1
3406,1
7754,0
8217,1
13907,1
15434,1
9316,0
9004,0
15044,0
2260,1
9515,0
6323,1
5341,1
13637,1
1382,1
12160,1
8833,1
15055,1
450,0
14892,1
9273,1
10379,1
927,1
5068,1
12287,1
15083,1
10651,1
947,0
14220,0
4030,1
8755,0
10811,1
1035,0
7748,1
13940,1
4510,1
15177,0
1613,1
11473,1
8895,1
2874,0
14814,0
2112,0
1576,0
12324,1
1510,0
10,0
6109,0
10584,1
3419,1
13470,0
4669,1
14672,1
11710,0
9147,0
10638,1
2003,1
7552,1
5786,0
9955,1
7479,1
13297,0
7814,0
13484,0
6940,1
776,0
12484,1
2747,1
8716,1
5360,1
7710,1
5811,0
12223,0
4193,0
9175,1
1792,0
4945,1
3195,1
5131,1
5466,1
3723,1
12643,1
7405,1
1327,1
4885,1
9358,1
3349,0
3441,1
2854,1
11216,1
10175,1
6546,1
8684,1
12422,1
15053,0
9481,1
4900,1
2555,1
1143,1
7939,1
11383,1
5019,0
12276,1
13547,0
5640,1
11412,0
5611,1
185,0
6941,1
13984,1
8436,0
14083,1
7378,1
598,1
15207,0
6083,1
11839,1
14249,0
6194,1
2537,0
8787,0
6963,0
11482,1
5106,1
3404,1
11903,0
11404,1
12096,1
502,1
6922,0
13954,0
2231,1
11652,1
6656,1
12467,1
8141,0
15102,0
8379,0
14347,1
5534,0
2416,1
5903,1
11705,1
5335,0
3517,1
11074,1
7160,1
7457,1
1460,0
10892,0
5690,0
3907,1
8273,1
5939,1
10946,1
9771,1
6071,0
10568,1
11029,1
3596,1
2317,1
2589,0
13530,1
6830,1
7228,1
13550,0
2727,1
6925,0
5200,1
4028,1
500,1
6132,1
8984,0
14219,0
10202,1
10666,1
8438,0
7260,0
9936,1
11827,0
15322,0
11039,1
4983,0
2955,0
15116,1
7083,0
112,1
7799,0
515,0
15360,1
10419,1
11503,1
12034,1
600,1
2888,1
8659,1
10431,1
10650,1
9988,1
9846,0
8595,1
15181,1
7178,0
11689,1
401,1
3471,1
5859,1
1788,1
12767,0
15099,1
13960,1
4876,1
11058,1
12344,1
3492,0
3175,1
10448,1
11983,1
6453,0
2742,1
4741,1
1331,1
1457,1
3768,0
7067,0
6720,1
9746,1
8746,0
10343,1
5120,0
14393,0
7963,1
2203,1
14675,0
5687,1
9494,1
8646,1
3190,1
4005,1
372,0
3956,1
13202,0
14466,1
3065,0
3880,0
484,0
14214,1
14320,0
12483,1
6679,1
12718,1
14546,0
7482,0
12945,0
15002,1
4226,0
1622,0
11799,0
13046,1
9841,1
5618,1
4797,1
12662,1
8258,1
14788,0
143,1
1690,0
12394,1
9409,0
8943,1
76,0
14524,1
10922,1
11608,1
7193,0
14291,0
10408,1
8179,1
14402,1
1631,1
416,1
11318,1
4903,1
9179,0
7962,1
14319,0
11110,1
13588,0
7880,1
10671,1
248,0
3330,1
1672,1
5503,1
8644,0
7171,1
4940,1
7517,1
10441,1
3301,1
9120,0
2753,0
13609,1
580,0
3957,0
11750,0
15299,1
10289,1
11558,0
2950,1
10913,1
413,0
11807,0
728,1
8723,1
7677,1
3719,0
12908,0
8953,1
7869,1
1750,1
9387,1
13990,0
14028,1
9984,1
1793,0
5,0
11475,1
8635,0
3777,1
12688,1
7659,1
3161,1
5394,1
1892,0
10894,1
12017,0
14804,1
5040,0
4501,0
8689,1
1789,1
541,0
10905,0
15327,0
12162,1
8386,1
2864,1
14106,1
10139,1
14559,1
15289,0
14361,0
9054,1
14226,0
6680,1
1430,1
9005,1
4722,0
6625,1
9070,1
11041,1
12972,1
12121,1
12326,1
2420,0
1181,1
9487,1
2880,1
13351,1
12868,1
820,0
680,1
6476,1
5808,0
8400,1
6285,0
13262,1
14112,1
5375,1
11283,1
2179,0
12496,1
12725,1
15534,0
6146,1
7334,0
1881,0
5735,1
2605,1
9320,1
2044,1
7054,1
13601,1
5024,0
2611,1
11253,1
4833,1
9460,1
14446,0
273,1
12762,0
9092,1
14695,0
13971,1
14617,1
986,1
2285,1
13415,0
5234,1
6695,0
10107,0
1436,1
1581,0
15231,1
2759,0
3662,0
7810,0
11069,1
11395,1
9915,1
357,0
12644,1
1057,0
1963,1
13145,1
1343,0
5667,1
1173,1
8846,0
12843,1
12370,1
4698,1
8513,1
10106,0
4126,1
15147,0
15146,0
11691,0
8741,1
8346,0
14974,1
13821,1
10788,0
711,1
13243,1
2928,1
6229,1
6210,1
14618,1
908,1
12684,1
1546,0
8036,1
7807,1
5299,1
12332,1
3486,0
3079,0
12833,1
4119,1
6842,1
2355,1
15234,0
2676,0
6281,1
10043,1
2689,0
9145,1
8143,0
8733,1
7190,1
5349,1
12730,1
6810,1
7816,0
9558,1
14033,0
5210,0
4806,1
4794,1
15243,1
8709,0
1222,0
9049,0
6454,0
5879,1
12323,1
2580,0
13512,1
2101,1
10504,1
4558,1
13942,0
2897,1
1069,0
5762,1
3792,1
187,1
14671,0
15268,0
11149,1
8420,1
4670,1
13557,1
9160,1
8614,0
9042,0
1890,0
3356,0
4824,1
11276,0
12608,0
9937,1
704,0
4939,1
8011,1
9034,0
15403,0
34,0
977,1
3689,1
1973,1
9516,0
10362,0
4979,1
13651,0
1466,0
8271,1
796,1
315,0
12243,1
12487,1
13926,0
649,0
93,0
7850,1
13775,0
7926,1
7562,0
2576,0
6266,1
6671,0
3824,0
4211,0
5543,1
9151,1
1367,1
13482,0
3045,1
10159,0
6832,1
9443,0
12847,1
11144,0
15186,1
8250,1
4515,1
1092,0
12617,1
10937,1
342,1
3794,1
7586,1
14627,0
8415,0
7740,1
85,0
7205,0
8132,1
9012,1
14397,1
2610,0
1154,1
15157,1
1509,0
12612,0
10009,1
8074,1
2544,0
11709,0
4133,1
2453,0
7634,1
10888,1
11658,1
4477,0
7510,1
2062,1
1050,1
5151,1
10051,1
691,1
1299,1
14387,1
4950,1
1997,1
5271,1
4920,1
15151,1
10842,1
4254,1
7790,1
4604,1
7396,1
15279,1
1584,0
8813,0
13074,0
5698,0
3069,0
8041,0
15104,0
13402,1
3066,1
4530,1
12476,1
13108,1
525,0
4300,1
940,0
13791,1
6593,0
698,1
2357,1
1878,1
12446,1
8893,1
10118,1
9378,1
6790,0
10948,1
11507,1
5478,1
10667,1
2830,0
11800,0
5259,1
1677,1
8987,0
3271,1
8832,1
7967,1
4099,1
4382,1
11604,0
11370,1
13518,1
11484,1
4003,1
181,1
4737,1
3410,0
2943,1
833,1
8261,1
12232,0
4466,0
3003,1
8313,1
2185,1
8267,1
7175,1
4572,1
3630,1
11353,1
9901,0
2645,1
8720,1
9310,1
1960,1
10848,1
6946,0
10086,1
239,0
3541,1
9744,1
9202,1
12860,1
2161,0
1796,0
9149,1
6630,1
7573,0
3970,0
1596,1
8224,0
1882,0
15447,0
15084,0
2098,1
8546,1
6667,0
1295,0
1113,1
12750,0
792,1
9925,0
15337,1
6435,0
14782,0
334,1
12071,1
206,0
12865,0
13977,0
4686,0
13204,1
881,0
11140,1
7090,0
3685,1
6758,1
3720,0
6511,1
10263,1
9091,1
14185,1
9106,1
13625,0
5653,1
850,1
12593,1
12384,1
1477,1
14965,0
12313,1
7298,0
5797,1
751,1
15347,1
15506,0
4246,1
5294,1
10466,1
4632,0
12140,0
10586,1
5309,0
11575,1
6906,1
4782,0
2966,1
12296,1
9649,0
8843,1
958,1
4403,0
5743,1
13458,1
11245,0
10366,0
10062,1
2140,0
8091,1
8048,1
8613,1
2390,1
1634,1
1369,0
8397,1
4858,1
980,1
7003,0
14521,0
14981,1
6805,1
14742,0
11801,0
1004,0
10718,1
10673,1
7508,1
2751,1
9504,1
2951,0
7780,1
6275,0
14350,1
208,1
9128,0
16,1
4357,0
12774,1
945,1
3715,0
3670,1
7451,1
612,0
10746,1
6514,1
422,0
12311,1
7767,1
12594,1
12559,1
1087,0
9056,1
11539,0
3984,1
4374,1
8811,1
9224,0
11811,0
5317,0
4303,0
2997,0
5252,1
11204,1
12279,1
803,0
7360,1
10969,1
15046,1
15518,1
6948,1
5093,1
14883,0
2323,0
1943,1
1853,1
8243,0
12771,1
3143,1
9347,0
2910,1
346,1
8293,1
9287,1
13285,1
8407,1
5169,1
1600,1
1931,1
14149,0
6851,1
7483,1
10698,0
3534,0
13582,0
12671,0
14582,1
3215,1
14368,0
9122,1
11960,1
10243,1
15509,0
2055,1
8414,0
8371,0
12241,1
890,1
15346,1
10215,1
11973,1
6912,0
13234,1
3636,1
5421,1
2957,1
2647,1
7114,1
8031,1
3142,1
963,1
679,0
6034,1
1620,1
4297,0
6320,1
10616,1
13070,1
11528,1
6351,1
7531,1
15477,1
9667,0
11277,0
8383,0
2163,0
15391,0
9803,0
15264,0
10552,0
5107,1
2989,1
6443,1
13095,1
8276,1
10368,1
362,1
7667,1
9842,1
8493,1
7961,1
13324,1
2856,1
6200,1
12622,1
5187,1
12681,1
9143,0
15039,1
4849,1
3774,1
12890,1
6407,0
6279,0
202,0
4263,0
1030,0
1764,1
4596,1
261,1
11737,0
13071,1
5675,1
13464,0
15175,0
11166,1
14816,0
15021,1
6685,0
7459,0
3879,0
8883,1
15464,1
15472,1
2668,1
7942,1
4488,0
9396,0
5540,1
3076,1
13109,1
3302,1
13248,1
7184,1
4424,0
9511,1
7990,1
12649,0
7450,1
3642,1
12663,1
3358,0
373,0
12875,1
7655,1
13349,1
4687,0
12087,1
3021,1
14329,1
5585,0
3964,1
7329,1
351,0
5459,1
391,0
12414,0
10242,1
13063,1
6161,1
11549,0
1157,1
12638,1
9789,0
6721,0
14476,1
4847,1
465,1
5039,0
5744,1
6211,1
5325,0
360,1
5959,0
14700,1
5446,1
4823,1
1425,1
213,1
7018,1
9586,0
8180,1
15397,0
6343,0
9989,1
6977,1
10468,1
15278,0
10691,1
2608,0
10574,1
837,1
12321,1
14690,1
2733,1
15242,1
4536,1
14297,1
8364,1
10447,1
1979,1
11622,1
10291,1
14137,0
10413,1
282,1
2065,1
12564,1
2979,1
4073,1
1065,0
10075,1
4925,1
5287,0
14173,0
9245,1
151,1
5449,1
11959,1
14697,1
9807,1
7484,1
912,1
4163,1
5966,0
14520,1
1266,1
9816,1
8841,0
10695,1
7273,1
13085,1
7265,1
2352,1
2086,1
14133,0
9438,0
237,1
2517,0
12020,1
11009,1
13290,0
8227,1
1601,1
7136,1
9924,0
897,1
7088,0
10389,1
1434,0
8159,0
203,0
12680,0
3567,0
2197,1
8576,1
11861,1
7518,1
10809,1
3186,1
12500,1
9349,0
1114,1
6471,1
12727,1
10321,1
7693,0
12198,0
4067,0
12150,1
9165,0
15427,0
5099,0
9477,0
4203,1
15222,1
4472,0
7583,0
8699,1
13433,0
10609,0
2697,1
5351,1
1190,1
12726,1
11440,1
14820,0
2136,0
14004,1
4763,1
3529,1
6801,1
4093,1
2631,0
7134,1
1511,0
5546,1
14080,1
3992,0
12831,1
6718,1
5010,0
13382,1
10065,1
8607,0
2169,0
11266,1
4809,0
6855,1
7470,1
433,1
7766,1
2680,1
12283,1
4619,0
9105,1
8885,1
7218,1
15041,0
1470,0
14231,1
3932,0
9117,0
6626,0
7100,1
8028,1
9725,1
6979,0
467,1
14019,0
8016,1
5100,1
12084,1
9589,1
7716,1
4943,1
9341,0
9577,0
10577,1
12531,1
5390,1
12777,1
10511,1
3473,0
11152,1
14806,0
3004,1
2411,1
3990,1
3604,0
12177,0
3751,1
4834,1
13135,1
7533,1
13871,1
10333,1
5486,1
7801,1
1009,0
2434,0
4555,1
13197,1
11236,1
4784,1
13306,0
652,0
706,1
14557,1
12291,0
2042,1
11493,0
6436,1
496,1
1300,1
3913,0
2824,1
5598,0
6297,1
2368,1
756,1
9369,1
9664,0
882,0
7650,1
10294,1
14065,1
1007,1
6551,0
11131,1
14668,1
12256,1
11064,1
8422,0
3830,1
2289,1
6247,0
8220,1
7391,1
2923,1
6369,1
14822,0
9365,1
10631,1
12288,1
4667,1
11116,1
7215,0
5597,1
10933,1
11287,1
7871,1
8083,1
8374,0
14638,1
4490,0
4635,0
6093,1
6425,1
15029,1
4360,0
12749,1
13207,1
12675,1
2731,1
886,0
506,1
10050,1
13398,0
12720,1
5634,1
13476,1
10000,0
14066,1
5976,1
13494,1
13632,0
1612,1
11760,0
8963,1
8390,0
14758,0
12485,1
6570,1
3295,0
9258,1
7049,1
8668,1
6764,1
8929,1
271,0
7913,1
10835,1
6868,1
10059,1
14508,0
457,1
8937,1
5916,1
252,1
12988,1
6066,1
7808,0
5307,0
11504,1
9311,1
14652,1
74,0
13179,1
3351,0
13138,0
13961,1
13300,1
4469,0
1248,1
783,0
1015,1
9676,0
11618,1
6781,0
6559,1
347,1
12834,1
14755,1
14439,0
3641,1
9022,0
8515,1
5256,1
12075,0
510,1
734,1
2402,1
15329,0
15525,1
1916,0
5116,0
4753,1
5538,1
6934,0
6740,1
11076,1
3212,1
7158,1
884,0
9836,0
12305,1
13643,1
12270,1
4911,1
11601,1
12152,1
1315,1
235,0
314,1
10069,0
7217,1
1709,1
11647,1
8965,1
1625,1
4427,0
632,1
10066,0
4946,0
69,0
12897,0
10425,1
5858,0
1081,1
8099,1
4272,1
8197,0
7768,1
4562,1
7620,1
4437,0
14362,1
5174,1
11437,1
12790,1
12978,0
12566,1
2058,1
10578,1
8534,1
692,1
11355,1
9036,1
11308,1
8892,1
1101,1
8611,0
13327,1
3851,1
9261,1
4361,0
8593,1
14844,0
13132,1
13535,1
13827,1
8206,1
3018,1
11664,1
7684,1
10941,1
7981,1
2921,1
14489,1
11350,1
13454,1
3348,1
6818,1
9465,1
13381,1
6931,0
12904,0
12356,1
2508,0
8100,1
15388,1
12306,1
7179,0
6035,1
13527,0
13777,0
14770,0
3033,1
1161,0
4933,1
14966,0
13184,1
4432,1
1333,1
2814,0
5651,1
2483,1
1131,1
15379,0
12738,1
4426,1
11251,1
4750,1
268,1
7811,0
6117,1
10315,1
7501,1
8113,1
8773,1
3679,0
12873,1
1845,0
14692,1
13664,1
14807,0
4086,1
15164,0
1985,1
13149,1
15483,0
6493,0
13824,1
11848,0
64,1
3969,0
3137,1
12386,1
9297,1
13589,0
11843,0
14565,0
173,1
1497,0
12264,1
3622,1
12906,1
14257,0
8254,1
9380,1
4978,0
2893,1
11797,0
3676,0
12041,1
13460,1
9141,1
10886,1
6474,0
14417,0
59,0
921,1
7248,0
8248,1
10637,1
2526,1
14348,1
2370,1
15,1
7863,0
1249,0
6473,1
4706,1
13364,1
5863,0
7581,0
3420,1
1398,1
6724,0
4910,1
13170,1
5507,1
6892,1
12631,1
7741,1
1557,1
6920,1
10170,1
3324,0
9377,1
11951,1
635,1
12541,1
1046,0
9428,1
4597,1
11237,1
8378,1
2690,1
2028,1
12202,1
7447,0
14842,1
14800,0
6413,1
10561,0
30,0
2488,1
5665,1
12509,1
14797,1
1396,1
5073,1
201,0
6670,0
188,1
10813,1
11921,1
13648,0
2427,0
1102,1
9623,1
14577,1
6287,0
2315,1
7133,1
11322,1
4707,0
8491,1
9830,0
14156,1
4676,1
2290,1
11252,1
11364,1
6779,0
11026,1
10713,1
7330,0
14906,1
6843,1
7745,1
11483,1
14964,0
5249,0
11996,1
10013,1
12919,1
5803,1
9085,1
10334,1
14553,1
640,1
7007,0
11890,0
5584,0
10634,1
4781,0
13885,1
3509,0
14296,1
8781,1
10623,0
13506,0
14069,1
10724,1
809,1
1091,1
15454,0
9323,1
13576,0
1919,0
11713,0
4098,1
7270,1
1912,0
15169,0
8014,1
13686,1
6092,1
8395,0
12441,1
5957,1
10916,1
2563,1
2799,1
6595,0
4134,1
10180,1
1851,1
1782,0
12911,1
13073,0
7022,1
1111,1
9802,1
12841,1
9030,0
6916,0
11037,1
7785,0
7611,1
2023,1
7237,1
12816,1
9627,1
8512,0
1193,1
14793,0
11271,1
10081,0
13607,1
6509,1
13477,1
10880,1
9391,1
14318,1
11892,0
10231,1
361,0
7637,1
9686,0
2395,1
12099,1
4807,1
13252,1
3727,1
4153,1
4404,1
12997,1
1219,0
14799,0
4972,0
1727,0
1686,0
7905,1
11048,1
3706,1
14463,1
6505,1
5133,0
10089,1
9753,1
1654,1
4853,1
1485,0
8797,1
12039,1
9382,0
10322,1
6743,0
7359,1
14801,1
8165,0
11798,1
4556,0
1656,1
14190,0
10053,1
4799,1
7059,0
5740,1
3292,1
12735,1
2029,1
2214,1
1899,1
6151,1
11489,0
13862,1
13929,0
11803,0
8476,0
639,1
47,0
5559,1
1124,1
444,1
1213,1
9529,1
13844,1
5178,0
3095,1
9919,0
2462,0
14413,0
7377,0
13760,0
12578,0
7559,1
9754,1
12098,1
10292,1
3605,1
231,0
10237,1
7749,1
3497,1
12390,1
12368,0
13822,1
4039,1
12885,1
12454,1
10434,1
15507,1
15320,0
5975,1
3783,1
6088,1
1305,1
14340,1
4130,1
10707,1
2497,0
5510,1
8891,1
8190,0
5342,1
3149,1
6329,0
10272,0
3207,1
140,0
5328,1
7042,1
2151,1
7947,1
991,1
10503,1
5193,1
495,1
3901,0
11646,1
10545,1
14775,1
11521,0
5080,1
5264,1
10780,1
10300,1
11615,1
5427,1
3343,1
5168,1
4748,1
553,0
11866,1
2150,1
14101,1
9588,0
15522,1
8405,0
5022,0
4717,1
5923,1
2728,1
12515,1
9695,0
4210,1
5110,0
4042,0
13216,1
7894,0
1337,1
13897,1
9584,0
11337,1
2787,1
2925,1
4199,1
4160,1
6815,1
7410,1
14945,1
8477,0
9037,1
2225,1
13414,1
3624,1
6331,0
1560,1
14450,0
3551,0
15174,0
2622,1
4602,1
3337,1
5399,1
6203,0
1815,0
611,0
9593,0
15498,0
5801,0
9232,1
3193,1
11261,1
12954,1
830,1
10509,1
8347,1
15319,0
10295,1
2582,1
4288,0
5443,1
5296,1
732,1
14802,0
7350,0
11642,1
1486,0
3467,1
14734,0
8483,0
14292,1
12435,1
10381,0
4961,0
2019,1
11162,1
12621,1
13343,1
11332,1
1763,1
9566,1
11345,1
1994,1
6866,0
6201,0
4358,0
13776,1
14991,0
3703,1
526,1
14275,0
14953,0
2849,1
14129,0
1615,1
5056,1
13342,1
13310,0
8283,1
3698,1
2699,0
3359,1
2494,1
62,0
2035,1
7271,1
12080,1
11327,1
5990,1
12852,1
4208,1
8824,1
8095,1
12448,1
4060,1
10496,1
10608,1
2336,1
14152,0
189,1
494,1
9788,1
4038,1
12475,1
3125,0
768,1
10663,1
13628,1
10105,1
14281,0
13963,1
3180,0
7033,1
7757,1
4694,1
12673,1
11103,1
2918,1
7837,1
5163,1
3854,1
1558,1
12504,1
6403,1
9206,1
1751,1
12307,1
6802,0
1153,1
6507,1
5422,1
14025,1
12776,1
12538,1
15248,1
6613,0
14372,0
5152,1
9986,0
5057,1
15043,1
7954,1
7021,0
5767,1
4204,1
11957,1
10819,1
14180,1
7221,0
4016,1
2890,1
8870,1
12176,1
8122,1
11423,0
14641,1
442,0
5937,1
11731,0
6347,1
13797,0
9567,1
4867,0
2836,1
1109,1
3139,1
5505,1
15277,1
7973,1
5285,1
2655,0
2020,1
10546,0
13146,0
1339,1
9808,1
9801,1
9112,0
15224,1
196,0
5519,0
1674,1
11836,1
3701,1
9591,0
14566,0
1658,1
6389,0
14198,1
2251,1
6182,1
5752,1
9456,0
5638,1
1039,0
13165,1
9767,0
8535,1
7116,1
15538,1
5382,1
10344,1
3408,1
3939,1
773,0
13987,1
13499,1
11317,1
377,0
4901,1
11550,1
10868,1
9983,0
4372,1
12078,1
10881,1
8429,0
6059,1
7284,1
8166,0
296,1
5761,1
6288,0
3425,1
9829,0
2489,1
11454,1
6273,1
15435,1
2691,0
14757,0
5393,1
6401,0
14342,0
8976,0
14354,0
423,1
14030,1
4164,1
14542,1
2261,1
8149,0
5893,1
11964,1
14092,1
5977,0
11581,1
1741,0
12059,0
14184,0
14506,1
6783,1
12008,0
1817,1
14074,1
14847,0
5379,1
12670,1
6195,0
15479,1
13368,1
15161,0
14918,0
3936,1
9663,0
7492,0
6640,0
7364,0
15459,0
8583,1
7032,1
597,1
12051,1
13769,1
5788,1
2013,0
4110,1
13355,1
11398,1
14234,1
11701,1
4987,0
12949,1
4444,0
11213,1
7495,0
5428,1
14789,0
7644,1
9019,0
8257,1
15357,1
11906,0
12542,1
9447,1
14054,0
15192,1
6582,1
504,1
6186,1
6883,1
13657,1
5823,0
9896,0
9027,0
11367,1
7618,1
7840,0
7917,1
8642,1
10722,1
1288,0
154,1
13276,1
8518,1
8445,1
8547,0
14332,1
13406,1
1198,1
10285,1
697,1
10241,1
6792,0
8335,1
1627,1
2902,1
14433,0
720,1
12529,1
617,0
11628,1
14070,1
14674,1
7925,1
2146,1
5156,1
8470,0
9361,1
10557,1
7920,1
468,1
15336,1
9313,1
8457,1
6725,0
10995,1
4522,1
1099,1
12440,1
3279,0
9411,0
8877,1
8706,0
3987,1
4732,1
5925,0
9519,1
8433,0
14995,0
642,1
13703,0
999,1
2944,1
9107,1
2496,1
8025,1
8362,1
14888,1
3952,1
12877,0
7262,1
11940,1
15168,1
9229,1
4123,0
14334,1
3396,1
15341,1
12674,1
10029,1
14605,1
15512,0
7373,1
6110,1
14020,1
5450,0
1525,0
12060,1
11077,1
2549,1
1718,1
6688,1
2155,1
12716,1
7397,1
13787,0
11071,0
14013,1
7336,1
12366,1
7349,0
11562,1
4711,1
14598,1
8543,1
8076,1
3169,1
13983,1
15153,1
14382,1
2578,0
12928,0
3109,0
7852,1
2574,1
10249,1
5515,1
14910,0
864,1
6367,1
1408,1
8714,1
5946,0
7887,1
10064,0
7152,1
12245,1
3621,1
1239,1
9786,0
13957,0
9959,1
11316,1
3909,1
8308,1
3930,1
2433,0
7139,0
8618,0
7345,1
8047,1
10986,1
532,0
11556,1
2040,1
3512,1
10570,1
15235,0
901,1
911,1
73,0
13795,1
6046,1
12575,1
13956,1
6968,0
8944,1
12861,1
9215,1
1728,0
7682,1
14928,1
14611,1
12193,1
6386,0
2682,0
6577,0
2846,0
3693,1
6284,0
5130,0
5162,0
7974,0
8982,1
2515,0
8046,1
12115,1
1014,1
14391,1
8232,1
6763,0
8977,0
11635,1
9492,1
2306,1
9137,0
2773,0
3156,1
585,1
11382,1
701,1
7053,1
8202,1
3111,1
4217,0
152,1
550,0
4719,0
1191,1
14363,1
9150,1
3675,0
1970,1
1268,0
14411,1
5633,1
8479,1
1286,0
8879,1
13718,0
749,1
14068,0
4573,1
13438,1
12158,1
12592,1
3682,1
6432,1
11756,0
7515,1
14205,0
6635,0
825,1
11560,1
3105,1
10659,1
6762,1
7908,1
8376,0
7995,1
9526,0
7293,1
10591,1
9210,1
9920,0
2523,0
14073,1
4589,1
12322,1
6042,1
9757,0
505,1
3887,1
5999,1
10197,1
15450,0
14392,0
15377,1
12314,1
11994,1
1775,0
7645,1
4789,1
12601,0
6689,1
9800,0
9317,1
15119,0
120,1
13996,1
14616,1
12623,1
11942,1
4739,1
10451,1
2826,1
1742,0
5873,1
4198,1
2183,1
7540,0
12709,1
1474,0
149,1
14763,0
14241,0
2303,0
926,1
3506,1
6223,1
4757,1
7803,0
12729,1
1117,0
13052,1
9793,0
15273,1
12931,1
12511,1
14442,0
3502,1
10675,1
15122,1
13014,1
5561,1
3772,1
12421,1
12197,1
8656,1
8896,1
11674,0
6961,1
10290,1
6235,0
13978,0
9279,0
11855,1
10128,0
7467,0
4486,1
3498,0
9497,0
6644,0
12654,1
561,1
9740,1
8058,1
4075,1
3935,1
14934,1
14415,1
11452,1
11380,1
9572,1
6366,1
6410,0
13029,1
4172,1
7704,0
9185,0
545,1
9343,1
5680,1
13986,1
1491,0
2916,1
2171,0
924,0
9517,0
8402,1
2648,0
10987,1
11607,1
5890,1
2896,1
7343,1
15298,1
3029,0
4537,0
826,1
11134,1
4376,1
1668,1
1127,1
6243,1
13856,1
10544,0
13793,1
12168,1
10151,0
12744,1
2571,1
4036,0
14826,0
6219,1
9743,1
8516,1
11868,1
8259,1
15237,1
1514,0
10998,1
11559,1
2542,0
2756,1
14501,0
9721,0
874,0
13614,0
9496,1
15091,1
11075,1
4648,1
3508,1
2275,0
11771,0
13563,1
5958,1
5619,1
14685,1
14707,1
2300,1
6414,0
4836,1
2467,1
2638,0
9305,1
3179,1
8129,0
13379,1
7820,0
14863,1
1861,0
5418,1
6396,1
1886,1
6755,1
7643,1
13650,0
1471,0
762,1
4014,1
7876,1
4396,0
12562,1
10939,1
14324,1
4672,0
5514,1
1216,0
9241,1
8567,0
5139,0
2746,0
1340,0
6003,1
8804,1
3657,1
12481,1
7204,1
975,0
4634,0
11714,0
15197,0
11155,1
1515,0
2375,0
14708,0
11400,1
13863,0
8103,0
7412,0
14174,1
15326,0
12333,0
9252,1
11815,0
12455,0
15369,0
14929,0
5875,1
11910,1
45,1
15033,1
12118,1
5455,1
4723,1
7151,1
11119,1
11393,1
15163,0
810,0
10219,1
9965,0
592,1
12999,1
5853,1
8446,1
5836,1
14859,0
4416,1
4984,1
7366,1
11212,1
11302,1
9618,1
5284,0
3077,1
14747,1
8749,0
8287,1
1923,1
217,1
15226,1
11543,1
2319,1
4353,0
1221,0
4862,1
2131,1
13090,1
13287,0
6714,1
2182,1
6254,1
1648,1
5154,1
3991,1
7881,1
844,0
6015,1
11626,1
10057,1
13520,0
3501,1
6517,0
12528,1
10776,1
9654,0
3375,1
9063,1
5475,0
1924,1
983,1
8156,1
3688,0
12226,0
748,1
12107,1
6653,0
5027,1
7029,0
2265,1
11186,1
6335,1
12418,1
15541,1
5313,1
3653,1
10416,1
4000,1
14895,1
1045,0
7775,0
14696,0
10512,0
3656,1
7226,0
9951,0
137,1
11779,0
7445,1
15256,1
5605,0
10831,1
2974,1
960,1
3011,1
12728,1
9080,0
7232,1
1380,1
8315,0
11108,1
10449,0
15183,1
2099,1
10126,1
7756,1
2308,0
1134,1
144,1
1163,0
9772,1
2687,1
4233,0
8890,1
5241,0
2858,1
6308,1
558,1
12687,1
1738,0
10790,1
13823,1
6678,0
15249,0
123,1
636,1
1800,1
5469,0
14008,1
15198,0
12391,1
4418,1
3840,1
6927,1
7875,1
12896,1
2554,1
1712,1
7621,1
8545,1
694,1
3743,1
11569,1
1160,0
5141,1
1799,1
6193,1
6608,0
8393,1
5575,1
10594,0
5739,1
6187,1
2224,1
9773,1
5494,1
10060,1
2366,0
14853,0
7609,1
2291,1
1309,1
7230,1
745,1
784,0
7308,1
3071,1
7446,0
1421,1
4610,1
3442,0
1259,0
1089,1
2927,1
489,0
7370,0
11218,1
359,1
6992,1
9352,1
10083,0
285,0
338,0
4990,0
4627,0
7025,0
12111,0
5160,0
12556,1
4366,1
11952,1
12933,1
2186,1
7070,1
9583,0
1130,0
8686,1
86,0
10424,1
3885,1
12043,1
13220,1
5709,1
11035,1
14950,0
12482,0
5355,1
12220,1
13629,0
5662,1
15225,0
7393,1
7976,0
12849,1
2149,1
3603,1
14060,1
14016,1
14871,1
1953,1
10903,1
386,1
14500,0
1427,1
9940,1
3098,0
9073,1
155,1
11651,1
1809,1
9309,1
9859,1
14555,1
6663,1
12909,0
299,0
696,0
10318,1
2383,1
9018,0
7252,1
14458,0
4422,1
5484,1
4814,1
9845,0
3211,1
3256,1
12786,1
4680,1
2408,1
13507,1
3848,1
7048,0
7553,1
13866,1
14052,0
10984,1
5499,0
3668,1
10606,1
7097,1
951,1
5900,1
5742,1
10484,1
7428,1
7721,1
2123,1
14886,1
8275,1
883,0
12130,1
3633,1
7921,1
7214,1
13728,0
9356,1
256,1
12781,1
3791,0
6978,0
13679,1
12473,1
7079,1
7303,0
3923,1
4483,0
2862,1
8959,1
5395,1
7229,1
3810,0
13086,1
10373,0
7883,1
3815,0
1926,1
15314,1
5663,0
11887,1
1901,1
12886,1
15303,1
7872,1
9852,0
14943,1
2401,1
5145,1
5032,1
12030,0
3205,1
3779,1
2791,1
4337,1
7123,1
2294,0
10438,1
7437,1
2848,1
14881,0
13281,1
6532,1
1138,1
4541,1
11725,0
3392,1
2528,1
4976,1
12138,1
10579,1
2329,1
3654,1
15380,1
10549,0
1597,1
7312,1
8796,1
5183,1
3154,1
6535,1
6510,1
10988,1
2031,1
4601,1
6774,1
6482,0
11415,0
4616,1
12764,1
4665,1
8066,1
14352,1
13213,0
5942,1
5224,1
7372,1
3782,1
13491,0
7661,1
13169,0
15178,1
3948,1
5413,1
3117,1
11796,0
441,0
14952,1
6411,1
13372,1
13503,0
8038,1
2435,0
2406,0
9048,0
12867,1
9181,0
15045,0
12658,1
5367,0
10229,1
13784,0
920,1
14765,0
7208,1
3274,1
5358,1
14961,1
14389,1
10494,1
6715,1
12400,1
7352,1
255,1
10252,1
6440,0
13626,0
892,1
5830,1
11682,1
9051,1
14503,1
10972,1
15109,1
4894,1
10099,1
13079,0
14077,0
11013,1
2712,1
9666,0
13442,1
1806,0
13294,0
2018,1
2461,1
9573,1
2719,1
13408,0
4754,0
4523,1
13443,1
298,0
7055,1
4033,0
13549,0
11659,1
12056,1
11531,0
6033,1
6876,0
1162,0
305,0
15078,1
7993,1
6555,1
6395,1
11389,1
14958,1
13870,0
4690,0
8138,1
1351,0
15047,1
1399,1
75,1
5692,1
5046,1
7206,1
13463,0
13955,1
1858,0
8280,1
7231,1
13698,1
14449,1
15467,1
3312,0
5468,1
118,1
97,1
10199,1
11010,1
11893,0
14386,1
12038,0
14776,1
10418,1
2543,0
10822,1
10283,1
10225,1
2325,1
12930,1
6572,0
6516,1
77,0
15170,0
15138,1
8482,1
8969,1
14662,1
14010,1
6741,1
11712,0
2698,1
9833,1
14144,0
12547,1
12348,0
14556,1
477,1
11180,0
12678,1
6051,1
9854,1
15389,0
11448,1
12128,0
10585,1
14932,1
1310,1
9173,1
2296,1
8045,1
9026,0
7361,1
4274,1
13171,0
15036,1
11138,0
5726,1
10433,1
14075,1
9731,1
12407,1
13691,1
5789,0
7104,0
5871,1
14739,0
2624,0
5467,1
5610,1
9389,1
5474,0
13272,1
13358,1
1139,1
13627,1
3422,1
12512,1
11573,0
10527,1
13221,1
13229,1
4388,0
8305,1
14693,1
12653,1
15095,1
11220,1
1037,0
4889,0
4230,0
13661,1
2994,1
12396,1
10985,0
12273,1
5884,0
10777,1
627,1
5841,1
3377,0
6108,1
14769,0
10052,1
380,1
1698,1
13247,1
726,1
9370,1
8620,0
3201,1
5670,1
3910,1
11790,0
2675,0
8391,0
4982,0
10857,1
9689,1
12426,1
11908,0
5796,0
9023,0
2971,0
14796,0
3012,1
3126,0
1062,0
8049,1
10443,1
33,0
8852,1
10875,1
229,0
7964,1
5470,1
3583,1
3002,0
4832,1
1359,1
660,0
7442,1
1448,0
8719,1
10764,0
11366,1
7919,1
12069,1
3490,1
10870,1
46,1
11320,1
1293,0
4079,1
2721,1
11113,1
8784,1
1383,1
14875,1
644,1
4324,0
7426,1
14058,1
9720,1
4454,0
127,1
14197,1
4412,0
9510,1
8218,1
11225,1
12501,1
14898,1
13840,1
9662,0
12966,1
4606,1
14949,0
6566,1
893,0
1724,0
13266,1
2913,1
14232,0
7945,1
13514,1
4787,1
9333,1
9003,1
9837,0
3593,1
4408,1
8480,1
7256,1
14911,0
9537,1
8766,0
2821,1
9011,1
12589,1
11244,0
6353,1
12746,1
15127,1
8428,0
1483,0
6427,1
6069,1
6352,0
55,1
6220,1
14657,0
2351,1
309,0
13158,1
7202,0
6224,0
5232,1
257,0
5425,1
3027,1
11319,1
14673,1
9581,1
5527,1
4630,1
6926,0
9718,1
9704,0
6405,1
6178,1
5826,1
8566,1
7120,1
2478,1
1639,1
6603,0
1224,0
14040,0
10058,1
4310,1
5045,1
2660,1
7375,0
6538,0
12242,1
2174,1
3697,1
14504,1
12582,1
530,0
9893,0
10401,1
10195,1
13782,0
14996,0
8298,1
8088,1
12798,1
13741,1
3942,0
2413,1
6185,0
14032,1
7464,1
717,1
1673,1
653,0
4484,1
5867,1
9050,1
10501,0
1042,0
2431,0
6167,0
4864,1
11470,1
11331,1
6483,1
12173,0
10547,1
15007,0
2656,1
13407,1
8500,1
14989,1
1956,1
6350,1
2761,1
1388,1
10049,1
11948,1
9486,1
1664,1
8449,1
1041,0
12439,1
3185,1
7307,1
9424,1
4489,0
14614,1
1921,1
4406,1
11167,1
4479,0
6819,1
2414,1
5913,1
9883,0
3288,0
2493,1
8291,1
4441,1
10692,1
7512,1
5906,1
4540,1
4338,1
14217,0
787,0
10181,1
12514,1
1609,0
3036,1
4684,1
9881,0
8640,0
13603,1
913,1
11175,1
11818,0
14014,1
11526,1
1756,1
8352,1
2533,0
3054,1
14725,1
3478,1
2556,1
7514,1
8697,1
101,1
9548,1
12543,1
7167,1
4600,1
14242,0
5599,1
12719,1
2287,0
157,0
2111,0
2090,1
5885,0
1302,1
3528,1
10727,1
11184,1
15025,1
13192,0
2650,1
12309,1
4395,1
3318,0
4059,1
11137,1
11263,1
15137,1
14720,1
14294,0
10457,0
3277,1
1854,1
11214,1
7765,1
14992,1
4435,0
9033,0
7327,1
4085,1
6099,1
14637,1
4783,0
1722,1
14510,1
14515,0
9713,0
14810,0
10662,1
7948,1
9860,0
1824,0
6884,1
1740,0
5008,1
147,0
2760,1
2030,1
3929,1
8563,1
461,1
11306,1
3262,1
341,0
14913,1
5229,1
1974,1
14551,1
11455,1
3131,1
355,0
1406,1
13370,1
5435,1
13328,1
3480,0
2775,1
6529,0
12864,1
13835,0
15449,0
10837,1
431,0
7543,1
9956,0
13556,1
5800,0
12367,0
4647,1
7874,1
6345,0
13440,1
9716,1
9384,1
14042,1
15504,1
6557,0
13293,1
9874,0
3414,1
134,1
5495,0
4278,1
9818,0
11791,0
15429,1
13193,0
8137,1
8366,1
6125,1
14209,1
1999,1
2795,1
11123,1
3548,0
1665,1
13044,1
13596,1
4848,1
8930,1
2212,1
3104,0
227,0
7979,1
3445,1
12155,0
15443,0
5961,1
9726,0
14405,1
11525,0
6744,0
9410,1
2318,1
13075,0
582,0
5142,0
5280,0
3407,0
2372,0
4502,0
4552,0
2744,1
6171,0
11392,1
4908,1
3573,0
6965,0
9043,0
3673,0
5126,1
8454,1
6708,1
938,1
7415,1
9865,1
7612,1
1205,1
7846,1
14828,0
1496,0
4818,1
4131,1
9922,0
6466,1
2027,1
15461,0
8188,0
12782,1
14379,0
11761,0
3980,1
9223,1
6728,0
2130,1
12189,0
7341,1
15401,0
662,0
13859,0
65,0
8728,1
686,0
4689,0
11776,0
1868,0
7744,0
11683,0
13005,1
11828,0
4716,1
15293,1
5326,1
14784,1
13027,1
8406,1
1187,0
4120,1
4225,1
10782,1
6485,0
14762,0
8803,0
2711,1
6693,1
1355,1
13813,0
5924,0
1839,0
13008,1
7427,1
11589,1
6340,0
6341,0
5851,1
14269,0
9446,1
2617,0
12466,1
4112,1
11181,1
4171,1
4948,1
1832,1
7472,1
15438,0
4009,1
13329,1
9544,0
4591,1
6989,0
2334,0
12937,1
15529,0
1947,1
10239,1
10767,1
4570,1
3140,0
4808,1
6179,0
3898,0
7332,0
6887,1
5030,1
13953,0
774,0
3629,1
13613,1
1689,0
13763,1
5190,0
5255,1
10808,0
8203,1
13839,0
7086,1
4524,1
4188,1
6354,1
10950,1
11151,1
3163,1
6821,1
9979,1
6534,1
12571,1
6558,0
7895,0
953,0
15176,1
4873,0
7250,0
9541,1
3620,1
5641,1
7227,1
14102,1
2738,0
14079,1
8120,1
12474,1
1936,1
2953,1
13621,0
3524,1
14832,0
6301,1
4026,1
13363,1
13979,0
15511,1
7734,1
13623,0
514,1
724,1
13286,1
6734,0
2455,0
11763,0
4951,1
7593,0
10217,1
14427,1
3821,0
7015,0
12936,0
8229,1
9522,0
4785,1
799,1
9294,1
14921,1
1543,1
11850,0
11722,0
15335,1
4190,0
13749,0
5573,1
12443,0
12184,1
3291,0
12334,0
7723,1
8355,1
6140,1
2097,1
8759,1
798,1
11770,0
15015,0
10384,0
3559,0
3549,1
6067,1
4958,0
7798,0
2584,1
2046,1
3645,1
7380,1
4296,0
5660,1
8295,1
5550,1
1147,0
2865,0
11124,1
8549,1
13292,1
12089,0
1871,1
5013,1
8715,1
2234,1
4336,1
11720,0
685,1
15026,0
449,0
390,0
8678,0
7737,1
11080,1
5205,0
11417,0
8264,1
2769,0
13428,1
11793,0
12471,1
6398,1
4625,1
8960,1
11092,1
15508,1
3626,1
5896,1
13631,1
6024,1
5226,0
12520,1
1777,0
12572,1
10907,0
1749,1
1273,0
12318,1
10361,1
10581,0
665,0
7651,1
4747,0
4561,1
6673,0
8718,1
5902,1
14522,1
12181,1
10513,1
5781,0
2577,1
10407,1
12035,0
6102,1
10235,1
10287,1
14038,0
13396,0
10044,1
13050,1
13191,0
4842,0
14385,1
7694,0
6610,1
9271,1
13577,0
4702,1
40,1
15358,1
1977,1
1575,0
6588,1
6397,0
6896,1
12656,1
1730,0
2749,1
2591,1
1036,0
10522,0
4827,1
5629,1
12557,1
3001,0
8830,1
21,0
10355,1
3465,0
2472,1
3068,0
2089,1
9812,0
7991,1
687,1
14632,1
11830,0
9346,0
13006,1
5572,1
6332,1
6269,1
1115,1
267,0
6561,1
3198,1
13176,1
2085,1
14877,1
7781,1
3537,0
9485,0
14287,0
3252,0
12497,1
13700,0
3092,1
8136,1
12470,1
11361,1
7465,1
12398,1
8312,1
7197,0
3884,1
923,0
3244,1
5542,1
9400,0
8748,1
12856,1
1536,0
782,0
4008,1
15013,1
4871,0
3204,1
425,0
630,1
5669,1
11917,1
3973,1
4944,0
2702,1
11572,1
4063,1
3160,1
12261,0
15425,0
3684,1
6506,0
8055,0
15195,1
8669,0
533,0
11018,0
14123,0
3063,1
5336,1
4092,1
11665,1
5753,1
7616,1
5553,1
12700,1
5061,1
4201,0
11136,1
9139,0
13893,1
11294,0
0,0
7335,0
2552,1
14235,1
13829,1
7417,1
790,1
1183,1
8826,1
10902,1
8974,0
2241,1
8672,0
8133,1
11205,1
714,1
10652,1
3575,0
9561,1
11047,1
7441,1
9146,1
4999,0
10649,1
13947,0
7759,1
1682,0
5128,1
9209,1
1453,1
14719,1
9975,1
13841,0
141,1
15490,0
10592,1
5577,0
3756,1
6168,1
1169,0
8153,0
10036,0
14441,1
6513,0
7575,1
5477,1
4693,1
14,0
9971,1
1192,1
11716,0
3781,1
8020,1
8663,1
13801,0
4778,1
15523,1
7462,0
1021,1
853,1
3316,0
12667,1
6255,1
182,0
12817,1
1589,0
4496,1
10165,1
3623,1
9144,0
618,0
11194,1
1784,0
15037,1
4614,1
6592,1
12708,1
8043,1
14894,1
6853,1
9766,0
11371,1
14493,1
11702,1
5960,0
11754,0
10185,1
6654,0
12870,0
1900,1
2811,1
1122,0
9286,1
12900,1
8051,1
6974,1
8147,1
3182,1
2776,1
2154,1
14186,0
15148,1
4622,0
6991,1
1289,0
10654,1
6101,1
9249,1
3433,0
12558,1
9607,0
10756,0
247,0
6497,0
3235,1
8240,1
7831,0
8616,0
9484,0
994,1
8109,1
10588,1
1805,1
11391,1
8536,1
2237,1
4065,1
12791,1
1144,1
5352,0
8603,1
13910,1
7041,1
5775,0
11485,1
15190,0
5843,1
15400,0
1505,0
4507,1
5370,0
14916,0
10518,0
8194,0
12003,0
11950,1
13399,1
7113,1
6245,1
1527,1
11095,1
11278,1
6760,1
11835,1
3802,0
12536,1
13087,1
6104,1
8802,1
5567,1
12793,1
5763,1
3507,1
8471,0
8075,1
3801,1
9613,0
3585,1
13537,1
2884,1
8698,1
8682,1
5954,1
1034,0
3087,0
2207,1
11602,0
5235,1
8554,0
12517,1
1313,1
14840,0
5086,1
1945,1
3890,1
14944,0
9156,1
8281,1
424,1
3931,1
2115,0
1318,1
337,1
14791,1
11653,1
13672,1
5047,1
2324,0
5693,1
5615,1
14253,1
6206,1
8413,0
3460,1
453,1
7902,0
5238,1
14862,1
11567,1
4004,1
8170,1
6806,1
11980,1
7949,0
5311,0
6785,1
992,0
1869,0
6632,0
15241,1
5048,1
15344,1
9574,1
3307,1
10091,1
3647,1
12879,1
11453,1
6746,0
14451,0
3892,1
15363,1
13308,0
7346,0
3776,1
13120,0
12964,1
2579,0
12192,0
1428,1
11671,1
7422,1
2922,1
11003,0
6406,1
11500,1
12809,1
12194,0
10559,0
14306,1
14751,1
3311,0
14309,1
2519,1
9578,0
12748,1
10187,1
6982,0
554,0
6837,1
9993,1
5482,1
3672,0
1384,1
3177,1
5017,1
11764,0
11773,0
2248,0
4840,1
3249,0
10377,1
10644,1
13792,1
681,1
13788,1
15132,0
10680,1
15271,1
2078,1
1846,0
3155,1
10936,1
14151,1
6014,1
9312,1
8142,1
11985,1
7241,0
8671,0
1443,0
8008,0
14426,1
11164,0
9038,1
8059,1
7975,0
13850,1
10378,0
12188,1
13465,0
15073,1
7615,1
12976,1
6289,1
3908,1
11684,1
5915,1
10392,1
8502,0
10103,0
5710,1
1416,1
15236,1
3937,1
1599,1
11819,0
1885,1
12178,1
2807,1
5516,1
4066,1
3123,1
7590,1
6232,1
12108,1
4104,1
2514,0
4015,0
13880,0
3609,0
7932,1
9354,1
6313,1
8294,1
9184,1
7569,1
8627,1
9158,1
5816,1
6188,1
8700,1
11488,0
3897,1
4206,1
10442,1
3655,1
14428,1
10332,1
2255,0
5295,1
10455,1
5321,1
4863,1
512,1
12355,0
5211,0
2139,0
7571,1
9368,1
6079,1
14085,1
5901,1
4546,1
1413,1
1991,1
2793,1
1141,1
228,0
3590,1
1971,1
8980,0
3323,0
5889,1
15079,1
5511,1
12091,1
11826,0
4704,0
10883,0
2726,1
9953,1
2545,0
513,1
5354,1
9441,0
6797,1
3972,0
8602,1
1368,1
326,1
4155,1
9595,1
15215,1
5513,1
7487,1
1539,1
3144,1
238,0
9426,0
14914,0
5437,1
6952,0
9095,0
6732,0
9193,1
11172,1
7953,1
7172,1
7641,1
9778,1
13888,1
12717,1
11542,0
11644,1
9832,1
10677,1
11810,0
15470,1
1910,0
6628,0
7401,1
1731,0
937,1
177,1
6112,1
2664,1
4331,1
14063,1
14843,0
8131,1
11362,1
12064,1
15071,1
12169,1
10641,1
1240,0
663,0
3982,1
3261,0
3485,1
547,0
1155,1
7185,1
15150,1
7194,1
14583,1
3053,0
2421,0
10301,1
7111,0
466,1
5783,1
9205,1
4475,0
13212,1
13258,1
13639,1
7474,0
2581,0
10032,1
53,1
1865,0
2877,1
6429,1
557,1
9938,1
6585,1
13735,0
14625,1
14857,1
4975,0
7859,1
14852,0
6399,1
8452,1
12973,0
9260,1
3378,0
1831,1
13072,1
3052,0
14731,0
9611,1
13592,0
5262,1
13730,1
11993,1
6803,1
9351,1
14414,1
10134,0
11007,1
12456,1
7491,1
84,0
5779,0
6293,1
587,1
2550,0
14689,0
12577,1
1833,1
1306,1
12249,1
14538,0
6957,0
13344,1
7824,0
12693,1
7159,0
13299,1
2482,1
9376,0
12316,0
4519,1
3034,0
11593,0
1465,0
11158,1
15219,0
7463,1
6458,1
517,1
6084,1
3232,1
2053,1
4521,1
6054,1
15451,0
410,0
4761,1
5864,1
5948,0
9475,1
5316,1
11491,1
10580,1
11953,1
1518,0
894,1
3740,1
10832,1
2215,0
4646,1
10317,1
2794,1
14710,1
4588,1
6141,1
14062,1
158,0
4007,1
5179,1
10640,1
11413,1
13422,1
11969,1
4305,1
8653,0
10521,1
13225,1
14975,1
12464,1
1432,0
14723,1
9388,1
1297,0
14580,1
11719,0
5043,0
614,0
2765,0
7168,1
14908,1
92,0
10536,1
10751,1
654,1
8018,1
4652,1
14002,1
5041,0
11707,0
2392,1
10818,0
393,1
2940,1
5579,0
12050,1
70,0
6225,1
13668,1
11099,1
13215,1
1238,1
1011,0
1747,1
13485,0
9218,1
10480,1
7867,1
3998,1
15537,1
2780,0
6870,1
5648,1
4369,1
1812,0
9138,1
1827,0
15460,0
710,1
1551,0
3448,1
14108,1
10158,0
10200,1
13388,1
14819,0
914,1
2429,1
11571,1
12946,1
13882,1
13541,1
5009,0
3075,0
4820,1
11637,1
14488,0
3483,1
9683,0
13131,1
583,0
5288,1
8906,1
3214,0
4993,0
7478,0
12961,1
4074,1
5245,1
1000,1
3383,1
14600,0
7376,1
15442,0
1753,1
959,1
12640,0
3716,1
8341,0
13296,1
14919,0
5119,0
11014,1
9596,1
9711,1
3417,1
6753,1
3599,0
4841,0
13254,0
14874,1
5904,1
5738,1
9217,1
14987,0
3427,1
12065,1
4568,1
11925,1
7606,1
14811,0
13869,1
8198,0
2609,0
10523,1
2240,1
11846,1
6469,0
8934,1
11447,1
6159,1
6053,1
6010,0
8304,1
4049,0
6621,1
13709,1
13144,0
6543,1
1692,0
5274,1
1274,1
15133,0
11632,1
4525,1
1618,0
7466,1
14136,0
7713,1
11935,1
5004,0
961,1
12820,1
13685,1
10495,0
2860,1
3308,0
10753,1
12238,1
3778,1
1145,1
13786,0
744,1
11321,1
14661,1
11068,1
14277,0
12944,1
12880,1
998,1
4429,1
14601,1
10160,0
10715,1
10137,0
3834,0
15325,0
12461,0
8951,1
2988,0
2347,1
6864,1
11945,1
12489,0
3893,0
2449,0
14166,1
2476,1
8941,1
251,0
14603,1
11083,1
3707,1
13211,0
6827,1
2379,1
14482,1
8884,1
5817,0
2200,1
12382,1
11428,1
2512,0
657,1
80,1
7145,1
3376,0
8920,1
10997,1
6310,1
2813,0
8605,0
10829,0
14589,1
14202,1
942,0
3400,0
3881,0
1553,1
6677,0
4235,1
2948,1
2857,0
3112,0
14285,0
6829,1
11518,1
11420,1
2424,0
9419,1
8861,1
5933,1
5882,0
11111,1
10474,1
5063,1
2238,1
7944,0
11919,1
7907,1
6370,1
4666,1
3902,0
12159,1
1768,1
6738,0
736,1
9021,1
12757,1
6430,1
2583,1
9436,1
7983,0
6736,0
15348,1
4850,1
7087,1
13933,0
7629,1
14745,0
11088,1
6826,1
15297,0
13088,1
5682,1
4843,0
7997,1
2007,0
3423,1
14980,1
6986,0
6409,0
9255,1
2969,1
12561,1
990,1
14084,1
2360,1
10006,0
7566,0
5748,0
14444,0
9164,0
7565,1
1209,1
6504,0
5033,1
2708,0
1244,0
4473,0
11376,1
7210,0
8565,0
7387,0
7257,1
7128,1
105,1
1659,1
1506,0
11089,1
10912,0
4480,0
10899,1
11496,1
13538,1
11926,1
10172,1
14678,1
8940,1
2566,0
2084,1
14634,1
15300,1
604,1
11427,1
1619,1
5176,1
10802,1
10890,1
1387,1
6190,1
11141,1
12766,0
13356,1
13569,0
7074,1
9498,0
11341,1
3631,1
6863,1
7742,1
6248,1
4476,0
1884,1
12,0
14384,0
10037,1
14683,1
7680,0
606,0
11540,0
12406,1
11845,0
6192,1
5085,1
11363,1
13818,1
13367,1
15117,0
12938,1
14718,1
11268,1
12939,1
7057,0
9939,0
7233,1
14416,1
197,0
11965,1
934,1
13921,1
9619,1
15353,1
1298,1
13283,1
520,1
4995,1
8358,0
8798,1
5209,0
13366,1
7596,0
623,0
8761,0
7678,0
10665,1
14829,0
10398,1
2345,0
9421,1
14452,0
9291,1
9886,1
5988,1
9136,0
3996,1
8550,0
2160,1
5071,1
14659,1
8277,1
3167,1
2298,1
6605,0
5600,0
7275,1
7060,0
1733,0
2718,1
8785,1
8401,1
10485,0
2909,1
3799,1
8525,1
3447,1
13854,0
12066,0
3290,0
1024,1
2141,1
13345,1
6814,1
14715,1
1407,0
5897,1
7666,1
2459,0
5485,1
1450,1
13967,1
1429,1
11990,1
14655,0
10402,1
11042,1
1941,0
12380,1
8681,1
824,1
10104,0
9132,0
9454,1
3042,0
4333,1
3047,1
13659,0
6204,1
12077,1
4117,0
12067,0
13816,1
8874,1
11949,1
1965,1
2349,1
7239,1
13540,1
490,0
13879,1
11346,1
12146,0
12915,0
2683,0
7096,0
5015,1
4865,0
8450,1
6339,0
847,1
14523,1
15105,0
8866,1
13034,1
1269,1
8230,1
5242,0
6001,0
7751,1
11304,1
4852,1
3515,1
1781,0
14104,1
13884,1
8096,0
9708,0
4574,1
15305,1
14532,1
2492,1
7455,1
14001,0
7681,1
4532,1
10426,1
12722,1
1848,1
3017,1
15199,1
11394,1
13908,1
9947,0
5525,1
2339,1
6213,0
13872,0
8711,1
2567,0
12902,1
1834,1
3225,0
15288,1
1602,1
12057,0
1444,0
8163,1
836,1
15142,0
2652,0
11067,0
10765,1
15208,1
12787,1
5001,0
2033,1
13341,1
12842,1
3046,1
1056,1
12172,1
3823,0
14015,1
6467,0
8551,0
7,0
12825,1
7127,1
153,1
15402,0
39,0
8468,0
2124,1
10749,1
7631,1
10230,1
8674,1
10042,1
13725,1
12280,1
6382,1
5727,1
10077,1
28,0
7192,0
6290,1
7146,1
6152,1
6135,1
566,1
8967,1
6615,0
6622,1
3546,0
3341,1
8044,1
446,0
3436,0
8054,0
6676,1
7823,1
722,1
3661,0
2932,1
1880,0
11082,0
52,1
4265,1
13385,1
8191,0
2156,1
4307,1
9653,0
13719,0
13360,1
11122,1
279,1
12218,0
13012,1
7413,1
7886,1
12803,1
7155,0
14591,0
9393,1
6599,0
12876,1
10224,1
12375,1
10795,1
5609,1
2853,1
8794,1
8880,1
5374,0
13931,0
12846,1
7539,0
12921,0
270,1
10621,1
1580,0
7830,1
5716,1
6025,1
12827,1
9636,0
9707,1
1657,1
12676,0
12835,1
2113,0
11442,1
14717,0
7639,1
7354,1
1767,1
3745,1
12952,0
7787,1
9694,1
4320,1
9827,1
13962,1
15448,1
14345,1
7251,1
1870,1
14572,1
15469,1
10477,1
7574,0
5522,0
13939,0
14787,1
15417,0
15019,1
3807,1
7812,1
5996,1
4022,1
3366,1
1804,1
1891,0
13489,0
14873,0
11012,0
2245,1
1020,1
10286,1
15493,1
448,0
6938,1
10540,1
3032,1
13723,0
965,0
3606,0
9590,0
6147,1
13513,1
3836,1
14196,1
8835,1
4238,0
11203,1
13301,1
13118,1
9194,1
1598,1
6426,1
5992,1
11198,1
13365,1
2267,1
2278,1
4653,1
221,1
9866,0
7813,0
11421,0
13620,0
1256,0
7580,1
6700,1
9872,0
7044,1
7802,1
10617,1
1148,0
1284,1
5182,1
4168,0
10553,0
172,1
1667,1
4391,1
9353,1
1562,1
2087,1
13129,0
2348,1
7547,0
6902,1
13041,1
9785,0
1801,1
2369,1
3557,1
9490,0
843,0
12282,1
8760,0
2806,1
6447,1
10935,1
7903,1
8571,1
5845,1
8506,1
4346,1
12141,1
14746,0
2535,0
15068,0
7110,0
13828,1
20,1
9948,0
10498,1
1006,0
2297,1
3286,1
2547,1
4223,0
12743,1
10179,1
7274,1
6019,1
2281,1
4158,1
14356,1
3130,1
9127,1
4095,1
12387,1
5198,1
8552,0
3082,1
1611,0
5822,1
4545,0
6869,1
3651,1
2796,1
4752,1
1329,1
5101,0
1146,1
95,1
5983,1
7153,1
