,binaryClass
2427,0
4661,0
98,1
5092,0
4864,1
5203,0
678,1
4708,1
7031,0
4148,1
3679,1
4815,1
5301,1
6720,0
2362,1
3092,1
4777,0
3541,0
5331,0
5829,0
5553,0
1765,1
2232,0
4716,0
399,1
4104,0
1246,1
3251,1
4943,0
6196,0
5392,1
587,1
5424,0
4631,1
1553,1
2664,0
2925,0
2149,0
4613,0
4261,0
6211,0
555,1
4044,1
246,1
4730,0
7059,0
3218,0
692,0
2659,1
1396,0
3894,1
2441,0
809,1
285,0
4254,0
635,0
3012,1
4932,0
5740,1
1540,1
5472,0
6622,0
6435,1
3750,1
789,0
2292,1
5497,0
2742,0
6376,0
5948,1
4487,1
1622,1
3609,1
3492,0
525,1
6095,0
6160,1
2731,1
2725,1
2227,0
5407,1
3291,1
916,1
5159,1
1557,0
2165,1
3300,0
5869,0
4440,1
4962,0
753,1
647,0
2804,0
3829,0
4832,0
943,0
680,0
195,0
2542,0
4096,1
1314,1
2202,1
4322,0
1939,1
1050,0
4403,0
6116,1
3722,1
6517,0
5299,0
2879,1
1951,1
5341,0
3674,1
6799,1
3008,1
2594,1
5264,1
4277,0
1770,0
1219,1
1887,1
151,0
487,1
4282,1
978,1
1238,0
5152,1
242,0
3678,1
4926,0
4327,0
2866,0
1094,1
1022,0
6621,1
3400,0
76,1
459,0
5806,0
5328,1
89,1
4635,1
2003,1
6921,1
2610,1
3566,0
5162,0
3028,1
4849,1
5642,1
1653,1
1210,0
3264,0
6128,1
3743,1
4350,0
4135,1
6014,1
2277,1
5076,1
3449,0
1020,1
2703,0
4906,1
2756,1
1764,1
5731,1
4498,1
3496,1
5709,0
1282,0
950,0
6464,0
1138,1
328,1
939,0
3614,0
225,1
1962,1
934,1
2257,0
3395,0
1628,0
2624,0
5229,0
4525,1
6463,1
6511,1
1428,0
3517,1
4384,1
4690,1
6070,1
4848,1
4092,1
4857,1
2490,1
4250,0
4335,0
6578,1
4482,1
5471,1
6232,0
6683,0
6828,0
4707,0
4971,0
4938,0
1090,0
3756,1
2862,0
3252,1
4377,0
4952,1
2899,0
1320,0
1041,0
3981,0
4605,1
4575,0
4907,0
5643,1
6177,0
6832,1
4527,1
1637,1
2668,1
2036,1
1611,1
1417,1
2584,1
1499,0
561,1
1794,1
733,0
6707,0
2812,0
2499,1
5240,1
2990,1
1851,0
3220,0
30,0
1703,1
5150,0
1893,1
2516,0
6723,0
4116,0
5590,1
4237,1
3989,1
6565,1
3490,1
6459,1
2910,1
3737,0
1697,1
280,0
4488,0
5482,0
980,0
4243,1
2013,0
2440,1
6482,0
7021,1
3173,0
3973,1
3587,0
3424,1
3074,0
198,1
5881,1
6439,1
4959,0
759,1
3552,1
2192,1
6708,1
4446,0
3141,1
4645,0
6913,1
764,1
1667,1
5868,1
2186,0
3858,0
2018,0
6229,1
3042,1
5338,1
3691,1
6203,0
674,1
3510,1
4416,1
3772,1
4077,1
5015,1
3397,1
234,1
3751,0
215,1
2341,0
3416,1
6204,1
2271,0
4240,0
834,1
1830,0
33,1
1352,0
6826,0
3551,0
6359,0
5316,0
591,1
4804,0
4371,1
5980,0
1546,1
3795,0
1735,1
2945,0
3445,1
3954,0
1311,1
3881,0
4646,0
2336,0
6226,0
3746,0
4477,0
6243,0
2113,0
3314,0
1463,0
1030,0
5139,0
6907,1
6082,1
1968,1
1289,1
6755,1
4780,1
4904,0
2160,1
1935,0
4526,0
4308,1
3128,1
6366,1
1227,0
742,0
6444,0
3322,1
1720,1
6677,1
4417,1
4434,1
5377,0
2049,0
6519,1
7057,1
3696,1
1469,1
450,0
5312,1
702,1
4283,1
5285,1
507,0
3950,0
5859,1
5833,1
4674,1
6221,0
1368,0
7116,1
2814,1
6853,0
6094,1
7114,0
3120,0
289,1
4263,0
2706,1
2353,0
6035,0
5773,0
6466,1
6758,0
1539,1
80,1
4301,0
1543,0
1742,0
1538,0
5906,1
1647,1
4034,1
723,1
3160,0
2569,1
235,1
1780,1
2310,1
3997,0
574,1
5802,0
3641,1
461,1
3513,0
5075,1
5698,1
2928,1
5822,0
2936,1
3762,0
160,1
2744,0
6000,1
2800,0
5755,0
5267,1
6839,1
6996,1
4193,0
106,0
1181,0
6672,1
5598,1
2665,1
4212,1
5636,0
2653,1
700,1
1638,1
6665,1
2065,0
5741,0
5813,0
2272,1
2484,0
6542,1
6752,1
5408,0
357,0
325,1
6806,1
3687,0
6230,1
3371,1
2830,1
5421,1
174,0
2792,0
5959,1
1384,1
3780,0
6876,1
6108,1
4420,1
4121,1
5640,1
4010,0
6836,0
5933,1
1783,1
5398,0
4537,0
6522,0
1913,0
6357,1
1172,1
4890,1
1119,1
3340,0
6984,1
3854,1
531,1
2551,1
5974,1
286,0
4357,0
421,1
2648,0
4970,1
3578,1
1008,0
3777,1
7063,1
6121,0
1137,0
3649,0
1888,0
2850,0
878,1
258,1
4426,1
5086,1
5305,0
2116,0
2963,0
1255,1
1336,0
91,1
543,1
2933,1
429,1
1573,0
5950,0
1642,0
1613,0
6560,1
5689,0
5988,0
5762,1
6966,0
6877,0
2088,1
7072,1
5221,1
2556,0
3940,1
165,1
1230,0
1560,1
6888,1
3061,1
3456,0
5821,1
2547,1
4641,1
5997,0
4456,0
1288,1
3133,1
5864,1
6427,1
5792,0
3785,1
4415,0
2941,1
1568,1
7105,0
3125,1
6706,0
2006,0
5964,0
2916,0
6926,0
3203,1
2987,1
4232,0
928,1
6819,1
7012,1
1143,0
3792,1
5346,0
2940,0
542,0
5913,1
1215,0
4992,1
5999,1
805,1
3588,0
4775,1
4983,0
6658,1
5270,0
7104,0
5046,1
175,1
4976,1
2835,1
1598,0
7,1
1917,0
5675,0
6102,0
3535,0
2566,0
1872,1
5772,1
3626,1
2930,0
3172,0
936,1
4465,1
5817,0
5871,0
257,1
3863,0
874,1
780,1
3952,0
5491,0
2167,0
1875,1
1762,1
4994,1
4344,1
4286,0
2330,0
1878,1
987,1
1562,0
1258,1
3377,1
1127,0
6378,1
6460,1
4351,0
4898,1
5534,0
1160,1
6433,0
6985,1
5170,0
121,0
4570,0
6325,1
3320,0
5560,1
1284,0
5800,1
4295,1
4574,0
5411,1
3593,0
5135,1
3080,1
4589,1
6005,1
6264,0
825,1
6941,0
3299,0
3083,0
5814,1
6346,0
5954,1
2595,0
5347,1
4800,1
5375,0
1123,1
4827,1
3830,0
3655,1
1060,1
5214,1
5473,0
1999,0
853,0
2194,0
6757,1
1111,1
276,0
899,0
6510,0
6159,0
4749,1
180,1
5399,1
5710,1
2479,1
2803,1
4606,0
917,1
2580,0
2217,1
2497,0
4211,0
462,0
5227,1
6626,1
3393,1
309,1
4089,1
402,0
672,0
2263,1
3280,1
3666,0
676,1
4816,0
7091,1
4032,0
2948,1
3763,1
5201,1
2430,0
6947,0
1502,1
7077,1
196,1
6262,1
3714,0
5850,1
4236,1
1459,1
3380,1
3404,1
4924,1
2005,0
5034,0
652,0
3749,0
4411,0
6852,0
2027,1
2970,0
6373,0
5633,1
6189,1
617,0
149,0
6490,1
2180,1
6552,0
6787,1
2745,1
3499,0
371,0
346,1
6457,1
3778,1
573,0
1472,1
273,1
6361,0
3583,1
5297,0
3005,1
6635,1
2023,1
1630,0
1836,0
4819,0
7022,1
712,1
5927,0
1019,0
3296,0
5552,1
3007,1
6844,0
6657,1
2169,0
3489,0
1623,0
5371,0
5484,1
406,1
6344,0
334,1
5694,0
2131,1
451,1
5747,1
681,1
7075,0
6987,1
5734,0
1838,1
5209,0
1910,1
3776,1
7019,0
1073,1
3758,0
6743,0
2260,0
2509,0
704,1
2492,0
4294,0
3195,0
2994,0
1578,0
6044,1
1607,1
3402,0
5008,0
5661,1
1427,1
4670,0
5296,1
277,1
2905,0
2190,0
1360,0
762,0
3639,1
6134,1
318,1
1473,0
2448,1
3526,1
2370,0
990,0
6235,0
7120,0
6345,1
614,1
6968,0
1547,1
6493,1
1669,0
1503,0
4968,0
1156,1
3949,1
4241,1
2816,1
5733,0
293,1
4255,0
2852,0
6576,1
637,0
6057,1
3417,1
6646,0
2629,1
5544,1
5860,0
2696,0
64,0
5793,1
4743,0
4873,0
201,1
2576,0
5775,1
6438,1
2782,1
5892,0
4218,0
3956,0
3481,1
2245,0
873,1
3979,1
965,0
1566,0
3521,1
3670,1
4490,1
6850,1
5825,1
1419,0
4361,0
1911,1
5679,0
841,1
4285,1
509,0
2611,1
1200,1
3716,1
5475,1
3833,0
4711,0
772,0
2269,1
3215,0
1808,1
5991,1
3506,1
3941,0
544,1
137,0
751,1
4618,0
7085,0
5972,1
3390,0
1715,1
732,0
1958,0
3153,1
1956,1
4534,1
111,1
4931,0
5120,1
3477,1
2010,1
2887,0
2922,1
6870,0
220,0
6534,0
2989,1
3193,0
6625,1
2720,1
2513,0
623,1
6068,1
1371,1
5370,1
5721,0
5754,0
5147,1
2794,1
5163,1
255,0
4949,1
6174,1
3394,0
3266,1
4614,0
4902,0
6494,1
4993,0
5757,0
3298,1
3946,1
3040,0
4158,1
3326,1
5718,1
5249,1
4548,1
4156,0
5546,1
6903,0
5352,1
3206,1
3391,0
855,1
6153,1
5845,0
2340,1
6142,0
1364,0
3483,1
4051,0
6638,0
5758,1
2164,0
2024,0
3976,0
6184,1
263,0
854,0
5671,0
6296,0
6492,1
2927,0
2267,0
6611,1
1659,1
2297,1
2475,0
339,1
4055,1
456,0
5355,1
1842,1
2406,1
67,1
4006,0
4328,1
2616,0
807,0
3891,1
1696,0
2129,0
4768,1
4805,0
2347,0
203,0
6587,1
4003,1
6099,1
1997,1
2159,0
4151,0
4265,1
1739,1
4166,0
1747,0
4784,0
1605,0
2209,0
6615,1
5778,0
2241,1
6780,0
1816,0
3530,1
2662,1
6332,1
6335,1
2997,1
4150,0
5556,1
6766,1
3373,0
2902,1
6919,0
2173,0
6818,1
5366,1
6067,0
6802,1
2854,1
1904,0
1996,0
2294,1
6026,1
2175,1
1455,1
5280,0
5595,1
3132,0
3356,0
3961,0
5631,1
1784,1
4532,0
2252,0
2412,0
4067,0
6130,0
3337,1
4379,1
5263,0
691,1
3430,0
3168,1
921,1
668,1
4458,1
5089,0
5521,1
4210,0
2971,1
4869,0
2992,1
3170,0
6694,1
2752,1
2254,1
4934,0
5189,1
3939,0
1407,0
2565,1
5165,1
5298,1
1057,1
1265,1
184,1
4616,1
848,1
2317,0
358,1
2828,1
5198,1
1995,1
1777,0
4798,0
4021,1
2334,1
214,1
7052,1
3765,1
5592,0
1382,1
2148,1
1353,1
1438,0
44,1
4274,1
1492,0
2207,1
1318,1
3011,1
3622,0
7111,1
69,1
2888,0
6849,1
2923,1
5572,0
2100,0
4152,1
811,1
4122,0
5322,0
5363,0
938,0
6701,0
6778,0
2650,1
1114,1
2522,1
3409,1
307,1
4454,1
4887,1
931,0
2379,0
5109,0
3202,1
3544,0
1748,1
4298,0
6071,0
6692,0
4930,1
1545,0
4414,1
6716,0
706,0
791,1
14,0
2304,0
6998,0
6727,0
3647,1
25,0
5281,1
326,1
4883,1
2705,0
2216,0
5797,1
4737,1
354,0
6418,1
897,0
6170,1
1879,0
505,1
39,0
4619,1
4048,1
1331,0
4400,1
6605,0
128,0
860,0
1449,1
3697,0
1512,1
6089,1
686,1
6393,1
6995,0
394,0
4045,1
2686,0
2649,1
2090,0
2121,1
6886,1
377,0
4698,0
1569,0
2759,0
5262,1
4669,1
2517,1
3339,1
6447,0
6188,0
3606,1
1809,0
2991,0
1169,0
2858,0
4004,1
2375,1
6982,0
5288,1
2417,1
330,0
5561,0
5081,0
2378,1
5043,0
3183,1
6282,0
1528,1
5511,1
5146,0
1205,1
6421,1
474,0
959,1
6822,1
1263,0
502,0
2040,1
6338,0
3457,1
5123,0
2539,0
3267,0
801,1
2127,1
1897,0
1349,0
5591,1
5970,0
7067,1
2062,0
3059,1
3485,0
4724,0
1862,1
5922,1
55,1
1113,1
1640,0
835,0
5520,1
2290,0
2998,0
3046,1
758,0
5607,1
6873,0
219,0
3621,0
166,0
6087,1
361,1
730,0
6458,0
856,0
3889,1
6756,0
6208,1
2352,0
4622,1
6562,0
366,0
432,1
2437,0
1761,0
6627,0
1746,1
97,0
4936,1
6679,0
2737,1
5070,1
1763,0
5261,1
3316,1
4988,1
3523,0
5066,1
1741,0
5200,1
1081,0
3269,0
1423,0
5596,0
1402,1
4592,1
4204,1
1221,0
5067,0
1814,0
2746,1
173,1
15,1
3201,0
6002,1
2384,0
5692,0
4011,1
6650,0
348,0
2964,1
4844,0
1877,1
1506,0
6835,1
4186,0
2582,1
1912,0
90,0
5854,0
1671,1
901,1
1224,1
1243,1
4345,0
6222,1
3847,1
471,1
1259,0
6858,0
3654,1
1803,0
5345,1
158,0
913,1
5383,1
5569,0
2829,0
5098,0
3874,1
7042,1
481,0
3107,0
4723,0
6523,1
425,1
4506,1
422,0
2722,1
6940,1
634,1
3421,1
3068,1
4524,1
2422,0
189,0
4457,0
2791,1
1967,0
4734,0
3018,1
2078,0
3543,1
3044,1
5184,1
5771,1
6695,0
4107,0
5173,1
2798,1
3700,0
4979,1
3156,0
3856,1
3433,0
545,1
3245,1
984,1
5397,0
6467,1
565,0
6468,0
3594,1
5983,1
4721,1
5514,0
2416,0
8,0
70,0
5819,0
1275,0
6126,1
5091,1
629,1
6956,1
1489,1
6064,0
5420,0
6988,1
6197,1
5102,1
6370,1
5009,1
1347,1
4437,1
673,0
1239,1
6550,0
5700,1
537,1
1167,1
2283,1
6772,0
2863,1
3479,1
1651,0
6584,1
5088,1
5896,0
3760,1
1482,0
40,1
4964,1
5639,1
1600,0
4373,0
7054,1
2795,0
5921,0
4955,0
2142,1
1394,0
5767,1
5746,1
4588,0
5388,0
3991,1
1292,0
4412,1
2602,0
6250,0
4136,0
2937,0
5217,0
4975,0
428,0
5705,1
6137,0
5624,1
1587,1
3469,1
2035,0
1485,1
4267,1
638,1
4182,0
5037,1
4611,0
5113,1
524,0
4009,1
3213,0
7010,0
5035,1
3181,1
3015,1
2747,0
508,1
944,1
3376,0
4514,0
4213,1
3234,0
418,0
2867,1
1823,0
1087,1
1168,0
1632,1
3591,0
6383,1
5713,1
6150,1
144,1
266,1
1296,1
5502,1
2895,0
619,1
992,1
5820,1
3221,1
4424,1
6674,1
4385,0
6618,1
1322,1
5625,1
958,1
4088,1
3254,0
1964,0
6589,0
3538,0
4560,1
5779,1
1743,1
983,0
2053,1
6566,0
4868,1
2708,0
4276,0
5967,1
711,0
4208,1
3144,1
923,0
4395,0
1002,1
200,1
4684,0
6351,0
4039,1
6062,0
392,1
1016,0
6385,1
5176,0
3034,1
5866,1
1895,1
2896,0
832,1
3708,0
2732,1
4503,0
1321,1
4823,0
5885,0
1673,0
3791,0
5044,1
1778,0
5538,1
3901,1
5185,0
6304,1
2222,0
6320,1
1012,0
2397,0
2552,0
3272,0
5725,1
4111,0
4704,0
1523,0
317,0
2033,0
1191,0
2051,1
2491,0
6914,0
3825,1
3242,0
4706,1
4467,1
5541,0
2676,0
1399,0
1691,0
5621,1
4753,1
6341,0
6281,1
6935,0
4633,0
6448,1
549,1
2483,0
5533,0
1572,1
1629,1
387,1
5973,0
516,1
3980,1
3330,0
5095,0
5918,1
3754,0
3582,1
2382,1
480,0
5233,1
3967,1
7115,0
2366,0
3154,1
1625,0
2223,0
112,0
5199,0
3933,1
4195,0
4673,0
2593,0
5038,0
4023,0
4867,1
4914,0
3071,0
4858,1
2578,0
2204,0
1822,1
4523,0
4767,0
6549,1
5566,1
2833,1
1345,0
5325,1
1393,1
1948,1
3644,1
2697,1
787,0
1225,1
2596,0
2196,1
7005,0
3167,1
594,1
5589,1
6455,0
2681,0
5014,0
5219,0
4429,1
3875,1
4774,0
118,0
6866,0
7023,1
6509,0
6172,0
3052,1
77,0
444,1
3209,1
5968,0
3501,1
4273,0
1668,0
562,1
1300,1
1453,0
2767,1
4155,1
5364,1
4070,1
3341,0
2147,1
3216,1
2538,1
5340,0
2106,1
6798,0
5605,0
722,0
4797,0
5194,0
5910,0
6245,0
6434,1
4399,0
2372,1
5638,0
4081,0
4005,0
5574,1
4082,0
2016,1
3100,0
7001,1
5357,0
4886,0
4572,1
4109,1
2912,0
1918,1
1532,0
6955,1
6918,0
952,1
6252,1
375,1
7065,1
6323,0
108,1
1332,0
1068,1
6499,1
6688,1
7055,0
2893,0
403,1
2238,1
1966,1
2875,1
6508,1
4837,1
3807,1
2028,0
4101,1
5517,1
4642,0
1636,1
2274,1
1470,0
4022,0
2931,1
5542,0
3346,0
4304,0
2914,0
5786,0
5839,1
4172,1
5026,1
2253,0
4538,1
4719,1
2312,0
338,1
301,0
2365,0
4185,0
2966,1
2808,1
4325,0
4177,0
2438,1
2057,1
1965,1
2982,1
57,1
2055,1
3773,1
1373,0
382,0
4903,1
2623,1
653,1
1727,0
4536,0
3910,0
5126,0
5275,0
3147,1
822,0
2514,0
5423,0
4293,1
996,1
2373,0
7119,1
2094,1
1182,1
6055,0
5750,0
1136,1
247,0
3351,0
1061,1
6084,1
2541,0
5799,1
2781,0
2836,1
4278,1
1719,0
2392,1
5477,0
3683,1
3332,1
7073,1
1166,1
1207,0
4750,1
3286,0
3826,1
3985,1
2820,1
6079,0
2386,0
2750,1
6217,1
6959,1
3581,0
3475,1
1755,1
1410,1
2056,1
5022,0
2955,0
2262,1
213,0
5040,1
5134,0
595,0
1947,0
1326,1
2163,0
3051,1
794,0
5072,0
6491,0
796,1
3580,0
119,1
4825,1
3425,1
4694,0
2250,1
1694,0
3101,1
6807,0
1928,1
1,0
3246,0
3454,1
1577,0
5445,1
2022,0
194,0
4183,1
6954,1
6647,1
20,0
4310,0
1556,1
5158,0
479,1
5795,0
2526,1
536,1
1133,0
3265,1
5832,0
3573,0
5684,1
2459,0
2395,0
4494,1
4225,1
5986,0
2434,0
2439,1
1483,1
2956,0
4217,1
605,1
1125,1
208,1
291,0
985,0
4374,0
3396,1
2118,1
924,1
1769,0
1985,1
842,0
7058,0
4331,1
4341,0
3640,0
5522,0
2093,0
2187,1
4123,0
4496,0
6559,1
1461,1
2339,0
5247,1
6181,0
5080,0
1942,0
2734,1
3953,1
880,1
7086,0
3574,1
1226,0
2642,0
6599,1
5604,1
2946,1
859,0
1873,0
511,0
6202,1
1972,0
5916,1
4957,0
1223,0
627,0
131,0
3702,1
4130,0
4718,0
5108,0
2288,1
4132,1
5549,0
188,0
4953,1
5403,1
3357,1
6957,0
4879,1
1366,0
2389,0
3035,1
1025,0
5455,0
484,1
1308,1
1713,0
5143,0
4472,0
567,1
4131,1
3684,0
177,1
5680,1
3738,1
4621,1
6012,1
4209,0
1070,0
6971,1
3677,0
6405,1
6228,1
250,0
3403,1
4419,0
2128,0
4712,1
1209,1
74,1
982,0
3512,0
1440,1
5614,0
1006,1
1654,1
237,1
6103,0
886,0
7050,0
2359,1
6527,1
71,1
6792,0
2525,1
1447,1
1298,0
1343,1
3072,1
4418,0
3671,1
2869,0
3645,1
526,1
264,1
2634,1
6331,0
4877,0
6847,0
2505,0
3662,1
4309,1
308,0
4329,0
6224,1
6586,0
6008,0
1701,1
2052,1
888,1
726,0
6557,1
1383,0
6950,1
5785,1
1009,0
5021,1
6811,0
7002,0
1579,1
2327,1
590,0
2324,1
3323,0
3757,1
7107,1
5837,0
2679,1
4660,0
6164,1
1680,1
1465,1
4058,1
6400,1
6962,1
353,1
6805,1
5430,0
5993,1
1889,1
1730,1
4664,1
4343,1
4700,0
615,1
504,1
5440,1
1130,1
4312,1
5984,1
1101,0
2244,1
161,0
3965,0
3628,0
446,0
6904,1
6118,1
3942,1
6670,1
2251,1
1042,0
5169,0
2666,1
2692,0
4835,0
4073,0
6516,1
1083,1
5239,1
6997,0
4649,0
2457,1
4691,1
3043,0
945,1
6724,0
5251,1
4599,1
5151,1
5958,1
4856,0
6702,1
1189,0
6077,1
413,1
1789,0
3698,0
292,1
3542,0
3078,1
3525,0
4233,1
718,0
596,1
749,0
4072,1
5454,0
6588,0
1954,0
167,1
3047,1
368,0
26,0
4057,0
3331,0
765,1
3637,1
650,1
1065,0
3816,1
5894,1
847,1
885,1
85,1
1409,0
4901,1
3207,0
625,1
3884,0
6018,0
103,0
5580,0
6939,0
4714,0
3386,1
3741,1
5053,0
5232,1
6080,0
997,0
5136,0
4391,1
1552,1
5256,1
3546,1
6951,0
1102,1
523,0
6038,0
6253,1
5512,1
5093,1
6036,1
2387,1
311,1
4080,1
1487,1
5720,1
2481,1
3022,1
7118,1
6546,0
1510,1
3354,1
5218,1
3009,0
3158,1
6369,1
3112,1
6653,1
5327,0
5101,0
63,1
5763,1
2060,0
707,0
5339,1
2091,1
2323,0
5765,0
323,0
5662,1
2813,1
4612,1
6771,0
1031,1
5468,0
356,1
5524,1
5830,0
5028,0
4787,0
5479,0
300,0
4792,1
239,1
1788,1
5161,0
6340,0
803,0
2307,1
2081,0
5284,0
5816,0
5004,1
2921,0
2193,0
45,0
6912,1
1187,1
5372,0
252,0
5608,0
1018,1
6596,1
2515,1
5073,1
4202,0
1621,1
120,0
5676,1
3959,1
7016,1
5635,1
5469,1
3223,1
4249,1
1274,0
802,1
4493,0
5909,1
5059,0
2460,0
1252,1
3436,1
3359,1
5923,0
6619,0
1037,1
6994,1
5307,0
2523,0
2619,0
1603,1
1599,1
6654,0
2086,1
3184,1
5932,0
6354,0
2849,0
4789,1
3064,0
6934,1
4986,0
6932,1
5485,0
4647,1
2461,1
1062,0
4581,1
125,0
1171,1
5382,0
3715,0
1245,0
3906,0
2605,1
3680,0
546,0
6748,0
5872,0
6623,1
581,1
2421,1
6096,1
5196,1
2228,1
1854,1
4363,0
2371,0
4762,0
4428,0
2901,1
5619,0
3914,0
3845,0
1302,1
2369,1
763,0
4059,0
909,1
890,1
1508,0
942,1
6453,0
2675,1
3366,0
6100,1
4866,1
207,0
490,0
2968,1
925,0
6093,0
5751,1
204,1
1266,0
2790,0
4462,1
1898,1
3434,0
892,0
616,1
6367,1
6782,0
2077,0
4610,0
1434,0
695,1
2210,1
961,0
3,1
232,0
4372,1
383,1
4836,0
2780,0
4375,1
2120,1
3798,1
656,1
5873,1
1390,1
1608,1
3461,1
3627,1
4683,1
1943,0
5790,0
193,1
5313,1
3026,1
4167,1
1520,1
2677,1
1401,1
1004,1
5376,1
568,1
3076,1
4271,0
4812,0
1891,0
1969,1
3562,0
6837,0
2255,1
2177,1
4028,1
6532,1
1214,1
170,0
4360,1
2134,1
3668,0
6042,0
3699,1
6721,0
4596,1
1580,0
4491,0
2346,0
3274,1
2564,1
6813,1
1886,1
6377,1
7076,0
2702,1
4653,1
2591,1
1657,0
5781,1
2493,1
486,0
6977,0
2588,1
1620,0
2604,0
5404,0
4806,1
5379,0
3498,1
6524,1
1464,1
7110,1
1561,1
2004,0
3063,1
436,0
3923,1
4958,1
4554,0
1391,0
46,0
1430,0
532,0
6928,1
6163,0
226,0
4562,1
5615,0
2034,1
1277,0
3301,0
3243,0
4722,1
5374,0
6246,1
933,1
6779,1
2704,1
3279,1
2678,0
4260,0
3030,1
5368,0
4001,1
5208,1
5646,1
1179,1
4933,0
4175,0
4550,1
6337,0
6897,0
4583,0
262,0
3478,0
24,1
4033,1
6207,1
776,0
2557,1
3584,1
1082,1
6909,0
975,0
4061,0
1643,1
554,1
5148,1
5862,1
5812,0
5925,0
2356,1
6397,1
4995,0
416,0
3766,1
3137,1
5414,1
679,0
1633,0
2855,1
583,1
2236,0
4103,0
6563,1
3062,1
3041,0
2837,0
1726,1
4129,0
3713,1
4313,1
2146,0
5492,0
4137,1
5023,1
4897,0
6717,0
359,1
4441,0
4735,1
5657,0
4678,0
3518,1
4098,0
1460,1
6795,1
2979,0
5042,0
34,0
2651,0
3318,0
5545,0
6673,0
3527,1
4889,1
3230,0
3165,1
6666,1
5858,0
4461,1
4483,0
3200,0
1185,1
5764,0
514,0
6868,1
324,0
675,0
4187,0
4751,1
2842,1
5220,0
576,1
4259,1
5458,0
3898,0
792,1
4292,1
3876,1
602,0
4748,1
6597,0
4244,0
4945,0
1759,0
1660,0
4480,0
2920,1
6558,0
4553,0
3960,1
4710,1
6820,0
2559,0
1740,1
4042,1
1131,0
3405,1
6895,0
6154,0
969,0
6474,0
5426,0
3190,1
883,0
6614,1
5186,1
5702,0
6411,0
6746,0
1088,0
4915,1
41,0
6890,1
836,1
419,0
863,1
4703,1
3401,1
6606,1
1988,1
3471,0
2572,1
4510,1
4228,0
2709,1
1190,0
1496,0
5583,0
882,1
1927,0
1310,0
1601,1
3575,1
2827,1
529,0
3705,1
4557,1
2988,0
138,1
3306,0
6687,0
3924,0
1501,1
750,0
6759,1
1117,0
1063,1
3690,1
1250,0
4960,1
3802,0
3883,0
1544,1
6952,0
973,0
5723,1
840,1
4899,1
6180,1
7081,0
4378,0
1201,0
6220,1
6645,1
2039,1
6303,0
7097,0
3437,0
3088,1
6065,1
6602,1
1293,0
3817,1
4280,0
329,1
5975,1
1328,0
1991,1
6450,1
6916,1
696,0
2690,1
5796,1
2156,1
5711,0
2298,0
1406,0
2799,1
363,1
6380,0
2976,0
5934,0
626,0
1377,1
788,1
3560,1
1229,0
7095,1
3247,0
2531,0
4828,0
2402,0
1139,0
1797,1
6415,1
93,0
1462,0
4402,1
1236,1
4905,1
5668,0
6610,1
4766,0
1754,0
7003,1
642,0
2221,1
2401,0
1855,0
5453,1
2967,0
270,0
5730,0
4543,1
249,0
3325,1
1344,0
6477,1
4347,1
2415,0
4189,1
1109,0
570,0
5456,1
1212,0
2103,0
1075,1
4927,0
3572,1
1618,0
5140,1
415,1
1685,1
2555,0
6593,0
1155,0
3724,1
3771,0
3577,0
3166,0
1975,0
7070,1
5204,1
3880,1
727,0
816,1
6214,0
4106,0
2176,0
2133,1
6541,0
4913,1
1946,1
5311,0
5874,0
5659,1
3752,1
6461,0
5478,1
5550,1
2660,0
4370,0
5856,1
2774,1
5683,1
3971,0
2067,1
6419,1
3812,1
6545,0
2761,1
3712,1
1174,0
1548,0
4110,0
3486,1
2215,1
4824,1
1916,1
6829,1
6607,0
2233,0
5195,1
2080,1
908,1
2322,1
725,1
5183,0
5695,0
4504,0
4617,1
5907,0
2558,1
2615,0
4911,0
5253,0
4405,1
5077,1
1158,0
5831,1
1806,0
4814,1
4736,0
4744,1
5156,1
294,0
4585,1
3536,1
4701,0
2884,0
1894,1
6908,0
5250,0
5438,0
2600,1
1687,0
1474,1
3099,1
3362,1
12,0
2136,1
5243,1
6476,0
1881,0
2536,0
1530,0
3882,1
815,0
4918,1
5681,0
6986,0
3630,0
1676,0
5724,1
5062,0
1656,1
1827,1
857,1
1648,1
2451,1
1813,0
1375,0
798,1
373,1
2286,0
971,1
1675,1
6960,0
2777,0
1924,1
4793,0
3975,0
5180,1
4801,0
3294,1
7014,0
5519,0
2718,0
6104,1
2906,1
5701,0
3568,0
6495,0
5575,0
6922,0
4628,1
703,0
589,0
6265,1
1456,1
4408,1
2969,0
5663,0
6577,1
298,1
2168,0
4314,0
1690,0
4464,0
1091,1
2822,0
2264,0
3681,0
4425,0
2817,1
677,1
5737,0
6613,0
6946,0
2537,1
5963,0
4053,1
3429,1
4470,1
1920,1
372,0
735,1
3912,0
5548,1
5593,0
1829,1
378,1
7068,0
68,0
2354,0
5237,0
3211,1
6678,1
837,0
5474,1
2124,0
517,1
5573,1
3171,1
851,1
7102,1
1330,1
1612,0
6176,1
2368,1
1034,1
4794,1
5848,1
821,0
4019,1
4781,0
5666,0
3408,1
2607,1
5413,0
337,0
75,1
6500,0
6506,0
6144,0
2832,0
4443,1
6352,1
320,0
4191,1
6856,0
5584,1
5332,1
5969,0
2687,1
5012,0
3783,1
6662,1
1199,1
5588,0
209,1
5107,1
599,1
905,1
5995,0
4811,0
1412,0
3827,1
862,0
5224,1
3470,1
4985,1
5465,0
3775,0
4242,0
5344,1
6861,0
2099,1
449,1
2306,0
7108,0
6830,1
4297,0
3497,1
2328,1
3632,1
5699,1
251,1
3321,0
3992,1
741,0
6410,0
3539,1
1348,1
6535,1
3643,0
6507,0
5259,0
6598,0
6513,0
5518,1
5464,1
2071,0
4623,0
2951,1
1475,1
6218,0
2776,1
1493,1
3302,1
6263,0
6777,1
3968,0
6729,1
27,0
2838,1
5717,1
6872,1
388,0
1867,1
618,0
6667,1
5428,0
2206,0
4142,0
3902,1
1791,0
4639,0
1880,1
2622,1
4941,1
322,1
3871,0
5306,1
1477,1
6365,1
3748,1
1723,0
6315,0
4813,0
671,1
3970,1
2495,0
664,0
179,1
6271,0
651,0
1107,1
84,0
5876,0
1818,1
4769,1
3610,1
228,1
210,1
5957,1
5559,0
1445,1
4015,0
5317,1
5852,1
6902,1
6472,0
1309,0
52,1
5651,0
6661,1
1418,0
3768,0
1856,1
3739,1
3977,0
2151,1
3811,0
6604,0
6512,1
2826,1
6019,0
3789,0
6768,0
3929,1
152,0
2691,1
3285,0
910,1
7060,1
6310,0
609,0
2840,1
6441,0
4162,1
1150,0
6072,0
1609,0
1297,1
6789,0
2358,0
6414,0
6157,1
1934,1
3676,0
5258,0
566,1
6925,1
6175,1
3612,1
4165,0
4406,1
3082,0
550,0
6842,0
1033,0
2237,0
598,0
994,1
953,1
457,1
192,1
4099,1
4807,1
5401,1
4451,1
2137,0
216,1
818,0
2900,0
88,0
5434,0
4595,1
564,1
6109,1
5853,1
1796,0
5096,1
2885,1
6360,1
556,0
6234,1
3452,0
5526,0
1197,1
6543,1
95,1
2770,1
349,1
6330,0
3464,1
5006,1
3877,0
3918,1
4531,1
4038,1
6417,0
918,0
915,0
5330,1
5652,0
5513,0
4586,0
2688,1
1017,1
5637,1
4147,1
4773,1
6691,0
588,0
290,0
1120,1
3604,1
5329,1
2235,1
3686,1
2001,0
6390,0
4651,0
4020,0
3872,1
5177,0
1100,1
6185,0
6122,1
1627,1
2904,0
1437,1
4401,1
6452,1
404,1
1704,0
3392,1
1481,1
6760,0
6704,1
139,1
1021,1
1095,1
3695,0
6515,0
2714,0
3620,1
4667,1
49,1
4999,1
411,0
4759,1
3635,0
3349,0
1826,1
2567,1
396,1
5738,0
2335,0
3488,1
5555,0
1015,0
5965,1
6212,1
1495,0
1184,0
2796,0
2420,1
1729,1
2480,0
778,0
190,1
2848,1
1163,1
6753,0
6140,0
2200,0
585,0
1045,1
3148,0
155,1
5212,1
78,1
1035,0
5467,1
640,1
1511,0
7087,1
636,1
6808,1
2046,1
4279,1
6238,1
2453,1
7053,0
1497,1
269,0
3659,1
5728,1
3619,0
379,1
3313,1
5851,0
682,1
4770,0
3467,0
3601,0
1582,1
2924,1
2284,0
6090,0
92,0
2540,1
2857,1
4607,1
3508,0
3420,0
2809,0
6317,1
288,1
6403,0
2682,1
133,1
5653,1
6339,1
535,1
2601,1
1736,0
6186,1
2625,1
3155,0
3832,0
2684,0
1574,1
313,0
553,0
1421,1
2811,1
6894,1
369,1
1585,1
124,0
661,1
799,0
1868,0
563,0
6388,1
4221,1
4489,0
3311,0
4007,1
1616,0
2191,0
3819,1
4676,0
452,0
4745,1
920,0
4939,1
977,1
1957,1
6280,0
5167,0
1262,1
6016,0
1992,0
5130,0
1066,0
2698,0
4740,0
6514,0
1986,0
3642,0
1699,1
7106,0
221,0
4763,1
3602,1
458,1
6006,0
1900,0
4366,0
3197,1
4555,1
3027,1
442,1
4128,1
949,1
5941,0
5787,1
2064,1
72,1
4046,0
4047,1
2021,0
2958,0
114,1
1032,1
4041,0
6529,0
3841,0
1204,1
5490,1
59,0
3121,0
2562,1
6205,1
7024,0
4830,1
2877,0
1228,1
6528,1
2797,1
107,0
3192,1
5119,1
1914,1
230,1
29,1
2502,1
347,1
2433,0
2663,0
1367,0
4677,1
19,1
2716,1
6322,1
4739,1
2534,1
3837,0
5603,1
3441,0
1524,0
3707,1
2652,1
1450,1
3745,1
5495,1
1242,1
1319,1
2535,1
4355,1
4831,1
2139,1
6680,0
782,0
3903,1
206,1
4594,0
6539,1
964,0
3019,1
1981,1
5205,0
4809,0
1317,0
224,0
1431,0
2915,1
4369,0
6656,0
4321,0
1358,1
1388,1
2755,0
6937,0
4871,1
6976,1
2847,0
4381,1
4840,0
4922,1
7009,1
1555,0
6440,0
1080,1
495,0
4133,0
2042,0
4468,0
6201,0
6840,0
6629,0
2455,1
6141,1
2278,1
2952,1
3909,0
4229,0
2510,0
5125,0
5697,0
6031,0
2530,1
2586,0
4604,1
3410,0
4407,0
1286,1
414,1
492,0
1550,0
4937,0
6306,1
5246,0
5776,0
2496,0
5756,1
1802,1
5436,0
1253,0
5168,1
6123,1
4685,0
4697,1
2281,1
2266,1
5536,0
1122,0
5523,0
5304,1
1619,1
3859,0
1355,0
2153,1
1902,1
4201,1
4696,0
7039,1
628,1
2710,0
1476,0
904,0
6471,1
3540,1
3834,1
3240,1
2874,1
1452,1
1001,1
1689,0
932,0
3398,1
2883,1
769,1
6703,0
1084,0
2501,0
2707,1
7043,0
5103,1
3514,0
3446,0
5570,0
351,1
3800,0
1361,1
4438,1
3921,0
5353,0
4365,1
6551,1
5302,0
5041,1
2807,1
3187,1
1140,0
2950,0
1490,1
2861,1
6231,0
1093,0
2112,1
5979,1
6451,1
1395,0
102,0
777,0
3522,1
2442,0
94,1
2637,0
3119,1
4305,1
5912,1
2545,0
5051,1
1554,0
2583,1
1846,0
6075,0
5437,1
1936,0
6098,1
1766,0
1901,0
1392,0
1194,0
4900,0
5049,1
4972,1
3913,0
6191,1
1837,1
6328,0
99,1
5141,1
3098,0
6684,1
6809,1
4421,1
6965,0
475,1
1281,1
53,0
3175,1
2865,1
3305,1
3868,0
1595,0
2107,1
5863,1
3260,0
3450,1
1950,0
6424,0
7013,1
3561,1
4671,1
6859,1
3367,1
2723,0
3458,1
6294,0
316,1
571,1
3317,1
47,0
2775,1
6590,1
344,1
624,0
3999,0
6051,1
5286,0
4757,1
1839,1
4778,1
4117,1
1776,1
2754,1
902,1
2520,1
2658,1
36,1
3176,0
5931,0
1591,1
3379,0
2465,1
4772,1
5405,1
4982,1
287,0
6855,1
3288,0
2363,1
335,1
3797,0
2220,1
4630,0
1491,0
4577,1
1666,1
6930,0
1652,1
2400,1
2155,0
1698,1
3502,1
2978,0
5121,0
4545,0
6336,1
2618,1
6929,1
2980,0
3368,0
3803,1
4656,1
891,0
5099,0
2195,1
4603,0
1339,1
1276,1
6927,1
4894,1
1932,1
395,1
2348,1
3664,0
5504,1
5489,1
440,1
2919,1
6324,1
784,1
5118,0
806,0
1211,1
922,0
1606,0
4860,0
5989,0
2645,0
1516,1
5266,0
147,1
6059,1
168,1
6445,1
6498,1
5138,1
4471,1
667,1
1681,1
3764,0
3143,0
6643,0
871,1
2468,1
3217,1
4094,1
5351,1
519,1
3476,1
3385,1
2319,1
5828,1
3118,1
2962,0
593,0
1305,0
1521,0
2860,1
5962,1
2617,0
333,0
3094,1
2672,1
5336,0
4852,1
1711,1
3312,0
2986,1
734,1
1832,1
6391,1
5128,1
2597,1
5110,1
2700,0
3073,0
6761,0
1405,0
3271,1
3056,1
3275,0
5202,0
4281,0
5760,0
2119,0
1374,0
2029,0
5783,0
4105,1
4951,0
4306,0
2871,0
4817,0
1944,1
4552,1
4269,1
3624,1
4783,1
3935,1
2529,0
5919,0
872,1
2172,1
4181,0
4071,0
6834,0
579,0
3799,0
6969,0
2302,1
6166,0
1869,1
2123,1
3378,1
1617,1
5990,1
2357,1
4316,1
6906,0
4449,1
601,1
17,0
6299,1
6933,1
5818,0
3742,0
5981,1
1488,0
6276,1
7071,0
779,1
4547,0
4448,0
6725,1
6151,0
6697,0
3563,1
2059,1
5005,0
7125,1
5365,0
2693,0
5230,0
3607,0
2886,1
142,0
4093,1
2824,1
3020,0
2621,0
6039,0
2628,1
1369,1
5794,0
3343,1
4064,0
3194,1
4125,1
4205,0
4492,1
2044,0
268,0
6649,1
3590,0
6275,0
4459,1
5769,0
6601,0
1990,0
6898,1
2527,0
5292,1
4935,1
7033,0
3938,0
3016,1
699,1
4776,0
2736,1
3558,0
5190,1
2318,0
1614,1
9,0
3113,0
6481,0
3250,0
2669,0
1908,0
6297,0
4650,1
5938,1
3347,0
6554,1
2376,0
2085,1
2452,0
3010,1
752,0
2845,1
1014,1
6609,0
5462,1
1435,1
2773,1
2351,1
2748,1
1994,1
715,1
4478,1
4433,0
1040,1
7008,1
611,1
6107,0
2977,1
6608,1
376,0
6442,0
5234,0
3432,1
6812,1
1186,1
5739,1
2954,1
6343,1
2075,1
3258,0
2762,0
4637,1
3070,0
906,0
6045,0
4036,1
6553,1
3282,0
1183,1
1721,1
3579,1
5547,0
6066,0
5506,1
1103,1
5578,1
6412,0
3660,0
4102,0
3844,1
1843,1
182,1
5228,1
4544,0
5117,1
101,1
3616,0
4528,1
6146,0
6854,1
743,1
3836,0
4563,0
494,1
3618,1
5349,1
364,1
533,0
5901,0
4445,1
4587,1
5641,0
5826,1
172,1
2470,0
1575,0
547,0
5268,1
2380,1
28,1
4031,1
0,1
4300,1
6041,1
7007,0
528,1
4095,0
2073,1
3491,0
5843,0
5496,0
4590,0
1026,0
6881,1
4799,0
3936,1
2973,0
5682,0
5600,0
4014,1
1665,0
355,0
6765,1
4495,0
3846,0
694,1
1590,1
2880,0
2070,1
6423,1
6290,0
3733,1
3310,1
5703,1
2738,0
5321,1
1639,0
6227,0
4356,0
785,0
1379,1
6714,1
662,0
3648,0
2911,0
1661,0
1047,0
3930,0
814,1
5235,0
2301,0
2511,1
757,1
7122,1
685,0
5811,0
1038,0
3360,1
4519,0
455,1
1819,1
6305,1
7061,1
197,0
6182,1
998,1
3822,1
3438,0
1732,1
5656,0
2050,0
6293,1
3735,0
1153,0
127,1
4479,1
61,0
6063,1
1129,0
979,0
988,0
6147,1
218,0
7079,1
3284,1
698,0
7030,1
6088,1
2214,1
3840,1
2388,1
4248,0
6763,1
2938,1
1973,1
260,0
3244,1
389,0
5055,0
5443,0
3673,1
5431,1
2138,1
4114,0
6620,1
6443,1
1141,1
2413,1
5899,1
6287,0
622,1
6011,0
2577,1
845,1
1644,1
5488,0
66,0
5334,0
2208,0
5510,0
6106,0
3658,1
3495,0
5090,1
2892,0
5260,1
1921,1
3565,1
6257,1
3412,1
1069,0
7089,0
1915,1
1993,0
4164,1
2063,1
5678,0
688,0
4892,0
569,1
5554,1
2518,1
1218,1
5696,1
2276,0
4518,0
6484,1
2740,1
6076,1
6327,0
4439,0
5226,0
3651,1
5898,0
1602,0
559,0
1389,1
473,0
5576,0
6685,0
3838,1
3784,1
5061,1
5324,1
6030,0
3287,1
2058,1
4820,1
5287,1
1738,0
336,0
3984,0
3866,1
5019,0
6001,1
2563,0
2482,1
4257,0
4126,1
1425,1
6105,0
6113,1
6049,1
3873,0
6425,1
6148,1
6882,0
4339,1
6422,1
4521,1
6349,1
5672,1
981,1
1055,1
1115,0
4654,0
150,0
607,1
1108,0
4655,0
5847,1
6767,0
903,0
4450,0
1279,0
4998,1
1420,0
3435,1
3531,1
4872,1
1471,1
4987,1
4188,1
5319,1
6632,1
5849,0
1372,0
3096,1
6713,0
3665,1
6579,0
3511,1
819,1
6540,0
6574,1
3295,1
6547,0
1722,0
586,1
6497,1
1439,0
1963,1
5736,1
1650,0
3002,0
5333,0
5210,0
621,0
4648,1
6803,0
3037,0
5587,1
1335,1
7037,1
6920,1
4984,0
7034,0
5052,1
5255,1
5326,1
4398,0
5971,1
665,0
1926,1
5571,1
3480,0
1979,0
2810,1
2477,1
3852,0
6060,1
5104,0
6480,1
4755,1
1949,0
1342,0
962,1
4076,1
332,0
5461,0
4535,1
2068,1
995,0
1365,1
867,1
1683,0
3682,1
5804,0
6114,0
4453,0
6139,1
6624,0
4153,1
6938,0
6312,1
1677,1
2410,1
4290,0
3058,1
4746,0
2279,0
4876,1
2219,0
3139,0
37,1
2082,1
1500,0
3442,1
2325,1
4967,1
4699,1
2161,1
390,0
5476,0
6183,0
6698,0
3986,1
3505,0
5777,1
754,0
1273,0
314,0
4578,1
4853,0
3723,0
7093,0
3353,1
126,1
1126,1
7038,0
4460,0
4663,0
7006,1
3550,1
154,0
5623,0
1812,1
7126,1
6715,1
6013,1
6571,0
5225,1
6379,0
5223,0
3850,1
5002,0
1240,0
60,1
6270,1
875,0
2157,1
3399,0
5645,0
2432,1
2711,1
3753,0
5716,1
5529,0
632,1
520,1
2469,0
3605,1
5626,0
5658,1
2487,1
4270,0
1467,1
2162,1
2561,0
5840,1
5105,1
5500,1
6052,0
522,1
1672,0
1773,0
2296,0
2851,1
5003,1
1604,1
3636,1
3104,1
3726,0
5944,0
6091,0
4178,0
4632,0
2587,1
7028,0
3338,0
434,1
1526,1
4223,1
4760,1
6255,1
2429,1
2188,1
3032,1
3406,0
4054,0
4037,1
6639,1
2573,0
6374,0
4382,1
431,0
1404,1
1507,1
31,0
3570,1
3549,1
1906,1
5634,0
2337,1
163,1
6900,1
2045,1
4822,1
1779,1
683,0
4947,1
6047,1
5060,1
1929,1
5770,0
4146,1
6533,1
881,0
6272,1
6054,1
518,1
1850,0
1751,1
6788,0
6009,1
1870,0
4231,1
1865,0
1251,0
644,0
6521,0
4203,1
4215,0
1857,1
5647,1
6775,1
1294,1
2435,0
2007,1
4192,0
4349,1
5527,1
582,0
2199,1
5893,0
448,1
5745,1
4393,0
729,1
7018,0
3387,0
7048,0
410,1
1416,0
5677,1
3524,0
3925,1
968,1
4540,1
4180,1
4090,0
5396,1
5846,0
6889,0
4565,1
447,0
3238,0
187,1
4802,0
1124,0
1376,1
3744,0
914,1
5557,1
5884,0
5976,0
4896,0
510,0
5412,1
5501,0
2568,0
5586,1
1825,0
2647,1
6274,0
783,1
83,1
6120,1
1744,1
6239,1
2788,1
4253,1
6711,1
4296,1
2784,0
2280,1
6536,0
5179,1
1712,0
6483,1
4620,1
4214,0
1385,0
3969,0
6648,1
6793,1
1768,0
1871,1
3055,0
1254,1
1442,0
408,0
4752,0
3241,1
5528,0
100,0
6043,1
2419,0
3907,1
3669,1
2043,1
5435,1
6642,0
768,0
1270,0
5016,1
164,0
4319,1
2934,0
1000,0
2314,1
3586,1
4171,0
810,0
6681,1
5087,0
5877,1
858,1
1750,1
2917,0
467,0
2592,1
4709,1
929,1
483,1
4383,0
1178,0
6948,1
5865,0
2154,0
6675,0
3006,1
5726,0
6797,0
1559,0
4352,0
3865,0
1052,0
299,0
3694,0
343,1
4050,1
2929,0
4499,0
4100,1
2054,0
6722,1
3255,1
6399,0
3567,1
6990,0
1233,1
181,1
4380,0
3893,1
3423,0
4511,0
1810,0
1443,1
4668,0
6069,0
5084,0
3595,0
3191,0
10,1
2695,1
2983,1
4112,1
4239,0
1709,0
1323,1
2823,1
5132,1
439,1
3657,0
3895,0
1260,0
4,0
3199,1
4358,1
4688,0
5966,0
575,1
6092,0
5318,0
2150,0
5842,0
1381,0
2226,0
5998,0
4387,0
5418,0
6744,1
6943,0
1079,0
6097,0
1241,0
5056,1
755,1
4638,1
1426,0
2405,0
5503,0
6682,0
986,1
5213,0
7099,0
6168,0
6101,0
3978,1
3553,1
4732,1
4027,0
6124,1
7040,0
4091,0
1834,0
4845,1
1304,0
771,1
2942,0
5722,0
5732,1
3060,0
405,0
1522,1
4785,1
2733,0
6125,0
4974,1
5902,0
4834,1
2015,1
6396,0
5674,1
331,1
4989,1
6885,0
4875,0
1480,0
42,0
2620,1
3998,1
6595,0
4679,1
1148,0
6473,1
5011,0
2630,0
2240,0
2504,0
5444,1
4431,0
23,0
5494,1
4652,1
1235,0
4362,0
22,1
5124,1
2472,1
2102,1
6980,1
5427,1
3887,0
1805,1
4516,1
3413,0
6690,1
2488,0
5054,1
1180,1
1327,0
1429,1
2715,0
5914,0
5171,0
238,1
1257,0
5955,0
7026,1
2560,1
1337,1
6446,1
6112,0
4219,1
2471,0
2225,1
1444,0
6739,0
13,1
5727,1
5277,0
6199,1
4681,0
2130,1
1513,0
3685,1
3407,0
407,1
738,1
1370,1
606,0
1077,1
4991,0
496,0
3503,1
608,1
4665,1
6564,1
5252,1
4502,0
1542,1
1059,1
5032,0
2458,0
4571,0
2019,1
1592,0
4469,1
5823,0
6334,0
5010,1
1984,0
4695,1
4549,0
823,1
6022,1
5112,1
2355,0
6575,0
3466,0
87,0
1876,0
2834,1
4954,0
4435,0
898,1
3031,1
5961,0
2275,1
3249,1
2261,0
2897,1
6845,1
1159,1
2364,1
342,0
3885,0
3455,0
48,1
5508,0
5020,1
2524,1
1674,1
797,0
2450,1
1295,0
1845,0
2002,1
6700,0
148,1
1731,0
6416,0
6628,1
4476,1
3494,0
1340,1
5815,1
4870,0
2543,1
302,1
79,0
21,0
5206,1
2211,1
6004,1
2349,0
2092,0
1525,1
2870,1
800,0
4288,0
401,1
3328,1
3289,1
6864,1
4084,1
5669,1
2636,1
716,1
2831,0
3136,1
584,0
4686,0
1144,1
3548,1
6816,1
2818,0
3993,1
3069,0
3451,0
557,1
663,1
3917,0
5269,0
398,0
2635,0
1011,0
1792,0
5282,1
6219,1
5441,1
82,1
541,1
5824,1
430,0
96,0
5295,1
5788,0
3951,1
4337,0
879,0
539,0
386,1
2213,0
6709,0
2158,0
1479,1
3196,1
552,0
4859,0
1564,1
4409,1
6127,0
6384,0
5115,0
6518,0
5417,1
5065,0
4841,1
1278,0
5707,1
4626,0
4256,1
3085,1
469,1
747,1
6195,1
7088,1
4948,0
2689,0
2768,0
1071,1
2949,0
4961,0
3225,0
708,1
4505,1
3528,0
5827,0
6321,0
2719,0
4348,1
3849,0
6353,1
5025,0
2819,1
5952,0
3157,1
5276,1
5238,1
3767,1
1724,1
5688,1
1811,1
5215,1
3955,1
2309,1
940,0
1775,1
744,1
4803,1
6814,0
1486,0
1787,1
6728,0
3730,1
2152,0
3329,1
4002,0
766,0
157,1
6200,0
5664,0
454,0
4874,1
6348,1
6857,0
646,1
4643,0
5094,1
999,0
6821,1
2599,0
1859,0
3947,1
5612,0
2041,0
795,1
1800,1
6169,0
4509,0
3787,0
1206,0
5525,1
4733,1
5719,0
1176,0
6961,0
3719,1
2641,1
171,1
6967,1
4463,1
4702,1
5558,0
6931,0
3232,1
775,1
4486,0
1817,0
2456,0
5416,0
1941,1
774,1
5629,1
4149,0
515,0
6823,0
5766,0
3843,1
4143,0
3520,0
5114,0
2224,1
2287,0
5693,1
2743,0
1074,0
6301,1
2449,0
5425,1
3516,0
5857,1
6110,0
43,1
5515,1
813,1
248,1
4891,0
1980,1
3130,0
4508,0
4917,1
423,1
6800,1
2009,1
1414,1
310,0
5350,0
1615,1
4997,0
6437,0
4573,1
6991,0
4160,0
1930,0
4484,1
1959,1
6286,0
3369,1
1306,0
5655,1
2462,1
6572,0
2889,1
5294,0
5406,1
3361,1
435,1
831,0
4779,1
6333,0
5749,1
4115,1
136,0
6696,1
2961,1
3013,0
352,0
3297,0
756,1
159,0
1433,1
2098,1
3823,1
32,1
6020,0
2671,1
374,1
445,0
1441,1
4320,1
6825,0
6136,1
1121,0
4608,0
3650,1
3911,1
3554,0
5978,0
6726,1
4715,1
1056,1
5337,1
6878,1
3661,0
4582,1
265,0
6021,0
5618,1
839,0
5628,1
955,0
2957,1
5630,0
2735,0
6242,1
4066,0
4127,0
1039,1
2494,1
1670,1
3718,1
7074,0
6488,1
4264,0
3556,1
6738,0
3205,0
2984,0
2581,1
5507,0
5257,0
6581,0
2701,0
4392,0
6225,1
5154,0
5667,0
2243,0
1840,0
6486,1
5310,1
5367,1
2674,1
1938,1
1684,1
3473,1
1828,0
6173,0
4323,1
3077,0
6905,1
6555,0
6308,1
7101,1
2757,0
1702,1
5789,1
6244,1
1128,1
877,1
1043,1
2011,0
4833,0
3484,0
5834,0
2423,1
5442,1
6741,1
1586,0
6573,1
2464,0
2614,1
7066,1
1089,0
6165,0
4756,0
4609,1
1098,1
4747,0
3129,1
6669,0
3004,0
1960,1
843,0
1588,0
4447,1
3084,1
2182,0
6179,1
350,0
122,1
3897,1
1454,0
6209,0
6254,0
2789,0
3465,1
5446,0
5613,1
1287,0
2305,1
4410,1
5207,1
5937,0
5050,0
3384,1
2315,1
5378,1
199,0
1231,1
485,0
6686,1
793,0
4000,0
6078,0
6676,0
941,1
5187,1
6735,0
3633,0
2721,0
808,1
824,1
3290,0
3545,0
