,Result
8327,0
10437,1
975,1
4135,1
6430,1
4388,0
573,0
620,1
3700,1
10130,0
4164,1
9318,1
483,0
7817,1
1047,1
3633,0
1300,0
8479,0
9905,0
4754,0
10200,0
3170,1
3460,0
3549,0
4284,0
8219,1
9840,0
1898,1
10911,1
6849,1
9139,1
6775,0
8814,1
4366,1
494,1
195,1
9344,0
1102,0
3699,0
9005,1
6665,1
7591,1
5457,1
3723,0
278,0
487,0
1202,1
9769,0
4048,0
2973,0
6540,0
4875,0
3557,1
10868,0
5111,0
9911,0
2557,1
315,0
7718,1
772,0
11044,1
10404,1
10535,1
6648,0
6625,0
394,1
8107,0
6776,0
1633,1
5554,0
7873,0
7313,1
10742,1
3048,0
5220,0
8614,1
9104,0
5346,1
9711,1
1878,0
7399,1
7588,0
461,0
680,1
6990,1
2967,1
6761,0
1844,0
376,1
2213,0
1284,1
6785,0
7667,1
9133,0
377,0
4224,1
5949,0
3521,0
3417,1
7543,0
5409,0
10109,0
26,0
4286,1
780,0
8320,1
1992,0
8747,0
4313,0
7858,1
10005,1
3800,1
2722,1
191,0
7809,1
10030,1
6628,1
1166,1
1365,1
6515,1
7537,0
8744,0
7540,1
7240,1
6493,0
8847,0
473,1
7278,0
9315,1
633,0
1709,0
3314,0
6314,0
7400,0
5240,1
6891,1
2785,0
6411,0
844,1
4243,0
721,1
859,0
2811,1
8732,1
6629,1
8353,1
10192,1
10263,1
5109,1
10245,1
8707,1
8434,1
9703,0
2416,1
1789,1
10620,0
3046,0
848,0
6020,1
7737,0
3652,1
9597,0
3171,1
4751,0
638,1
9960,0
4487,1
6444,0
5103,0
9540,1
10468,0
262,1
1859,1
4571,0
5597,1
7521,0
2527,0
6186,1
7323,1
8190,0
3987,0
6565,1
5848,0
9672,1
5441,1
898,0
6393,0
10159,1
4031,0
4570,1
2144,0
10987,1
8534,1
5820,0
5518,1
3082,1
7449,0
8357,0
10277,1
612,0
5833,0
6692,1
7905,0
9629,0
811,0
10320,0
10933,1
3597,1
3184,0
4046,0
7364,0
5452,1
268,1
2430,1
2488,1
9690,0
7074,1
1164,1
10057,0
7696,1
1374,0
1524,1
3406,1
10257,1
492,0
7949,0
1729,1
10562,1
1613,1
6073,1
10054,1
7879,0
2649,0
8188,0
1642,0
2222,0
2978,1
3581,0
9372,0
4850,1
7,0
9612,1
8538,0
4510,1
8050,1
9815,0
5263,0
10578,1
9530,1
5689,0
4280,0
5147,0
6482,0
10801,1
5465,1
4672,1
11039,0
8256,1
5931,1
10767,0
3126,1
1957,1
6611,1
3003,0
8742,1
962,1
1117,0
6878,1
1174,0
1816,1
5014,1
10265,0
11036,1
2784,1
9708,1
4338,1
4706,1
8773,0
3530,0
4039,0
8039,1
1258,1
5910,0
8853,1
7826,0
10067,1
9119,0
10670,0
2492,1
4607,1
8261,0
3999,0
8195,1
2990,0
2240,0
423,1
2682,1
9674,1
3472,1
8390,1
3856,0
7790,1
8573,0
7472,1
2898,0
2140,0
10400,1
10212,1
5064,1
1424,1
5156,0
806,0
2701,1
6035,1
5846,0
1025,1
7497,1
517,1
6614,0
10511,1
5106,0
9446,1
9791,1
8451,1
3083,0
9453,1
9697,0
7795,1
4412,0
8018,1
9943,1
9045,1
3641,0
4801,1
3834,1
8121,1
9155,0
634,1
86,0
2677,1
719,0
2939,1
2189,0
6392,1
801,0
1924,0
7855,0
6907,0
1809,1
9316,1
8774,0
5423,1
8202,0
827,1
7377,1
865,1
8521,1
560,1
9820,1
540,0
10869,1
1667,1
10033,0
7531,1
9365,0
5460,1
428,1
4771,1
393,0
10525,1
2871,1
6583,0
10325,0
10770,0
8495,1
1328,0
10962,0
8175,0
10477,1
9855,1
4119,1
7829,0
2449,1
4422,1
10393,0
7083,0
3946,1
10800,1
8815,1
2006,1
8365,0
4499,1
1823,0
5276,0
10021,0
8827,1
3290,1
11024,1
225,0
5917,1
6152,0
2780,0
10726,0
10396,1
11050,1
6149,1
2145,1
10592,1
3141,1
6547,1
1798,1
6219,0
4945,1
5121,1
8360,0
8310,1
1737,1
7414,1
5386,0
4540,0
8994,0
6416,1
4212,1
5801,1
10624,1
7671,1
5332,0
1494,0
9366,0
9150,1
6214,0
3677,0
10778,0
5761,0
9647,1
3618,1
238,1
313,1
5261,1
9370,1
1659,1
10687,1
4409,0
6194,1
10961,0
1402,0
3174,1
5744,0
10707,1
10151,0
7758,0
8816,1
9835,0
1664,0
5160,1
408,1
3208,0
4,1
9181,0
7772,0
5508,1
7629,1
9124,1
3233,1
2040,1
672,1
9200,0
1489,1
4653,1
9806,1
1465,1
2436,1
6425,1
7933,1
10472,1
10870,1
4735,0
8388,1
5198,1
6185,0
2725,1
3127,1
5930,1
10991,1
234,1
3917,1
7059,0
5485,1
7287,1
1860,1
10181,0
5249,1
2067,0
3455,1
3552,0
6935,0
3564,1
6496,0
1867,0
7530,1
5804,0
4903,0
7954,1
2391,1
4597,1
7937,0
7964,1
2085,1
6316,0
5228,1
2199,1
4856,0
4270,0
7961,0
3956,1
5524,1
2948,0
6512,1
7476,0
656,0
9918,0
666,1
3951,1
1626,1
73,1
3678,0
7141,1
5979,1
2512,0
10091,1
10217,1
9158,1
9141,1
7597,0
4176,0
167,1
2031,1
3380,1
2587,0
9106,1
7196,1
5628,1
4656,0
7645,1
7169,1
10352,1
8058,1
8727,0
4642,1
3792,0
2293,0
3459,0
5442,1
3283,1
8242,1
9796,1
9393,0
4612,0
9448,1
6078,1
3199,1
206,1
7256,0
7468,0
5046,1
10113,1
3317,1
9112,0
8743,0
446,0
9275,0
2036,0
4211,1
3845,1
10659,1
3443,0
9910,1
10584,0
9718,0
8158,1
6024,1
10370,1
10259,0
10222,0
4131,1
3774,0
5150,1
8197,0
7033,0
3866,0
7102,1
4235,0
8165,0
7883,0
10433,0
7027,1
1943,1
9837,0
1899,1
5550,1
5724,0
8778,1
4614,1
6340,1
9241,0
7604,0
2155,0
2401,1
863,0
4823,1
6910,1
9670,0
1918,0
6463,0
7349,0
6657,0
6235,1
5502,1
10356,0
3273,1
285,0
1184,0
5315,0
8015,1
8348,1
4379,1
1985,1
5576,1
960,0
8863,1
5880,1
9223,1
9754,1
2981,1
10359,0
2493,1
10470,0
6331,1
1463,1
10348,0
774,1
8876,1
2225,0
1542,1
1920,1
43,0
4992,1
715,1
2434,1
4344,0
9534,1
1639,1
4940,1
8293,1
2834,0
9380,0
5151,0
1150,1
3553,0
8748,0
1889,0
4441,1
7266,1
3371,1
5696,1
3957,1
9279,0
4881,0
10781,1
3089,1
9374,0
3198,0
4086,1
6635,1
10095,1
9995,1
3275,0
5652,1
484,1
2183,1
8281,1
357,1
9145,0
344,1
10873,0
2738,1
9892,0
9220,1
7324,1
2421,0
9865,0
6432,1
9760,1
382,0
8912,0
10467,1
1528,1
4929,1
3469,1
4719,0
8228,0
2903,1
2299,1
8995,1
3879,1
10777,1
9701,0
7501,0
5099,0
4931,0
8288,0
9069,1
6900,1
5169,0
830,1
3582,0
10313,1
1224,1
4000,1
9467,0
4486,0
7705,1
8173,0
10475,1
8504,1
10555,1
230,0
8185,1
907,1
4166,1
5055,0
7745,1
6780,1
4275,1
4419,1
2732,0
5329,1
5595,1
1781,1
1028,0
2553,0
922,1
1566,0
6739,1
6717,1
1772,1
8193,0
7840,1
5077,1
4527,0
8665,1
7697,0
8397,0
7606,1
765,0
3147,0
10595,1
6312,1
318,1
5455,0
9925,0
3882,0
4886,1
6118,1
9154,1
2143,0
6989,1
3562,0
5635,1
10049,1
5152,0
1931,0
8597,0
3712,0
9258,0
9538,1
2450,1
8875,0
1119,1
5583,1
29,1
7252,0
1481,1
8809,0
4259,0
5093,0
9092,1
1185,1
1387,1
3135,1
10605,1
2081,1
8229,1
8526,1
2943,0
7638,0
5221,0
1583,0
8463,1
3807,1
1086,0
6092,0
5272,1
4331,1
5320,0
7294,1
5564,1
2628,1
9794,0
8546,0
1726,0
3547,1
10735,0
3714,0
937,1
9667,0
5443,1
1588,0
7332,1
4111,1
10899,1
9622,0
6557,1
2242,0
5783,1
8277,1
8411,1
5146,1
3457,1
650,0
10312,1
8203,1
10078,1
5831,1
3226,0
8996,0
4252,0
8669,1
9242,0
6329,1
3348,1
6102,0
10197,1
10663,1
165,1
7575,0
7990,0
9000,0
4794,0
10967,0
5314,0
8014,1
9314,0
2609,1
8558,0
3272,1
2266,0
8109,0
2947,1
10509,1
8341,1
8501,1
2660,0
4899,1
4942,0
2244,0
9151,0
2531,1
3012,1
8319,0
2325,0
6510,0
4160,1
3157,1
4122,0
9987,0
1136,0
57,1
5825,0
7666,1
6634,0
8997,0
558,1
9451,1
732,1
771,0
6967,1
1363,1
9935,1
936,1
4639,1
6259,1
5253,1
3215,0
6666,1
2580,0
8736,1
10957,1
4377,1
913,0
1887,0
8465,1
8085,0
10261,0
842,1
4404,1
2471,0
10208,1
10690,0
11033,1
10927,0
2730,0
3579,1
4355,0
6462,0
1732,1
8446,0
9449,1
8156,1
4018,1
10464,0
9779,1
7680,0
3993,1
8920,1
4618,1
579,1
5918,1
31,1
10308,1
6597,1
9817,0
6338,0
6674,1
5808,1
3586,0
479,0
9089,0
509,1
7155,1
5933,0
623,0
2260,0
10274,0
7801,1
7183,0
6476,1
7121,1
9936,1
5358,1
100,0
3825,1
4991,1
3438,0
4526,1
7544,1
5092,1
325,1
7032,0
10483,1
9331,1
1445,1
1253,1
302,1
6029,0
1579,1
5183,1
561,1
7265,1
2714,0
6299,1
6526,0
4333,1
7849,1
294,1
4511,0
6076,1
5927,1
2462,0
7922,1
10032,0
4747,1
8838,0
4822,0
5309,1
9125,0
9702,0
5919,1
4805,1
8154,0
5672,1
10678,1
9244,1
10980,1
7627,1
2109,1
10303,1
5756,0
5969,1
10131,1
7852,1
3814,0
3538,0
5001,1
228,1
61,0
101,0
1108,1
1895,1
8622,0
10580,1
8856,1
10891,0
4303,0
10903,1
6518,0
2650,0
6955,0
3806,1
1742,0
2574,1
2875,0
5235,0
6682,0
8205,1
4115,0
4976,0
3706,0
3146,0
1864,1
9631,0
1120,1
804,1
9481,0
6427,1
7117,1
2585,1
8089,1
9922,0
6415,0
8207,0
7920,1
10367,1
330,1
705,1
2540,1
7788,1
4969,1
8886,1
10453,0
10826,0
861,1
2120,1
9700,0
7260,0
8769,1
5507,1
713,1
9390,0
122,1
1956,0
10347,0
4242,1
7374,0
8909,0
3509,1
273,1
1325,0
8086,0
245,0
6939,0
6699,0
6668,1
9743,1
5004,0
6451,0
6215,1
7415,0
8627,1
1428,0
7860,1
4951,0
9283,0
2413,1
4760,1
418,0
6453,1
9827,1
10317,1
9548,1
2982,1
5562,0
3681,1
6602,0
6112,0
8507,0
4469,1
4015,1
3651,0
4296,0
4367,0
2823,1
4779,0
5621,1
9727,1
1877,1
5723,1
7006,0
10224,1
7621,0
1736,1
3962,0
3903,1
7300,1
5535,0
6723,1
9310,0
3194,1
3125,1
7191,0
3262,1
5032,1
6892,0
9492,0
115,1
9401,0
7654,1
5851,0
8493,1
2863,1
7005,1
1178,0
4027,1
9748,0
1832,1
7981,1
10711,1
654,0
8768,0
885,1
7573,0
7851,1
5191,0
4895,0
2554,1
5596,0
4796,1
10953,1
10843,1
9621,0
504,1
8786,0
9841,0
3022,0
3843,1
2750,1
135,1
9798,1
4308,0
2970,1
3590,0
5555,0
1232,1
5708,0
9324,0
1474,0
6138,1
7435,0
9362,1
1806,0
3446,1
7277,1
10568,1
2097,0
1169,1
10955,1
92,1
1685,1
5955,1
2994,1
4788,0
888,0
1272,0
2612,1
7665,0
4203,0
6786,1
2228,0
4912,0
4258,1
5404,1
2776,1
3031,0
1961,1
6032,0
9802,0
10996,0
334,0
10264,1
6855,1
6064,0
3451,1
1370,0
4044,1
6343,1
9782,0
4744,1
6686,0
1,0
4769,0
4918,0
6061,1
5304,1
10543,1
6585,0
5009,1
4926,1
3337,0
4701,0
10617,1
2589,1
8266,1
6062,0
8396,1
6917,1
7909,1
395,1
1336,1
8671,1
10456,1
3694,1
3638,1
6324,1
383,0
1033,1
10399,1
1714,1
10052,0
9737,0
1074,0
6836,1
10780,0
9682,1
10432,1
1544,0
6536,0
7972,1
8287,0
10596,1
9506,1
1242,1
5585,1
8979,1
2622,1
4124,1
5896,0
4676,1
9322,0
6418,1
6380,0
2007,0
4795,1
9600,1
9016,0
8684,1
6124,0
3606,0
10446,0
4699,1
9958,0
7410,0
5981,0
261,1
647,1
1162,0
8942,1
1214,0
4622,1
8402,1
10508,1
10307,0
8885,0
3296,1
6300,0
1274,1
5311,0
4085,0
93,0
471,0
2486,0
7738,0
8879,1
2009,1
8133,0
6473,0
5030,1
8350,1
2384,1
3908,0
2977,1
8425,0
3370,0
5946,0
112,0
1761,0
4847,0
8889,0
10827,1
6465,0
1526,1
10191,1
3984,1
7763,0
475,0
7177,1
7731,0
7409,1
8953,0
10935,0
9412,0
5641,0
10137,0
7747,1
1674,0
2602,1
1207,1
10473,1
852,1
4644,0
8840,1
5181,1
5194,1
6413,0
7807,0
34,0
6737,1
7616,1
6053,1
1952,0
4090,1
4705,0
3734,1
7235,1
4423,1
5977,0
2397,1
1784,0
6277,1
6577,0
1759,0
10220,1
10484,1
2680,1
1223,0
5342,0
270,0
2663,0
3293,0
7608,0
9826,0
9400,0
9015,1
1152,1
4260,1
3365,1
3736,0
7991,0
5195,0
3288,0
3270,1
9452,1
3554,1
6615,1
1507,1
10952,0
1987,1
7342,1
10061,1
7902,1
4550,1
3868,0
3266,0
10754,1
5605,0
8706,1
7075,0
7355,1
7301,1
6122,1
9535,1
9058,1
4151,0
4767,0
6265,1
3732,1
7484,1
2209,1
9604,0
1705,0
272,1
10234,1
1273,1
360,0
7641,1
4986,1
5925,1
727,1
1679,0
213,1
10747,1
5899,1
10971,1
7040,0
10085,1
5532,0
1397,1
3785,0
9252,0
390,0
10397,1
8724,1
263,1
1601,1
2304,1
1929,1
2562,0
8630,1
5854,0
6308,1
4155,0
8241,1
5252,1
1486,1
438,1
8378,1
8895,1
2759,1
3513,0
5362,1
10818,1
4698,1
2455,1
8984,1
5379,1
8043,1
6598,0
9487,1
5119,0
2237,0
1008,0
8106,1
4798,0
10044,0
10083,1
3770,0
10353,0
6738,1
6047,1
7024,0
6769,1
542,1
2876,0
6707,1
8878,1
7825,0
720,0
2593,0
10552,1
4249,0
252,1
3578,1
8038,0
3163,0
6811,1
2965,1
4470,1
5415,0
5536,0
6759,0
2529,0
8070,1
7199,1
7499,0
2513,1
7188,1
2254,1
8227,1
8522,1
3778,0
8902,1
7104,0
2047,1
8854,1
5693,0
9832,1
1067,1
1794,1
6206,0
10051,0
4997,1
6360,1
9768,1
3375,1
4961,1
3405,1
5909,0
5117,0
7773,0
1801,0
5557,1
8461,1
2464,0
7553,1
9596,0
10828,0
9194,0
6782,1
4227,1
8813,0
8632,0
11037,0
1602,0
4478,0
3862,1
9532,1
9020,1
1134,1
7793,1
1675,1
7120,1
10785,0
2053,1
7138,1
3852,0
3149,0
5065,1
6302,0
10174,1
4913,1
5509,1
5758,0
9639,0
7293,1
8677,1
1820,1
8668,1
592,1
6804,1
5336,1
9212,0
4758,0
3213,1
4916,1
6588,0
3323,1
6178,1
4936,1
2049,1
6664,1
6407,1
6789,1
3435,1
436,0
7095,1
4091,0
10010,1
3054,0
6188,0
3388,0
1099,1
7520,1
9026,0
3447,0
521,1
8172,0
513,1
2582,1
2112,0
7610,1
9609,0
2192,1
9512,0
1420,1
8379,0
7988,0
3809,1
9624,1
9411,1
405,1
6825,0
10460,0
10031,0
4524,1
2928,1
3940,0
3245,1
131,1
10364,0
8583,1
1240,0
9773,0
8595,0
3898,0
3328,0
10830,1
5406,0
2467,1
1535,1
1230,0
968,0
6835,0
2478,0
10384,1
4718,1
9040,0
4022,1
3570,1
2221,1
10566,1
5725,0
8977,0
1852,0
741,0
3875,1
8118,1
2999,0
2654,0
566,1
6606,1
2407,1
7728,0
10963,0
7564,0
1892,0
6106,0
6155,0
8726,1
7529,1
8489,0
3234,1
9429,0
10616,0
9186,1
9824,1
4467,0
332,1
5546,0
6346,0
9070,0
9966,1
9327,1
8593,0
5429,1
7381,1
7315,0
10060,1
7198,1
4780,1
5389,1
7958,1
8970,0
7577,1
6760,1
2180,1
8931,1
4005,0
4108,1
7421,0
685,1
10799,0
2932,0
1531,0
1960,1
4123,0
9988,1
9860,0
1824,1
3205,0
1753,1
6813,1
308,1
7700,1
6667,0
522,0
4162,0
3928,0
1880,0
6806,0
8939,1
7748,1
8481,0
6081,0
8701,1
8243,1
2618,0
6903,0
2383,1
4106,0
3891,0
10000,1
6589,1
5568,0
8772,0
5265,1
454,0
7292,1
508,1
2042,0
7775,1
7097,0
10857,1
6503,0
1755,1
5180,1
5303,1
8644,0
2623,1
10254,1
7967,0
9676,0
7126,0
3767,1
314,1
10943,1
7874,0
6802,1
6303,0
8302,1
2713,0
7203,0
9605,1
226,0
10390,1
10496,1
5274,1
5173,1
10919,1
192,1
1405,0
1110,0
3632,0
331,1
9012,1
9047,1
8023,1
5547,1
2247,0
3820,1
2212,1
2721,1
2054,1
7158,0
6846,0
3769,1
4451,1
796,1
6675,0
3745,0
1075,1
10047,1
1593,1
2600,1
2904,1
7803,0
8715,1
2963,0
481,0
2136,1
7900,1
2201,0
469,1
2039,0
7862,0
688,1
7827,1
3336,1
7467,1
9427,1
5023,1
995,1
6403,0
2723,1
2872,1
455,1
7935,1
1599,1
2077,1
5069,0
5687,1
7431,0
3492,0
3646,0
4973,0
2906,1
10138,1
5997,0
4664,0
271,1
11012,1
10907,1
7767,0
6491,0
7193,0
1881,1
8634,1
1804,0
533,0
1410,1
2684,1
10154,0
7366,0
4182,0
6227,1
5428,1
10395,1
11017,0
6839,1
8561,0
2060,1
601,1
8604,1
9536,0
8335,1
5349,1
1787,0
5622,0
10474,1
627,1
4993,0
8097,0
9044,1
4209,0
9027,0
4190,1
6595,1
7337,0
9740,1
8187,1
3858,0
4560,1
7692,0
45,1
1516,1
4732,0
8922,1
176,0
175,1
5366,1
5260,0
9931,1
2068,0
3281,0
2588,0
6468,1
501,1
10608,1
2937,0
4393,1
507,1
8362,1
2001,0
11021,0
10111,1
2359,1
2410,1
1078,0
2774,0
839,0
10622,0
3264,0
3776,0
8529,0
545,1
9192,0
10345,1
4466,1
7147,0
5475,0
9879,1
3577,1
572,0
2292,1
10427,0
8260,1
2984,0
9302,1
9626,0
1034,0
5036,1
5790,0
2466,1
8894,0
9514,1
8098,1
5432,0
4238,1
8675,1
8393,1
2621,0
4611,1
664,0
10705,0
9984,1
7783,0
2366,0
2744,0
5625,1
3345,0
4580,1
6696,1
3360,1
9354,1
5126,0
1703,0
8000,1
4838,0
1475,0
2301,1
8452,1
9333,0
6104,1
4686,0
9167,1
8685,1
10691,0
4806,0
503,0
5928,1
10009,0
11020,0
1498,0
5043,0
2769,0
5054,1
5861,0
9110,1
4493,0
10792,1
4462,0
6481,1
9813,1
5438,0
1187,1
10055,1
4782,0
8845,1
8892,1
1715,0
5335,1
9041,1
10258,1
3737,1
1819,1
9407,1
6450,0
7110,1
2428,0
9823,1
714,0
4932,1
1644,0
9573,1
4204,0
4645,0
8850,1
2477,0
4175,0
7473,0
575,1
767,0
1986,1
1830,1
4324,1
3297,0
44,0
10501,0
8616,1
3781,0
10173,0
1701,1
908,1
3544,0
8806,0
6381,0
6579,1
1551,1
5503,0
7176,1
10918,0
7507,1
7818,1
9955,1
6524,1
4776,0
1704,0
1970,1
5133,0
1518,1
6501,1
9777,1
3605,1
9205,1
1091,0
2197,1
5956,0
490,1
9784,0
5762,1
5340,0
7875,0
2241,1
5348,0
10875,1
7628,1
5492,1
2096,0
2584,0
953,0
4321,1
7884,1
869,0
8115,1
3983,1
6317,0
1513,0
8139,1
4282,1
8177,1
8231,1
1361,1
1126,0
9172,1
9954,0
8515,0
1983,0
578,0
10296,0
141,0
1079,1
2514,1
5182,0
10932,1
2812,1
5692,0
9583,1
1470,0
8370,1
5075,1
1290,1
9184,0
766,1
2086,0
2847,0
1718,1
3482,0
624,0
1381,1
413,1
178,1
10128,1
386,0
2851,1
8767,1
4464,0
3072,1
8024,1
1382,0
429,1
5060,0
5785,1
6870,0
7285,0
8285,1
938,0
7630,1
10882,1
1369,0
1170,0
1560,1
7754,0
6105,1
2907,1
5681,1
8152,1
2670,0
1161,1
324,1
10248,1
8780,0
669,1
6154,0
7613,1
10152,0
2312,0
10648,0
1936,0
9723,0
10444,1
1851,0
8186,0
9286,1
7003,1
11041,1
768,0
2005,1
1348,1
5108,1
4869,0
2368,1
1383,1
8309,1
5363,0
10283,0
5817,0
6358,1
9160,1
5703,0
3486,1
9126,1
5445,1
7133,0
5653,0
8553,1
2074,0
354,1
4615,0
10522,0
8765,0
3414,0
8884,0
8068,1
5914,1
7650,0
4261,1
6009,1
520,0
7495,1
9231,1
7741,0
2559,1
9501,0
1303,0
1217,1
347,1
159,1
10008,0
3411,0
2563,1
3483,1
4072,0
9528,0
7412,1
2880,1
5100,0
3330,0
6875,0
8323,1
8438,1
279,1
8976,0
6495,1
596,1
6010,1
10985,0
841,1
4599,0
7129,1
3108,1
10604,0
1662,0
10304,0
7516,1
106,0
7979,0
4407,1
6837,0
7923,0
2079,1
4689,0
1537,1
3123,0
7635,1
10516,1
1155,1
1473,0
5168,1
5431,0
9526,0
7042,1
4512,1
7167,1
1186,0
6783,0
4665,0
608,0
6733,0
444,0
9243,1
5269,1
6441,1
9226,1
10299,0
5839,1
5994,1
6558,1
10692,0
8739,1
2172,1
3311,0
6479,1
4105,0
8117,1
3354,1
363,0
6083,1
196,1
9444,1
748,1
5154,1
478,0
1390,0
4168,0
2379,1
8162,1
5549,1
1557,1
4520,1
970,1
7808,0
1760,0
8343,1
7934,0
4080,0
4743,1
8428,1
3850,0
1109,1
8833,1
457,1
2506,1
4244,1
4014,0
188,0
10093,0
8295,0
5885,0
7276,0
4682,1
1396,0
2983,0
7489,0
628,0
9046,0
6670,1
10981,0
3664,1
4846,1
11019,0
5344,1
4154,0
3248,1
9580,0
7559,1
4410,1
10355,1
2327,1
5674,1
4165,0
3697,0
6439,1
7751,0
1219,1
1712,1
10494,1
9601,1
2398,0
2998,0
2789,1
2253,1
4654,1
8554,1
2815,1
5891,0
9304,1
10096,0
6422,1
379,1
4833,1
2810,1
7781,0
1763,1
1618,0
10209,1
8171,1
4959,1
359,1
2185,0
3087,1
762,1
1641,1
10864,0
7555,0
6639,1
10273,1
2975,0
10993,1
1379,1
2208,1
9474,0
5787,0
2772,1
9357,0
3085,0
2617,0
1721,0
4120,1
7269,0
4955,0
5213,0
4132,1
2056,0
10458,0
8870,0
6377,1
5578,0
5038,1
2075,1
8545,0
3302,0
1267,1
1495,1
2290,0
3050,1
8274,1
6545,1
9182,1
9067,1
5209,1
6680,0
5201,1
8200,1
580,1
10050,0
3839,0
6079,1
3166,0
4058,1
3059,0
2749,0
10684,1
6756,1
5174,1
516,1
6362,0
2641,0
7899,0
2530,1
10775,0
6757,0
8567,1
9081,0
2437,0
4704,0
9052,0
7836,1
5889,1
9616,1
6071,0
6477,1
3592,1
9623,0
2734,1
7524,1
8384,1
7720,1
4893,0
10632,0
2740,1
5241,1
9956,0
9863,1
7579,1
6704,0
7551,0
7014,0
5902,1
10626,1
510,1
1540,0
9904,1
6021,0
9572,1
2569,0
7214,1
4957,1
1848,1
1177,1
2944,1
3071,0
2440,0
90,0
5598,1
2231,1
2453,0
2519,1
223,0
6093,0
1573,1
9836,0
6247,1
6015,0
1156,1
1234,0
1837,1
7037,0
2524,1
236,1
749,1
6703,0
3916,1
1315,1
10836,1
4663,1
7316,1
1911,0
8737,0
3709,0
5606,1
9384,0
2116,0
7574,1
3195,0
10829,0
8834,1
2712,0
10668,0
6129,0
4420,0
5780,0
6677,0
3341,1
421,0
5540,1
5645,0
8822,1
661,0
9408,0
3033,0
5636,0
657,1
6134,1
956,1
8967,1
7587,0
3799,0
8779,1
9741,1
2518,1
3841,1
1811,1
1757,1
8602,0
8404,0
5212,1
6221,0
10591,1
6196,1
8821,0
3515,0
8401,0
7065,0
7261,0
9687,1
404,1
10476,0
8871,0
8127,1
8577,0
8408,1
9505,0
5772,1
6374,0
10408,1
8820,1
9386,0
3041,1
1595,1
4878,1
7321,1
6774,1
8673,1
10813,0
1934,1
5042,0
7257,1
1061,1
5699,0
402,1
10970,1
3265,1
5905,0
915,0
9587,0
6766,0
10583,1
4573,0
8472,0
6252,0
7084,1
8642,1
9848,1
4601,0
9994,1
5866,0
10518,1
8090,1
10442,0
9169,0
6750,0
7756,1
9137,1
3719,0
565,1
6698,0
8189,0
5034,0
6063,1
10974,0
7420,1
4290,1
9539,0
10764,0
6341,1
728,0
5697,1
296,1
8785,0
6535,1
2459,0
8217,1
4835,0
4541,1
6988,0
2216,1
7779,1
7314,0
9188,1
3255,1
8218,1
3733,0
4649,0
8270,1
8831,1
317,1
5157,1
1165,1
6257,1
8682,1
9159,0
5159,1
10887,1
10558,0
10905,0
9814,0
5593,1
5352,1
244,0
5010,0
3353,0
7805,1
105,0
7853,1
5145,0
1209,0
7372,0
7039,0
5239,0
6858,0
3355,1
295,1
6740,0
1803,1
8346,1
2158,0
976,0
1072,1
7723,0
2349,0
5158,1
8596,0
4056,1
3690,1
2150,1
10421,0
3185,0
10392,1
7291,0
512,0
4858,0
6736,1
8148,0
7210,0
8249,0
2491,0
2171,0
5565,1
1879,0
1076,1
6100,0
4221,1
5353,1
9822,1
3078,1
873,1
8971,1
8029,0
6172,1
6202,0
7508,0
9660,1
4201,1
4066,1
316,0
2753,1
4722,1
10342,1
3413,1
9706,0
201,1
7195,0
4879,1
3751,1
3036,1
5676,0
209,0
3005,0
8572,1
4659,1
276,1
10528,0
4966,1
9527,0
7906,1
5466,0
5656,0
599,1
7882,1
3292,1
6193,0
3870,0
10027,1
6200,0
8135,1
8559,1
9424,0
9369,1
156,0
1198,1
1611,0
6417,1
1722,1
2773,1
3673,1
1710,0
320,1
8054,1
6281,0
9383,1
10768,0
10641,1
10495,0
4220,0
2520,1
9414,1
5683,1
6630,1
7800,1
6306,1
2129,0
7283,1
11009,0
486,1
10916,1
9949,1
3833,0
9762,0
2106,0
8795,0
321,1
3914,1
8110,1
5479,1
2694,0
4323,0
7841,0
4149,1
6191,0
7242,0
1341,1
10237,1
7913,1
10551,1
266,0
9961,1
6255,0
10733,0
1338,1
6208,0
6520,0
6873,0
3661,1
6591,1
7430,1
6843,1
7239,0
5843,0
536,1
6997,0
8473,0
6397,1
7051,1
8802,1
9705,0
1057,1
10526,0
3621,0
9466,1
9262,0
10574,1
5047,1
4593,0
5618,0
1105,1
3130,0
2246,1
4084,0
3209,0
5210,1
6354,1
1941,1
5019,1
5951,0
5380,1
8551,1
8214,1
4092,1
6146,0
751,0
9749,1
2672,0
1768,0
9615,1
8605,1
4266,1
8111,1
3099,0
7148,0
8824,1
7460,0
3159,1
3155,0
1854,0
3780,0
3363,0
5214,1
1064,1
9915,1
9168,1
10510,0
7008,1
3474,1
2691,1
1574,0
9180,0
3665,1
5751,0
1686,0
6043,0
8045,1
10844,0
4674,0
1673,1
140,0
39,1
2443,1
231,1
5607,0
8475,1
400,1
4477,0
4180,0
7732,0
8998,1
10429,0
2504,1
6059,1
10539,1
10763,0
4069,1
6037,1
8279,1
5164,1
3771,1
3927,1
6649,0
6745,1
4358,0
1785,0
4474,1
11053,0
1276,0
7262,1
7769,0
8963,0
11023,1
1552,1
3705,1
10115,0
6927,1
9430,0
5178,1
1158,0
8477,0
3768,0
7845,0
4053,1
1446,0
2746,1
3165,1
5521,1
2741,1
6033,0
6957,1
241,0
10148,0
3591,1
497,1
1216,0
9294,1
7953,1
8929,0
7752,1
2777,0
2033,1
2941,0
7447,0
9753,1
3740,0
8926,0
9736,1
3308,0
3162,1
10203,0
3971,1
5950,0
6974,0
7339,1
9804,0
3407,1
4921,1
5489,1
5262,0
681,1
2108,1
9185,0
1349,1
8269,1
10079,1
4041,0
8262,0
779,0
605,1
4810,1
5828,0
4004,1
6566,1
2761,0
541,0
911,1
157,0
3711,0
8398,0
5153,1
10500,0
7578,0
2348,1
613,1
401,0
6480,0
9552,1
4564,1
8751,0
8296,1
10295,1
410,1
4983,1
3614,0
2790,1
207,1
3813,1
604,1
6801,1
5778,1
2787,1
5319,0
8649,1
7952,1
7140,1
5875,0
1393,1
9489,1
2534,0
7880,1
2275,1
4279,1
10931,0
3021,1
1541,1
9939,1
6977,1
1026,1
3848,0
8716,1
10847,1
3938,0
4161,1
740,0
2476,1
2757,1
4170,1
993,1
9607,0
2343,0
4768,1
9457,0
9272,1
8056,1
529,1
7527,0
5990,1
4213,1
305,1
155,1
6795,0
8437,1
433,1
10482,1
9473,0
2084,0
4101,1
7819,1
7724,1
4713,1
5667,1
7601,0
4198,1
4265,0
3869,1
7652,0
6390,1
6284,0
10627,1
11011,1
6449,0
1373,0
2839,1
136,0
6714,1
6433,1
6109,0
9771,1
4977,0
7535,0
281,0
9745,1
6533,1
528,1
2190,1
6573,1
964,1
3211,0
6001,1
6689,1
1623,1
9664,0
7522,1
10221,0
2303,1
10783,1
4043,1
10020,1
7725,0
3722,1
7157,1
10249,1
1053,1
9391,0
3008,1
5007,0
1850,0
9967,1
5563,1
8618,1
6269,1
3303,1
6222,0
1534,1
8637,0
9920,0
7007,1
8620,1
110,1
8126,0
6158,0
7914,0
4772,1
9463,0
3941,1
2579,1
9759,0
10074,1
9721,1
5057,0
3729,1
2285,1
8936,1
3602,1
8166,0
52,1
9218,1
10710,1
4167,0
1406,1
1433,0
1452,0
10041,0
1951,0
1302,0
750,1
5079,1
6943,0
8300,1
6426,1
7237,1
10779,1
449,0
5853,1
8183,1
6909,1
1561,1
6404,1
9405,1
7545,0
8539,0
2935,0
8738,1
9555,0
8271,1
2219,0
692,1
6720,1
6315,1
1066,1
10287,0
3899,1
10012,1
7112,1
9575,1
2465,1
2959,1
851,1
10149,0
9206,0
3466,0
7086,0
6544,1
710,0
8017,1
2758,1
10995,1
4887,1
1565,0
10382,0
6822,0
8548,1
7432,0
4216,0
4471,1
2010,0
3115,1
1821,1
8735,0
7939,0
9563,1
7402,0
3390,1
1876,0
5934,0
335,0
6164,0
10557,1
488,1
8913,0
3674,0
3063,0
7394,1
7443,0
3418,1
5865,0
7077,1
4829,0
467,0
6697,1
9221,0
6508,0
4871,1
4450,1
3853,1
3156,1
4657,1
2601,0
6448,0
912,0
1569,1
4239,1
2341,1
4024,0
1069,0
1121,0
7373,0
9319,0
9937,1
3816,0
10305,1
6940,0
7848,1
5436,0
4292,1
4539,1
9234,1
1802,1
8008,0
8180,0
7098,0
1313,0
3626,1
10167,0
6933,0
6294,0
10011,0
7822,1
7916,1
8574,1
3708,0
6768,1
6301,0
5161,0
10469,1
10487,1
8907,1
4059,0
7280,0
3120,0
9549,1
6894,1
1017,1
99,1
4007,0
1681,0
5768,0
8240,0
5233,1
2020,1
11028,1
1779,1
1311,1
3704,0
1145,0
3904,1
1277,1
8374,0
871,1
2160,0
1322,1
6506,0
2669,0
8009,1
2630,1
2850,0
10452,0
8308,1
9136,0
1441,1
5255,1
1356,1
3622,0
2176,1
3376,1
923,0
8153,1
426,0
6719,1
9207,0
784,0
8170,0
4684,0
8181,1
153,1
3049,1
6885,1
8699,0
5343,1
2023,0
4305,0
5717,1
662,0
6148,1
646,0
7226,0
943,0
3640,1
2685,1
3887,1
1916,1
6550,0
6978,0
2239,0
2727,1
3212,0
3789,1
5305,1
10590,1
4547,0
4492,1
5008,1
2193,1
6946,0
5858,1
2335,0
4702,0
8294,1
5483,1
3028,0
4142,1
4141,1
3352,1
10233,0
4459,1
10772,0
5799,1
1977,1
2879,1
8399,1
10412,1
7223,0
1558,1
6184,0
3676,0
5588,1
10824,1
1813,1
590,1
7031,1
2358,1
3152,0
371,1
3218,1
910,0
8808,0
4519,1
805,1
1661,1
4877,1
2490,1
10413,1
5140,1
9469,0
10994,0
9033,0
5368,0
8568,0
2273,1
4146,0
9201,1
3762,1
2868,0
6964,1
1959,0
8877,1
5845,1
6121,1
3079,0
3412,0
7192,1
3620,1
9842,1
929,1
8238,0
5803,1
10630,0
9625,1
10888,0
5514,0
5193,1
6319,0
4740,0
1620,1
5558,0
8373,0
5571,1
10662,0
3359,0
983,0
1111,0
837,1
8676,1
341,1
5773,0
9972,0
615,1
8053,1
10588,0
6840,1
2282,0
2151,0
6095,0
1035,1
9456,1
7999,0
7599,1
9864,0
10737,1
563,1
4391,0
10629,0
10177,0
5096,0
6956,1
4318,0
8,1
7302,0
4074,1
470,0
8422,0
4402,1
7247,1
637,1
4194,0
9675,1
10878,0
10147,0
5222,1
9766,0
1743,0
5705,1
9903,0
9103,0
8947,1
10766,0
2232,1
5204,0
6754,0
3818,1
8943,0
5248,0
4673,1
9983,1
6549,1
2806,1
42,0
9,0
4648,1
7085,0
7510,0
7927,1
5292,1
7175,1
2888,0
5616,0
10170,1
2526,0
5163,1
9025,1
9541,0
5812,1
6604,0
5347,1
10606,1
2639,1
4057,1
4257,1
8653,1
5852,0
3821,0
5338,0
6094,1
2638,0
2357,1
8919,0
5197,0
2404,1
10901,0
9248,1
10229,1
10699,0
1480,1
8656,0
8316,1
786,0
3495,0
8550,1
9788,1
7018,1
7593,1
9116,0
8796,1
1434,1
1447,1
866,1
2614,0
1159,0
9296,1
8638,1
9288,1
8221,1
884,0
5775,1
7762,1
8026,0
1827,1
659,0
9199,0
6584,1
6408,1
4365,1
9038,1
7081,1
4525,0
5068,0
8391,1
8283,0
1371,0
3910,0
8812,0
10787,1
4362,0
5545,0
7517,0
9039,1
2131,0
6796,0
7396,1
2215,1
8844,0
2634,1
18,1
7513,1
3973,0
8245,0
5764,1
2457,1
4291,0
10634,0
4174,1
5675,0
1484,0
2125,1
113,1
8516,0
3387,1
2763,0
22,1
5017,1
1756,1
3427,0
129,0
8492,1
6640,0
7980,1
283,1
5293,1
2878,1
5807,0
7043,1
5402,0
10418,1
7250,1
7675,0
1200,0
8091,1
10823,0
9726,1
3997,0
10270,1
4099,1
217,1
9346,1
1511,1
7794,1
1594,1
8021,0
5793,0
7335,0
9277,0
10924,1
3305,0
3685,0
9588,1
6293,1
833,0
3963,0
2651,1
2993,1
10026,0
4274,0
6212,1
9509,1
2991,0
1510,1
5226,1
6199,1
1691,1
7894,1
6445,1
6593,1
10075,1
3080,1
9099,1
10318,0
3394,0
4485,1
4113,0
4079,1
9371,0
10750,1
7996,1
2380,1
4302,1
181,1
10306,1
2435,1
448,0
571,1
7893,1
277,1
10594,1
10278,0
11007,1
5364,0
5937,0
2842,1
8462,0
6016,1
5383,0
977,0
7918,0
9730,0
4697,1
2921,0
6295,0
10812,0
1873,0
10065,0
6014,0
3247,1
3263,0
9764,1
1775,0
7539,0
7930,1
9490,0
9064,1
5087,0
8137,1
1199,0
4434,0
9023,1
9419,1
10906,1
7322,1
9893,0
10141,1
2598,1
6844,1
2280,0
6896,1
5401,1
1337,0
10459,1
6556,1
9780,0
6386,1
3877,1
4962,1
1429,1
3720,1
593,1
5512,1
951,0
6401,1
3672,1
3112,0
3568,1
7429,0
4820,1
4529,1
8355,0
10419,1
722,1
4596,1
4730,0
10102,1
987,1
3019,0
8233,1
3397,1
7296,0
4273,0
5137,1
8753,0
6002,0
307,1
1683,1
9655,0
10589,0
9216,0
5857,1
10491,1
4452,1
7063,1
4655,0
10920,1
4075,1
7636,1
7832,1
242,0
5892,0
1246,1
6207,1
6239,0
10048,0
621,1
1747,0
6225,1
2635,1
1448,0
3772,0
4152,0
3982,1
7689,1
2877,1
4262,0
6543,0
2945,0
2202,0
1590,1
3827,0
5018,1
4087,0
1984,1
8517,1
10581,0
8326,0
6282,0
4883,1
7094,0
7703,1
8832,1
3819,1
8060,1
10831,0
4490,0
1707,0
2166,0
6368,0
7264,1
3929,0
5782,0
1133,1
2546,0
3287,0
7813,1
699,0
9495,1
5229,1
9854,0
3237,0
5031,1
2489,1
4752,0
10321,1
2590,0
2429,1
6139,1
1648,0
8986,0
7306,1
2799,0
10822,1
8368,1
4897,0
1251,1
9143,0
8073,0
5070,1
5736,0
1944,0
2479,0
4298,0
602,1
5634,1
4746,0
11052,0
7656,1
2814,1
1297,0
8141,0
10223,1
626,0
4138,1
2058,1
10945,1
4378,0
10190,1
2309,1
1586,1
6721,1
5821,1
8511,0
134,0
7536,0
4910,1
10676,0
7341,1
2134,0
6412,1
5690,1
8042,0
4163,0
2141,0
7514,1
1810,1
1780,1
476,0
5448,0
7643,0
1564,1
825,1
6489,1
1499,1
3519,1
6406,0
5731,1
9156,0
7857,1
952,1
1375,1
9873,1
9592,1
2964,1
4753,0
553,1
4016,0
8176,1
10530,1
3645,1
6921,1
1409,1
10774,1
8257,0
9229,0
9019,0
3752,1
4359,1
8383,0
7002,1
6790,1
4148,0
5375,0
4502,0
3494,0
9173,0
2375,0
3499,1
3608,1
9295,0
6998,0
10694,0
5278,0
4707,1
6938,0
10795,1
7625,0
1422,0
4799,0
5738,0
8236,0
1255,1
7390,0
9550,0
10486,1
7861,1
4185,1
2809,1
9274,0
9851,0
5842,1
1153,1
3240,0
689,0
6382,0
4037,1
1733,1
3150,0
9303,0
2276,0
8959,1
3249,1
6378,0
8872,1
8908,1
701,1
939,1
617,0
63,0
1081,1
11034,0
2979,1
635,0
6223,0
6767,1
9636,1
7702,1
2113,1
696,0
6244,1
3010,0
10613,1
10354,0
9894,0
5127,1
7436,0
9666,0
6633,0
3966,0
9646,1
2128,0
843,1
500,1
1858,1
10206,1
7833,0
9884,1
2451,0
3295,1
7642,1
3066,0
10674,0
7246,1
10579,0
10381,0
6066,1
730,1
445,1
4832,0
2089,1
7105,1
7866,0
9257,1
8859,1
398,1
10979,1
10806,0
3096,0
2913,1
1366,0
4535,0
5113,0
7799,1
7907,0
10339,1
2647,0
3416,1
5996,1
9022,1
7771,1
1471,1
6280,1
9614,1
1278,0
5531,1
755,0
6372,0
5141,0
8196,0
8500,1
3473,1
1041,0
10790,1
5517,0
5771,1
10226,1
4884,1
2564,1
6286,1
4140,1
2597,1
5468,1
3017,1
6829,1
8301,0
7389,0
2558,1
799,1
10101,0
8211,0
9585,1
6288,1
9742,1
160,1
2715,1
7915,0
1890,0
2854,1
1391,1
5097,0
8860,1
182,1
7340,0
2100,1
5071,0
150,1
1418,1
6898,1
10022,0
2080,1
5035,1
5063,1
6659,0
10502,1
3627,1
10660,1
5400,0
5978,0
8213,1
2415,1
1663,1
4433,1
10553,1
4703,0
8555,0
5094,1
10107,1
6461,0
1896,0
7200,1
1140,1
5542,1
5237,0
3148,0
893,1
1935,0
3540,0
1104,0
2890,0
7275,0
8082,1
2966,0
8306,1
1138,0
5818,0
8610,0
3039,0
6231,0
7491,1
3151,1
3454,0
4392,1
6525,0
5310,1
9959,0
3851,1
3527,0
9881,1
8512,0
1946,0
4581,0
4399,1
8587,0
8449,1
7041,0
2693,0
9356,0
1118,1
3160,0
7089,1
1999,0
133,1
2353,0
2236,0
636,1
10665,0
8065,0
8904,0
6424,0
4360,0
2820,1
3965,1
8325,0
8770,0
2849,1
4629,1
7727,0
4251,1
9752,0
3506,1
5627,1
1576,1
7634,1
6143,1
9246,1
3981,0
2547,1
8012,0
10894,0
2936,1
4577,1
4831,0
4825,1
3990,1
6234,1
3349,1
9088,1
6031,1
8589,1
6065,1
2014,0
5104,0
10185,0
5316,0
7416,0
9224,1
7715,0
5424,1
1160,0
2555,1
7839,1
10531,1
8658,1
1577,1
2461,0
5242,0
6048,1
4890,1
2328,0
4107,1
4473,0
1009,0
145,0
2640,1
152,1
10247,1
904,0
10371,0
6446,0
889,1
2382,1
808,0
9120,0
372,0
985,0
9772,1
6075,1
1399,1
6986,1
10643,1
7132,0
4563,1
7685,1
292,1
7647,0
4762,0
7125,1
8868,0
9617,0
5860,1
2093,1
2087,0
5200,1
1568,1
4555,0
10732,1
8209,1
3289,1
7453,1
2976,0
4531,1
10329,1
1836,0
2083,1
6056,0
2616,0
9037,1
10331,0
5995,1
8258,1
8318,1
5879,0
9628,1
10087,1
9377,1
8007,0
4923,1
6270,1
1849,1
1735,1
451,0
947,0
6820,0
7632,1
117,0
901,0
493,0
3897,1
7025,0
5231,0
6220,1
8771,1
1306,0
38,1
882,1
5944,0
3935,1
7970,0
274,1
1205,0
56,1
3718,1
2914,0
6762,1
7061,0
9847,1
9934,1
108,1
9431,1
10140,1
9871,0
5139,0
3931,1
1296,1
11048,1
3921,1
4386,1
9484,0
2026,1
4566,0
2648,0
6895,1
8483,1
1922,0
5472,0
1950,1
2419,1
10776,0
10215,1
3103,0
4592,1
649,1
1606,1
5553,1
6036,0
1607,1
2859,1
5740,1
1563,0
3535,1
5002,0
7965,1
8897,0
10701,1
2092,0
7904,0
1063,0
10651,0
5256,1
8603,0
1132,0
3952,0
8940,1
706,1
6560,0
2283,0
857,1
7614,1
412,1
10527,1
9963,0
3378,1
8542,1
1430,1
1392,0
2800,0
7815,1
1643,0
9929,1
3994,1
812,1
10232,0
10417,0
10225,1
5741,0
275,1
1221,1
2152,1
8709,1
2367,1
10602,1
7434,0
2573,0
5433,0
2059,0
10867,0
3580,0
2418,1
10695,1
2931,1
10124,0
9164,0
4708,1
5632,1
909,0
1458,0
7997,0
10450,1
9758,1
9418,1
2238,1
2043,1
10205,0
1101,1
3811,1
7469,0
6947,1
443,1
4865,0
7013,1
4207,0
9050,1
3331,1
2874,1
11018,0
7020,0
921,0
8322,0
9326,1
4638,0
8693,1
3364,1
8784,1
9144,1
585,1
8956,0
7153,1
10194,0
9428,1
729,1
1182,1
289,0
2027,1
2808,1
9225,0
8075,1
6334,1
35,0
3137,0
1310,1
4901,1
2008,0
954,1
4863,0
2126,0
7733,1
6080,1
343,1
13,0
10243,1
4690,0
4389,0
8129,0
9801,1
2048,1
1388,1
11047,0
7311,1
2869,1
8514,0
5765,1
2747,1
3717,1
1123,1
9265,0
2499,0
4082,1
690,0
6156,1
4139,1
2731,1
1029,0
7674,0
5112,1
37,0
6626,1
809,0
552,1
10162,1
9999,1
7354,0
1330,1
1690,1
10279,0
5986,1
4103,0
9228,1
415,0
6819,1
1010,1
8586,0
3748,1
2362,1
2989,0
7570,0
3106,0
10481,1
6722,1
7565,0
1884,0
3702,0
1295,0
2704,1
5471,0
9728,0
9189,0
1190,1
6861,0
8447,0
9049,1
1980,1
581,1
8725,1
6960,1
4728,1
8476,0
6175,0
5357,0
7062,1
7036,1
10375,1
9447,1
9254,1
2052,1
219,1
6992,1
10332,0
9507,1
5480,1
4964,1
5651,1
1492,0
4231,0
4852,1
3097,0
5915,1
7877,0
949,1
9084,1
1359,1
8491,0
3452,1
1545,1
4967,1
8178,1
2104,1
2388,0
9531,1
4756,0
2448,0
8855,0
1773,1
8696,0
2893,1
4522,1
7743,1
1443,0
7471,1
3658,1
10288,0
8983,1
518,1
3959,1
2658,0
4118,1
5025,1
7115,1
435,1
7358,0
8636,1
6279,1
3038,0
5028,1
5559,1
7393,0
284,0
6821,0
9793,1
7343,1
1496,1
8566,1
5948,1
8490,1
5058,0
2484,1
8216,1
3725,1
9558,1
10865,0
10424,0
197,0
1868,0
3644,0
963,1
1175,0
2838,1
2775,1
466,0
3989,0
1189,1
2356,1
5623,1
2724,0
764,0
9076,1
7664,0
10680,0
4424,0
10702,1
7309,1
8155,1
1624,1
6893,0
4287,1
5052,0
1292,1
8385,1
396,1
1107,0
5922,1
3324,1
4880,1
10275,1
10734,0
4726,1
3025,1
9927,1
9336,0
3206,1
8987,0
1024,0
9599,0
7076,1
6241,0
7974,1
7444,0
992,0
7462,1
1096,1
6389,0
10097,0
6678,0
9396,1
6205,1
6460,0
7602,1
4658,0
10533,1
8361,0
212,1
4963,1
5061,0
5673,0
2560,1
10515,0
6361,0
10290,1
5670,1
10480,0
9008,0
1559,1
3867,1
6570,0
5203,1
3817,1
8198,1
5425,1
5972,0
3512,1
7542,1
8265,1
9113,1
1543,0
5707,1
10066,0
1453,0
568,1
8588,1
5051,1
200,0
6784,1
9803,1
2766,0
6183,0
8830,1
10389,0
2146,0
8344,1
7797,0
7009,1
8851,1
4225,1
8672,1
6808,1
2038,1
9985,0
3942,0
1289,0
9301,0
7142,1
2088,1
3594,0
1089,1
4226,1
6459,1
10373,1
2259,0
368,0
4889,1
2940,0
5176,1
10697,1
2433,0
2919,1
1331,0
9862,1
6260,0
4297,1
9043,1
5862,0
9571,0
250,0
5589,1
7028,0
9341,1
1912,1
10449,1
9499,0
9034,0
7947,1
8303,0
5473,0
4019,1
1978,1
2556,1
5184,1
9055,0
514,0
6963,1
1432,0
5960,1
8544,0
4328,0
6364,1
6815,0
1998,1
673,0
6661,1
303,0
3531,1
8037,1
4675,1
1055,0
1043,0
1604,1
4946,1
1649,0
6248,1
4006,1
9461,0
9653,0
2798,1
971,1
6086,1
9018,1
3587,1
1871,0
723,0
5369,1
2901,1
4882,1
4428,0
5709,0
8524,1
194,0
2399,1
3555,1
1287,0
4651,1
2729,1
7046,0
7411,1
5217,1
4401,1
10202,1
2162,0
8441,0
6296,1
7215,1
7619,1
5171,1
5615,0
2016,1
6165,0
10997,0
6384,0
10615,1
2690,0
7482,1
2752,1
7154,0
8752,0
7437,0
10365,1
10855,1
3603,0
7218,0
2905,1
2885,0
257,0
10745,0
19,1
4240,1
8448,1
5437,1
9306,0
2951,1
5926,1
3369,1
10169,0
4998,1
3084,0
8901,0
3884,1
5469,0
4650,1
994,0
8403,1
1483,1
6098,1
10698,1
2620,0
9529,0
4236,0
5784,0
2955,1
4137,0
2071,1
2536,0
3625,0
3478,1
9993,0
6470,1
10677,0
4606,0
10898,1
9816,0
8235,1
4711,1
7592,1
7369,1
3241,0
10731,0
121,1
7433,1
7986,1
4861,1
3271,1
8962,1
6209,1
7911,1
1362,0
7378,1
1100,0
3889,1
916,0
8666,1
1411,0
3998,1
1440,1
2933,0
7924,0
4785,0
8852,0
3187,1
4516,0
8184,1
3299,1
3524,1
1414,1
6995,1
4506,1
4556,0
6070,0
551,1
2371,0
6203,0
7726,1
10438,1
10330,0
2332,0
9079,1
3068,0
6190,1
6169,1
9406,1
3107,1
7303,1
6272,1
538,1
2910,1
2568,1
8498,1
6267,1
10544,1
8887,0
6706,1
2735,0
2326,0
5461,1
5301,1
10614,0
6344,0
3040,0
7668,1
8144,1
1000,0
6618,1
8332,0
8528,0
2779,1
10314,0
821,1
5727,0
11008,0
4789,1
534,0
9872,1
5711,1
2661,1
3593,0
229,0
8371,0
5855,0
1019,0
5710,0
5753,0
5961,1
8020,1
6574,1
9508,1
7090,0
5387,1
7576,0
2720,0
5510,1
5189,1
8927,0
2076,0
1340,0
5170,0
8140,0
7759,1
8253,1
2708,0
5886,1
7546,0
5766,0
6051,0
1808,1
10378,1
3,0
7392,1
4299,1
5816,0
6217,1
5505,0
1754,0
2495,0
10201,0
9482,0
4157,1
5600,1
9978,1
9284,1
4775,1
10760,1
1346,1
3511,0
3034,1
3280,0
10068,1
4868,0
10132,1
8510,0
7789,0
9105,1
10724,1
7950,1
1758,0
10323,1
8471,1
10740,1
6882,1
9747,1
7921,1
6658,1
485,0
958,1
4189,1
7029,1
819,1
10689,1
8611,0
10423,1
3242,1
10038,1
1229,0
5976,1
6904,1
847,1
4517,1
9547,0
5900,0
10959,1
2974,1
4944,1
6251,0
4872,1
777,1
8690,1
8358,0
6144,1
8168,1
5016,1
10336,1
4234,1
3307,0
6654,1
5267,1
1834,1
4968,0
9715,1
4347,0
8819,0
10915,0
5420,1
2289,1
1244,0
1394,1
204,0
9513,1
6055,0
447,1
4440,1
1464,1
5413,1
1640,1
8339,1
9899,0
8954,1
547,0
8321,1
10545,1
7624,1
3132,0
424,1
6357,1
5650,1
9852,0
5754,0
9606,1
2161,0
8896,1
3569,0
2733,1
1400,1
127,1
6643,0
8518,1
10182,1
6580,0
5384,0
2629,1
3804,0
4283,0
327,0
8286,1
1940,1
7500,0
5657,1
10856,0
4408,1
9537,0
8380,0
7426,0
4098,1
6127,1
4678,1
419,0
1908,1
7325,0
1036,0
8455,0
6218,0
3691,0
2270,1
3182,0
3058,0
6135,1
8569,1
2686,0
9278,1
2950,1
10098,1
4202,1
5626,0
10666,1
4369,0
8688,1
862,1
4129,1
2072,1
3043,1
10218,1
824,1
9230,0
8267,1
9589,0
6561,0
3278,1
9945,1
959,1
3392,0
10457,1
7168,1
9699,0
8798,1
2909,1
9565,0
3505,0
4432,1
4361,1
10286,0
5287,0
8059,1
6274,1
3067,0
6851,1
2688,1
4178,0
7163,0
7926,0
8789,1
2376,0
6641,1
4892,1
1771,1
9613,0
6058,0
1547,0
7903,1
7385,0
75,0
6163,1
1684,1
6454,0
7450,1
2886,0
4549,0
388,1
2342,1
1600,0
791,1
4003,1
9235,1
3738,1
2667,1
595,0
1191,1
6069,1
8729,0
5446,1
6313,1
5714,0
2516,1
5612,1
5876,1
9270,0
9351,0
1994,1
7180,1
9838,1
9821,1
948,1
1467,0
752,1
10269,0
5637,1
4536,0
8520,1
4636,1
10239,0
269,1
431,1
6278,1
6914,1
3790,0
4354,0
6436,1
6026,1
10019,1
2188,0
1610,0
1619,1
10744,0
8330,1
6507,0
4218,0
1334,0
2508,1
4736,0
9584,1
4125,0
3428,1
8414,0
874,1
5297,1
9679,1
4465,1
10246,1
3426,0
4316,1
3035,1
218,0
9072,1
10834,1
10465,1
4694,0
6973,0
527,1
9153,1
6310,1
5271,0
5630,1
3037,1
5970,0
7774,0
10975,0
10794,0
1650,1
9567,0
2662,0
6724,1
2657,1
2957,1
4902,0
5868,0
9085,1
4013,0
5506,1
4896,1
3876,0
3236,1
2035,1
3179,0
4632,0
260,1
9163,1
8278,0
1085,0
5289,1
674,1
3276,0
403,1
2659,1
8442,1
8612,1
1866,1
8948,1
5416,1
9809,1
2422,1
4812,1
7194,1
9560,0
3029,0
10040,1
4416,0
5450,0
222,1
193,0
6522,0
3503,0
5410,1
9658,1
2214,1
8502,1
1308,0
1280,1
4749,0
10349,0
10628,1
6949,1
6136,0
1173,1
5118,1
3334,1
4503,0
2458,1
8914,1
9334,1
8950,1
4793,1
9213,1
298,1
2004,1
7348,1
1154,1
1261,1
5737,0
432,1
4337,1
7488,1
1368,0
9930,1
9468,0
2781,1
8458,1
6498,1
10846,1
9755,1
7891,0
814,0
1964,1
9940,1
1746,1
177,0
8268,1
8823,0
4741,1
10056,1
6291,0
6472,1
7150,0
10144,0
7319,0
224,0
143,0
10422,1
7865,1
8530,1
10335,0
6616,1
9029,1
3291,1
8763,0
2595,1
5867,1
9678,0
5726,1
3974,1
3368,1
3261,1
5561,0
422,1
2070,1
6170,0
9694,0
8234,1
7232,0
5202,1
1462,1
5257,0
7679,1
496,1
10210,0
8803,0
4426,1
5371,1
5735,0
4958,1
10954,0
1060,0
1529,0
5020,1
4206,0
5225,1
1059,1
8883,1
137,1
5378,0
184,1
5924,0
9098,1
3613,1
4623,1
4272,1
718,0
6847,1
5792,0
3235,0
6478,0
9342,0
9291,1
8647,1
4867,0
6423,0
2210,0
3326,1
5414,0
6832,0
3385,0
591,1
7135,1
7361,0
3698,0
6651,0
5186,1
8494,0
3077,0
6309,1
7054,0
9650,0
3244,1
7271,0
6243,0
1739,1
7944,0
3344,0
172,1
7550,1
9211,1
24,1
5421,0
6088,1
6874,0
10706,1
9250,0
2103,1
1218,1
5453,0
5728,0
8575,0
1567,1
10302,1
9002,1
9078,1
576,0
7681,0
6862,1
996,0
1309,1
3116,0
6440,0
10977,0
10268,1
10029,1
5040,1
2532,1
2336,1
10788,0
10003,1
102,1
1845,0
2912,0
7078,1
1942,0
10929,1
10506,0
2372,0
11040,0
1585,1
10802,1
4343,1
3001,1
65,1
10211,1
6513,1
3398,1
3854,1
4681,1
5887,0
5142,1
10675,0
6017,0
1596,0
980,1
7202,0
9031,0
10736,1
6712,0
9633,0
7360,0
5608,1
10284,0
5494,1
8143,0
7172,0
6398,0
8952,0
3878,0
5973,1
2502,1
9763,1
4330,0
5367,1
9305,1
1734,1
11035,1
1421,0
11032,0
8226,1
4489,1
7959,1
7290,1
2728,0
9240,0
4604,0
340,1
7233,1
3047,1
1401,1
3502,1
7259,0
4844,1
6249,1
7547,1
6162,0
5760,1
297,0
9352,0
4809,1
9477,1
4860,1
10646,0
185,0
5024,0
8989,0
5245,1
5716,0
9030,1
6187,0
1635,1
10133,1
9208,1
8755,0
7929,1
7445,1
7730,0
9280,1
1333,0
4594,1
4497,1
9297,1
2329,1
8237,0
6523,1
6617,1
9683,1
6483,1
10388,1
2599,1
7317,1
2323,0
2069,1
3118,0
8142,1
7682,0
10848,1
7611,0
7534,1
6830,1
10316,1
823,0
10099,0
1490,1
789,0
10808,1
7716,1
9581,1
7975,0
1084,0
4356,0
6216,1
4670,0
1982,1
2804,0
8405,0
8459,0
4501,1
8432,1
8454,1
2653,0
4738,0
1693,1
8182,0
9222,0
2703,0
7746,0
10652,1
5232,0
97,0
2985,1
6040,0
4717,1
1842,0
8590,1
5706,1
4363,0
3695,0
9421,1
9724,0
8130,0
36,0
10640,1
6948,1
7307,0
7971,0
8508,0
9831,1
1293,1
6410,0
4159,1
4574,0
10485,1
9912,0
6800,0
1993,0
630,1
211,1
1527,0
3756,1
6352,0
7729,1
8116,0
1215,1
10080,1
3612,0
2644,0
7310,0
9328,1
6189,1
4447,1
8149,0
1201,1
4179,1
7496,0
4089,0
1647,0
10619,0
249,0
3030,0
9739,1
9475,0
6961,0
3203,1
5763,1
7969,0
8212,1
8337,1
10712,0
8433,1
3223,0
2400,1
7498,1
9017,0
5290,0
6999,1
3074,0
48,0
9554,1
8420,1
3713,1
460,0
10759,1
7004,1
8608,0
6266,0
9525,0
7886,0
9630,1
9392,1
7174,1
1584,1
6953,0
5884,1
5620,1
1688,0
7156,0
220,0
10934,1
5730,1
5870,0
10037,0
5513,1
8631,1
2062,0
3784,0
8623,0
1939,0
312,0
941,1
1582,1
8146,1
1228,0
834,0
7622,0
1928,0
5864,1
2029,0
7749,1
1141,0
3803,0
9962,0
3180,1
5957,0
10757,0
8010,1
7589,0
5809,0
2608,0
2338,0
4208,1
1279,1
9594,1
5041,0
6746,0
1550,1
1799,1
530,0
5526,1
2002,1
10260,0
1485,0
6224,1
6772,1
3145,1
7662,1
9013,1
9329,1
2117,1
5053,0
9175,1
6030,1
5991,1
6931,1
6958,0
4335,1
7600,1
9973,0
7931,1
4553,0
8194,1
3424,1
5602,0
829,1
7523,1
9496,1
8695,0
8138,1
3124,0
9775,1
4763,1
7423,0
7869,0
3183,1
4097,1
9733,1
10071,0
8562,1
8460,0
906,0
7633,1
8938,1
4187,0
10401,0
10992,0
5640,1
4534,1
574,1
10350,1
686,1
10,1
70,1
2591,1
820,1
8541,0
6254,0
6297,1
3534,1
698,1
8423,0
6399,1
2942,1
9843,0
9458,1
2395,0
4397,1
10532,1
3313,1
7049,1
7802,1
8777,0
5167,1
6126,0
10519,1
1403,1
311,0
2347,1
1326,0
1459,1
3915,0
1054,0
1386,1
5102,0
6578,0
2017,0
2613,0
5219,1
6204,1
4784,0
3607,1
7940,0
1700,1
4579,1
2051,0
2272,1
10664,0
6013,1
9142,1
5449,1
168,0
10166,0
5795,1
4345,0
5307,1
7338,1
3298,0
10171,1
2057,1
4445,1
999,1
6114,0
3948,1
2552,1
6985,1
10164,0
3259,1
4854,1
6850,0
7776,0
4572,0
6157,1
8955,0
9671,1
4935,0
8077,0
10669,1
1257,1
3684,1
3393,1
10436,0
4245,1
4781,0
5175,1
10434,0
8873,0
2924,1
618,0
648,0
9281,1
1222,1
10193,0
5800,0
7123,0
10853,1
758,1
8980,1
7766,0
10956,0
10618,0
2793,1
7509,0
7452,0
2313,0
3504,0
6685,1
3318,1
7099,0
468,1
8147,1
7352,1
7686,1
8418,1
3053,1
491,1
3753,0
9251,0
8001,0
5268,1
6101,0
3585,0
6529,1
7651,0
4277,1
10872,1
1969,0
5661,0
472,1
1031,0
6273,0
5577,1
6932,0
5581,0
7736,1
3977,0
5989,0
356,1
7859,1
1342,0
7796,0
3196,0
10661,0
4509,0
1358,0
2226,0
1752,1
8937,1
10309,0
2922,1
3861,0
8762,0
9502,1
5943,1
5405,0
5192,1
6057,1
3110,0
5883,1
2390,0
1902,1
7229,0
5721,0
4971,1
7760,1
4548,0
8382,0
4093,0
6859,1
336,1
253,1
1285,1
66,0
10503,0
1504,1
9135,1
4652,1
1210,1
6842,1
10540,1
7691,0
3210,1
1407,1
3133,1
10685,1
8264,0
6773,0
4429,0
3508,1
4327,0
1417,1
2021,0
40,1
9132,0
8837,0
8119,0
1515,1
1740,0
8925,1
3943,0
7757,0
1014,0
4456,0
3766,1
10403,1
9004,0
3835,0
3541,0
87,1
918,0
9214,1
1926,1
8022,1
2037,0
4933,0
9367,0
1071,1
5663,1
9439,1
3465,1
1461,1
4982,0
5318,0
8328,0
1004,1
6132,0
1958,1
5325,0
1163,1
9245,1
3589,1
3802,1
10262,0
2369,0
9774,0
9787,1
931,0
5552,0
2204,0
2322,0
8372,1
60,0
678,1
5411,1
6901,0
8004,0
609,1
4294,1
9415,1
569,1
10700,1
3787,0
3340,1
1885,1
10346,0
1013,1
6349,1
6145,0
6326,0
6743,0
10976,0
4269,0
2565,0
10908,1
5729,0
6159,0
3396,1
5941,1
240,1
8027,1
349,1
7272,1
425,0
5511,1
10189,1
10076,0
8532,1
9042,0
7846,0
7791,1
4068,1
8096,0
10070,0
7299,1
7945,1
5688,1
1933,1
2200,0
5498,0
5397,1
759,1
10035,0
6229,1
10505,1
5027,0
6553,1
6320,1
3177,0
2065,1
8381,0
8201,1
9053,1
4050,1
5490,1
8509,1
5613,0
2011,0
935,1
5403,1
9795,0
3056,1
832,1
1719,1
2545,1
7474,1
6160,1
2762,0
1766,1
10227,0
2717,1
7957,1
10513,0
1275,0
872,1
3485,0
3016,0
6638,1
8124,1
4853,1
8506,1
10654,1
6516,1
2918,1
8252,1
5987,1
3836,0
7225,0
10738,1
6646,0
6691,0
2583,1
9519,1
7842,0
5838,0
3100,1
9751,0
9422,0
8607,0
6458,1
9204,0
4427,0
7201,1
5954,0
1431,1
3976,0
2402,0
3873,0
9440,1
20,1
4191,0
6749,1
1581,1
9951,0
409,1
8775,0
1048,0
2826,1
3172,1
5805,1
5579,1
4215,1
10112,1
1038,0
11000,1
7289,0
4598,0
2346,1
6371,0
3566,1
2544,1
7792,0
4843,1
10077,0
10002,1
3657,1
2142,1
1476,0
5084,0
8028,0
10849,0
6966,0
8392,1
984,1
6054,0
10863,1
11003,0
8064,1
8679,1
10612,1
9996,1
7989,0
2061,0
9735,0
651,0
4246,1
2818,0
9968,1
7854,0
10241,1
6052,1
2082,0
611,1
8100,1
3433,1
9878,1
1137,0
6753,1
2788,0
4442,1
1857,0
4628,1
9395,0
9707,1
10966,0
7598,1
1312,1
9282,0
974,0
2073,1
4821,1
4100,0
8204,1
9713,0
10179,1
8869,1
3481,0
2138,0
7387,1
10195,0
1324,0
3548,0
6240,1
4484,0
4837,1
9094,1
9373,1
8678,1
5334,1
6656,1
6662,0
1831,1
1875,1
10860,0
8289,0
1347,1
7658,1
10175,1
7889,0
6348,0
1791,1
10825,1
8764,0
2829,1
9834,0
7344,0
2264,0
6500,1
6709,0
7052,0
6551,1
9028,1
9138,1
3972,0
3779,0
10292,1
6863,0
1575,1
4669,1
4765,0
1204,0
10250,0
1354,1
417,0
8387,1
3650,1
8761,1
3088,0
5339,0
4733,1
10114,1
10157,0
7585,0
973,0
2867,1
4943,1
2782,1
10374,0
2561,0
2671,0
6716,0
8003,0
4096,0
7151,1
8805,0
5834,1
1981,0
8099,1
8766,0
3081,0
4666,0
3536,0
264,0
8667,1
3027,1
9657,1
8888,1
8723,1
9470,0
3707,1
6848,0
6937,0
5129,0
10105,0
9662,0
8580,1
5418,0
2881,0
8702,1
10357,0
2203,1
3500,0
365,1
3749,0
10514,0
5638,0
6211,0
1127,1
3881,1
5646,0
2420,0
8468,1
10719,1
4375,1
6539,1
8044,1
3812,0
3755,1
3523,0
6351,1
712,1
4033,0
1972,0
9673,1
5244,1
4567,1
4792,1
8903,1
1509,0
4446,1
3895,1
6492,1
2121,1
119,1
7878,0
74,0
2248,1
1183,0
988,1
610,1
7983,1
9845,1
2575,1
743,1
3065,0
7297,0
287,1
2025,0
6605,1
161,1
8273,0
991,0
4153,1
3635,0
9379,1
10713,1
8525,1
10441,1
6464,0
4173,1
10704,0
6644,1
3321,1
860,1
770,1
5528,1
9381,0
7750,1
2173,1
6141,1
8087,0
3671,1
2426,1
6283,1
4552,0
10814,0
8150,0
8718,0
4325,1
9321,0
3094,1
4192,1
1237,0
1713,0
6925,0
10858,0
7755,0
9402,1
5148,0
9738,1
4640,0
7714,1
2444,0
2807,1
10520,0
7146,1
6823,1
1665,1
2102,1
7015,0
8782,1
8409,0
4479,1
8276,0
7764,1
4300,1
756,1
2828,0
9856,0
783,0
8985,1
8351,1
2760,1
8079,0
1744,1
6621,1
1979,0
3102,1
489,1
9886,0
199,1
8416,0
6174,0
3518,0
10559,0
7273,1
639,0
9219,0
10178,0
876,1
7458,0
981,1
9634,1
6672,1
9523,1
5223,0
1654,0
3425,0
2711,0
5958,0
6596,1
6534,1
9271,0
2179,0
5519,1
2816,0
8161,0
82,1
10671,1
1352,0
7284,1
6179,1
407,1
7093,1
4834,0
149,1
3840,0
5059,1
3282,1
4661,1
5426,1
6980,1
427,1
3980,0
10025,0
9518,1
10340,0
5669,0
8835,0
4610,0
4990,1
2692,1
8650,1
10611,0
4994,0
10361,0
7091,1
7370,1
8239,1
4569,0
4032,1
6794,1
1914,1
1839,1
3358,1
2012,0
10014,1
4496,1
4575,1
2969,0
7308,0
4941,0
4199,1
9882,0
10851,0
7455,0
9102,1
6563,1
7744,0
4415,0
9376,1
10807,0
2698,0
4315,1
7320,1
6072,1
8663,0
3462,0
1828,0
8527,0
10282,1
9086,1
4874,1
8531,1
8088,0
3402,1
3070,1
5317,0
854,0
4307,1
4071,1
6369,0
4247,1
8540,1
5080,1
5294,1
8857,0
10024,1
4927,0
5120,1
2791,1
9187,1
6366,0
6176,1
1318,0
9260,0
8080,0
1554,0
2718,1
8703,0
5538,0
1006,0
10658,0
6915,1
1882,0
2699,1
10176,0
7106,1
6097,0
3634,1
3920,0
3453,1
6645,0
10885,1
4500,1
7612,0
1903,1
2581,1
9074,0
1855,1
10310,0
9122,1
10761,1
4081,0
10739,1
8364,0
1039,1
8975,0
7828,1
4864,1
4438,1
3735,0
5006,1
2696,1
1023,0
5609,1
10023,0
3439,0
5440,0
3111,1
9901,1
6452,1
928,0
1112,1
2050,1
7376,1
5658,1
10765,1
3949,1
1728,1
778,1
945,1
7677,0
9928,1
2668,0
6108,0
4755,1
2110,1
5923,1
4088,1
891,0
3362,0
7066,0
381,1
9570,1
1332,1
10161,0
6271,1
2030,0
7181,0
7804,0
1271,0
3253,1
7282,0
5285,0
2227,1
4914,1
6831,1
1512,0
10599,0
459,0
6818,0
6087,1
1040,1
3193,0
5594,1
2917,1
7286,1
3109,1
10471,0
4786,0
8582,1
10165,1
3567,1
9923,1
9178,0
9435,1
9007,1
10585,1
4777,0
1080,1
7590,0
389,0
3584,0
881,1
5882,0
641,0
8407,1
148,1
3514,0
7919,1
1435,1
2646,0
10832,1
1708,1
5501,1
2386,0
6748,0
1698,0
2934,0
525,1
2507,1
2813,1
3401,0
300,1
6147,0
1995,0
3220,0
85,0
5083,1
7816,0
9829,1
2896,0
3911,1
9312,1
5815,1
10973,0
3529,1
3309,1
5451,1
6140,0
8307,0
10989,1
7253,0
5837,1
2178,1
2274,0
251,0
5033,1
1437,0
7222,0
10490,0
10696,0
8843,0
7350,1
9382,1
9146,1
1355,1
3576,0
4803,0
6261,1
6647,0
9610,1
1990,1
4205,0
2445,1
2296,1
5208,0
9916,1
6474,0
8965,0
776,1
2980,1
7480,1
7684,1
10968,0
10276,1
5813,1
4917,0
3178,0
2846,1
9437,1
7088,0
9340,0
6824,0
7212,0
7572,0
3639,1
3119,0
9109,1
4911,0
6732,0
2015,1
10058,1
5742,1
8284,0
9844,0
6359,1
6622,0
10242,1
3859,1
9511,1
120,1
7814,0
9635,1
5984,0
10841,1
9249,1
171,1
5464,1
17,0
7908,1
7326,0
9952,0
1062,0
8057,1
3423,0
9438,0
663,1
6434,1
3619,1
3775,1
1725,1
2549,1
107,0
9253,1
3006,0
8134,1
6471,0
1211,0
7184,1
10912,1
4608,0
4371,0
5604,0
441,0
9709,1
2674,1
10609,1
2743,1
46,1
9908,0
6926,1
5299,1
3491,0
8781,1
2287,1
3316,1
3284,0
9347,1
2191,1
9593,1
6467,1
4436,1
6742,0
2187,1
2147,1
1097,0
9117,1
4939,1
7288,1
3410,1
352,0
5639,0
6607,0
4372,1
10358,1
1901,0
5350,1
3399,1
4374,1
6455,0
5333,0
2619,1
671,1
5869,1
965,1
10120,1
1045,1
2778,0
2032,1
9546,0
2505,1
8523,1
27,1
10537,1
3274,0
10941,1
1696,1
8145,0
5354,1
9121,0
237,1
3093,1
10833,0
6650,0
2063,1
2567,0
2003,0
6728,1
6336,1
4460,1
6623,1
2078,1
747,0
3919,1
8013,1
9129,1
6263,0
2389,1
1967,1
411,1
7554,1
3649,0
2836,1
2827,0
1905,0
5988,1
3052,1
2417,1
8543,1
370,1
6912,1
2263,1
1562,0
7963,1
5888,1
731,0
5090,1
2860,0
89,0
2314,0
5282,1
1966,0
8988,1
7056,1
6857,0
6833,0
1286,0
3961,0
9238,0
8849,0
7463,1
10069,0
3871,0
5822,0
4683,0
7419,0
3404,0
6133,0
5850,1
2837,1
7932,1
4518,1
2286,1
875,1
4949,1
5722,1
8817,0
3801,0
2181,0
6276,0
9048,0
1208,1
10896,0
59,0
10106,1
8125,0
7114,1
1360,0
4778,1
8916,0
9264,0
1617,0
6419,0
8105,0
10280,1
8628,1
2927,1
8345,1
2679,1
6198,1
10951,1
10576,1
2195,0
3429,0
8480,0
5695,1
1021,1
4421,1
3860,1
6693,1
3468,1
10938,1
3539,1
9399,0
2302,0
4062,0
6045,1
3227,0
8958,1
6652,1
5326,1
4613,1
10402,0
374,0
5897,0
3391,1
3251,1
7044,1
8224,1
3322,0
4417,1
1954,0
5215,1
10771,1
5476,1
3367,1
4783,1
5138,1
1385,0
9564,1
6007,0
1680,0
2652,1
7417,1
8826,0
124,0
4040,1
6594,0
3475,0
3113,1
3075,0
9024,0
4523,0
10064,1
8016,0
10773,1
3947,1
7868,0
6741,1
7704,0
7131,1
10385,0
9953,1
4314,1
1603,1
1657,1
1517,0
1937,1
8247,0
1900,1
10714,0
9107,1
8584,1
3101,1
6725,0
9465,0
9100,0
1343,1
3746,1
1455,1
7512,1
4150,0
546,1
8862,0
10721,1
7119,0
2317,1
4319,1
5907,0
3675,1
1750,0
6213,1
7646,0
2992,1
4559,0
5952,1
2611,0
3912,1
5556,0
9500,1
9627,0
3815,0
8691,1
4980,0
2706,1
2862,0
6438,0
7357,1
7022,0
4102,1
4023,1
5668,0
515,0
2,0
10498,0
3857,0
10809,1
896,0
7515,1
3710,0
2298,1
3351,0
7777,1
7159,1
4481,1
10512,0
5643,0
10251,0
2533,1
8635,1
4948,1
524,1
7152,1
5331,1
5906,1
5515,0
4996,1
8609,0
1991,1
369,0
3865,1
138,0
9887,1
9684,1
9416,1
2098,1
5029,1
7248,0
1269,1
8078,0
8467,1
7962,0
5298,1
5300,1
8128,0
10587,0
3479,1
373,1
1825,1
8457,1
4304,0
9875,0
6353,0
7637,1
2664,1
5980,1
6356,0
4981,0
9409,1
1597,0
4587,1
1614,0
6841,0
7459,1
2393,1
548,1
7876,1
7470,1
2387,0
10569,1
9309,1
3420,1
6180,0
3759,1
7386,0
4136,0
254,0
1077,0
1213,0
7973,1
3470,0
4582,0
4588,1
9577,1
5295,1
1168,0
5382,0
2795,1
8220,1
10756,1
8208,1
3573,0
3437,1
10121,1
8564,1
790,0
5408,1
1608,1
1907,1
6142,1
8891,1
704,0
2892,0
10625,1
3051,0
1955,1
4349,1
1538,1
1442,1
10116,1
1671,1
9858,1
7688,1
1598,1
3599,1
5236,1
8633,1
1450,1
9068,0
5463,1
5110,1
735,0
3563,0
5551,0
10017,0
10804,0
3142,1
4114,1
9663,1
10059,0
1793,1
761,1
5750,1
6119,1
6798,0
1065,0
10297,0
1660,1
5370,1
9325,1
8410,1
1692,1
10127,1
7707,0
9695,1
1807,1
4603,1
10748,1
9876,0
3797,1
8426,1
5474,0
7867,1
4133,1
6332,0
3497,1
9898,0
6292,0
10431,0
7532,1
164,0
3002,1
3559,1
3617,0
10435,0
10300,0
9919,1
4714,0
10937,1
7978,0
9161,1
8680,1
8333,1
8905,1
5877,1
4508,0
8841,0
4054,1
4128,0
7111,1
79,1
5945,0
6414,1
1282,0
7850,1
8032,1
9957,0
4898,1
4400,1
7648,0
810,1
3246,0
8733,0
5067,0
6567,1
3384,0
6552,0
64,1
7486,1
10538,1
8842,0
10231,1
5144,1
10253,0
8444,1
1197,0
1194,1
8329,0
3611,0
6237,1
1479,0
6653,1
1782,1
677,0
8349,0
9289,1
7761,0
1968,0
5078,1
2333,1
9603,1
7557,1
5566,0
2230,1
10443,0
1098,0
1697,1
10289,0
10913,1
5488,0
3623,1
7659,1
6923,1
7079,0
744,0
10136,1
6982,1
9263,1
1172,1
4773,0
5279,1
4094,0
1653,0
1587,1
9196,1
1011,0
3374,0
6067,1
5648,1
6289,1
7490,1
2891,0
9789,0
7228,1
6089,0
9149,0
2156,0
4828,1
8034,0
1962,0
326,0
7812,1
8741,1
1783,0
1651,1
1520,1
4576,1
4029,0
652,0
5755,0
11013,1
5659,0
380,1
3480,0
4418,0
1357,0
3444,0
1487,1
2167,1
6735,1
4513,0
5789,0
1022,0
10650,1
8035,1
6437,1
7582,0
8342,1
5277,1
7856,0
6930,1
1265,0
798,1
9574,1
10062,1
5467,0
864,0
2170,0
2678,0
4036,1
3970,0
9692,1
5534,0
3886,1
5777,1
3846,1
6941,0
3346,1
50,0
1927,0
6099,0
4585,0
293,0
4920,0
4554,0
5,1
9361,1
6003,1
1298,1
7487,1
6632,0
8981,1
10163,0
4817,1
6060,1
364,1
2132,0
1731,0
4987,1
10958,0
8547,1
7236,0
632,1
2392,1
9522,0
8704,0
6038,1
6887,0
10564,1
5430,1
7268,0
10751,0
858,0
5227,1
3595,1
506,1
7331,1
1122,0
9339,1
1094,0
132,0
8484,1
3026,1
10142,1
1853,0
4448,1
10703,0
3000,1
3004,1
3995,1
9578,1
1609,1
606,1
7456,0
5814,1
7279,0
9498,1
1553,1
5259,1
7281,1
5655,1
4483,1
9620,1
6400,1
3069,0
7479,1
3386,0
7896,0
10722,0
9462,1
5081,0
2168,0
406,1
3991,1
239,0
3432,0
5266,0
6688,1
5614,1
10922,0
1629,0
683,0
2340,1
5345,1
5022,0
3923,1
7353,0
10504,1
246,0
711,0
1508,1
7504,0
5720,1
3979,0
301,0
7717,1
8280,0
2133,1
1727,1
10635,0
3257,1
10034,1
8470,1
3091,0
439,1
5873,1
5802,0
3609,1
4390,0
4017,0
9375,0
1195,1
361,0
3350,1
668,0
8728,0
10013,1
3007,0
1975,0
265,1
4352,0
3688,1
3105,1
3829,1
7395,0
6019,1
4435,1
2411,0
9345,0
3741,0
6103,1
622,0
2118,1
104,1
2330,0
4637,0
5665,0
2954,0
3692,0
10762,0
694,0
9308,1
7477,0
5913,0
8629,1
7721,1
7672,0
1320,1
4055,0
5826,1
8314,1
532,0
5940,1
703,0
7765,1
1426,0
9590,1
2442,0
7070,1
1294,0
3419,0
8092,0
10184,0
7179,0
5280,1
10376,0
3055,0
2262,0
7699,1
8369,0
7994,0
6687,0
5500,0
7312,1
7786,0
6962,1
452,0
6530,1
6391,1
7511,0
6328,1
2968,0
7048,0
5482,1
339,1
3154,0
227,1
4030,1
2483,1
2235,0
5062,0
3824,1
8210,0
6008,0
7481,0
4455,1
9731,0
10362,0
6778,1
6972,1
5794,0
4631,1
3907,0
6690,1
9691,1
67,0
345,1
10252,1
1976,1
9551,1
7367,1
9378,1
7207,1
7837,0
4915,0
10156,0
9483,0
6325,0
3906,0
10571,0
8648,0
4268,0
5048,1
1627,1
9719,1
8419,0
10892,0
2633,1
8800,1
2748,0
8048,1
2995,0
4395,0
5788,0
6469,0
430,1
4439,1
3493,1
7425,1
5516,1
8625,0
1233,1
10657,1
6006,1
5844,1
9799,1
1245,0
3327,0
8030,1
9950,1
10965,1
2233,0
6860,1
8643,0
619,1
2278,0
10088,1
7136,1
754,1
660,0
9515,0
3874,1
9290,1
5715,1
7000,0
10301,1
4383,1
1212,0
7708,1
9770,0
5218,1
2610,1
9680,1
7397,1
3128,0
11010,1
6880,0
4028,0
23,1
9128,0
3250,1
3430,0
8299,0
6731,1
10986,0
5732,0
6226,1
7171,1
8811,0
10036,0
2832,1
2423,1
4906,0
1389,1
7068,1
6708,1
2345,0
797,0
7895,1
3574,1
4475,1
1631,1
1883,1
8594,1
5131,0
9108,0
1305,1
6864,0
3192,0
7912,1
7584,1
6613,0
10039,0
8969,0
1762,0
8915,0
5284,0
5306,1
9323,1
2882,0
10895,1
6991,1
2786,0
4870,1
10398,0
8829,0
2013,1
2683,1
6195,1
3659,1
4346,1
9134,0
9720,0
11015,0
9488,0
4824,1
9913,1
6568,0
2900,0
2470,1
5454,1
8206,0
9586,1
5000,1
10862,1
7778,1
10072,0
9388,0
6538,0
3596,0
2548,1
348,1
1439,1
146,0
4457,1
9389,1
8537,1
511,1
753,0
3306,1
1103,0
3086,0
5718,0
9767,0
4953,1
8083,0
4715,0
8076,1
7563,0
3631,0
1669,0
7127,1
2101,1
695,0
7057,1
6944,0
10207,0
7847,1
4742,1
8652,0
4317,1
7427,1
4894,0
8788,0
8619,0
9685,1
643,0
6569,1
687,0
3484,0
5798,0
8315,1
1841,1
7888,1
2175,0
10636,1
5234,1
8960,1
675,1
8839,0
6922,0
4928,1
800,0
3546,1
739,1
7710,1
4348,1
1817,1
8626,1
6856,0
8167,0
9654,1
5066,1
10478,1
2768,0
5360,0
5774,0
9358,0
10319,1
1384,0
4339,1
4248,1
1005,0
4398,1
5392,1
6042,0
4463,0
11030,0
10497,0
2770,0
8890,1
736,1
4919,0
10560,1
9598,1
8366,0
769,0
3600,1
9313,0
6519,1
7448,1
8072,0
6307,1
2306,0
9486,1
10134,0
9491,1
8758,0
62,1
10016,1
10123,1
2889,1
5281,0
554,1
8557,1
1148,0
5824,0
6527,0
1826,1
10810,1
4156,1
9436,1
4340,0
7405,0
726,0
890,1
7209,1
4444,1
3144,1
7466,1
4480,0
7538,0
4696,0
1073,1
2665,1
5746,0
2355,1
8613,0
3221,0
4841,0
3458,1
2958,1
4720,0
5666,1
5679,1
9171,0
7440,1
118,1
2517,0
9036,0
2352,0
5049,1
9874,1
2265,0
3216,1
10793,0
10143,0
9267,1
3225,1
3400,0
3793,0
2845,0
9423,1
6911,1
2666,1
6130,0
2926,0
9964,1
4811,0
10238,1
10451,0
6166,0
8746,0
1157,1
3985,1
214,1
8469,1
477,0
1376,1
10964,1
4322,1
3922,1
9152,0
2755,1
2114,1
5537,1
3285,1
8799,0
10322,1
5590,1
6091,1
5806,0
7735,1
7603,0
2154,0
8011,1
8993,0
1142,0
2409,0
3864,1
7454,0
9576,1
9897,1
77,1
5072,0
10598,0
7213,1
897,1
5185,1
7951,1
6514,1
4038,1
8700,1
9828,1
7722,0
7241,0
6373,1
7116,1
10607,1
4888,1
